"Key","Item Type","Publication Year","Author","Title","Publication Title","ISBN","ISSN","DOI","Url","Abstract Note","Date","Date Added","Date Modified","Access Date","Pages","Num Pages","Issue","Volume","Number Of Volumes","Journal Abbreviation","Short Title","Series","Series Number","Series Text","Series Title","Publisher","Place","Language","Rights","Type","Archive","Archive Location","Library Catalog","Call Number","Extra","Notes","File Attachments","Link Attachments","Manual Tags","Automatic Tags","Editor","Series Editor","Translator","Contributor","Attorney Agent","Book Author","Cast Member","Commenter","Composer","Cosponsor","Counsel","Interviewer","Producer","Recipient","Reviewed Author","Scriptwriter","Words By","Guest","Number","Edition","Running Time","Scale","Medium","Artwork Size","Filing Date","Application Number","Assignee","Issuing Authority","Country","Meeting Name","Conference Name","Court","References","Reporter","Legal Status","Priority Numbers","Programming Language","Version","System","Code","Code Number","Section","Session","Committee","History","Legislative Body"
"VAEADDH6","conferencePaper","2011","","A computational model of ant nest morphogenesis","ECAL 2011: The 11th European Conference on Artificial                     Life","","","10.7551/978-0-262-29714-1-ch061","https://direct.mit.edu/isal/article-abstract/doi/10.7551/978-0-262-29714-1-ch061","","2011","2024-04-14 04:29:42","2024-04-14 04:29:42","2024-04-14 04:29:41","","","","","","","","","","","","MIT Press","","","","","","","DOI.org (Crossref)","","","","C:\Users\User\Documents\99_Papers\_\2011_A computational model of ant nest morphogenesis.pdf","","","","","","","","","","","","","","","","","","","","","","","","","","","","","","","","","","ECAL 2011: The 11th European Conference on Artificial                     Life","","","","","","","","","","","","","","",""
"TE2TPC8I","conferencePaper","2011","","Multi-Agent systems and heterogeneous scales interactions. Application to pharmacokinetics of Vitamin K antagonists","ECAL 2011: The 11th European Conference on Artificial                     Life","","","10.7551/978-0-262-29714-1-ch069","https://direct.mit.edu/isal/article-abstract/doi/10.7551/978-0-262-29714-1-ch069","","2011","2024-04-14 04:29:42","2024-04-14 04:29:42","2024-04-14 04:29:41","","","","","","","","","","","","MIT Press","","","","","","","DOI.org (Crossref)","","","","C:\Users\User\Documents\99_Papers\_\2011_Multi-Agent systems and heterogeneous scales interactions.pdf","","","","","","","","","","","","","","","","","","","","","","","","","","","","","","","","","","ECAL 2011: The 11th European Conference on Artificial                     Life","","","","","","","","","","","","","","",""
"8N6YXI2B","conferencePaper","2011","","Genetic transposition inspired incremental genetic programming for efficient coevolution of locomotion and sensing of simulated snake-like robot","ECAL 2011: The 11th European Conference on Artificial                     Life","","","10.7551/978-0-262-29714-1-ch068","https://direct.mit.edu/isal/article-abstract/doi/10.7551/978-0-262-29714-1-ch068","","2011","2024-04-14 04:29:42","2024-04-14 04:29:42","2024-04-14 04:29:41","","","","","","","","","","","","MIT Press","","","","","","","DOI.org (Crossref)","","","","C:\Users\User\Documents\99_Papers\_\2011_Genetic transposition inspired incremental genetic programming for efficient.pdf","","","","","","","","","","","","","","","","","","","","","","","","","","","","","","","","","","ECAL 2011: The 11th European Conference on Artificial                     Life","","","","","","","","","","","","","","",""
"27WVKGIN","conferencePaper","2011","","Artificial organelle for energy production in artificial cell","ECAL 2011: The 11th European Conference on Artificial                     Life","","","10.7551/978-0-262-29714-1-ch067","https://direct.mit.edu/isal/article-abstract/doi/10.7551/978-0-262-29714-1-ch067","","2011","2024-04-14 04:29:42","2024-04-14 04:29:42","2024-04-14 04:29:41","","","","","","","","","","","","MIT Press","","","","","","","DOI.org (Crossref)","","","","C:\Users\User\Documents\99_Papers\_\2011_Artificial organelle for energy production in artificial cell.pdf","","","","","","","","","","","","","","","","","","","","","","","","","","","","","","","","","","ECAL 2011: The 11th European Conference on Artificial                     Life","","","","","","","","","","","","","","",""
"LLGNWHSP","conferencePaper","2011","","Ecohydrologic and biogeochemical process networks in forest ecosystems in monsoon east asia: Identification and interpretation","ECAL 2011: The 11th European Conference on Artificial                     Life","","","10.7551/978-0-262-29714-1-ch062","https://direct.mit.edu/isal/article-abstract/doi/10.7551/978-0-262-29714-1-ch062","","2011","2024-04-14 04:29:42","2024-04-14 04:29:42","2024-04-14 04:29:41","","","","","","","Ecohydrologic and biogeochemical process networks in forest ecosystems in monsoon east asia","","","","","MIT Press","","","","","","","DOI.org (Crossref)","","","","C:\Users\User\Documents\99_Papers\_\2011_Ecohydrologic and biogeochemical process networks in forest ecosystems in.pdf","","","","","","","","","","","","","","","","","","","","","","","","","","","","","","","","","","ECAL 2011: The 11th European Conference on Artificial                     Life","","","","","","","","","","","","","","",""
"S962J7G4","conferencePaper","2011","","Evolutionary dynamics of GAs in a simple model with dynamical environment and neutrality","ECAL 2011: The 11th European Conference on Artificial                     Life","","","10.7551/978-0-262-29714-1-ch059","https://direct.mit.edu/isal/article-abstract/doi/10.7551/978-0-262-29714-1-ch059","","2011","2024-04-14 04:29:42","2024-04-14 04:29:42","2024-04-14 04:29:41","","","","","","","","","","","","MIT Press","","","","","","","DOI.org (Crossref)","","","","C:\Users\User\Documents\99_Papers\_\2011_Evolutionary dynamics of GAs in a simple model with dynamical environment and.pdf","","","","","","","","","","","","","","","","","","","","","","","","","","","","","","","","","","ECAL 2011: The 11th European Conference on Artificial                     Life","","","","","","","","","","","","","","",""
"AA4T8DFZ","conferencePaper","2011","","Energy as a driver of diversity in open-ended evolution","ECAL 2011: The 11th European Conference on Artificial                     Life","","","10.7551/978-0-262-29714-1-ch055","https://direct.mit.edu/isal/article-abstract/doi/10.7551/978-0-262-29714-1-ch055","","2011","2024-04-14 04:29:42","2024-04-14 04:29:42","2024-04-14 04:29:41","","","","","","","","","","","","MIT Press","","","","","","","DOI.org (Crossref)","","","","C:\Users\User\Documents\99_Papers\_\2011_Energy as a driver of diversity in open-ended evolution.pdf","","","","","","","","","","","","","","","","","","","","","","","","","","","","","","","","","","ECAL 2011: The 11th European Conference on Artificial                     Life","","","","","","","","","","","","","","",""
"PT3ZIR6P","conferencePaper","2011","","Bondable cellular automata","ECAL 2011: The 11th European Conference on Artificial                     Life","","","10.7551/978-0-262-29714-1-ch051","https://direct.mit.edu/isal/article-abstract/doi/10.7551/978-0-262-29714-1-ch051","","2011","2024-04-14 04:29:42","2024-04-14 04:29:42","2024-04-14 04:29:41","","","","","","","","","","","","MIT Press","","","","","","","DOI.org (Crossref)","","","","C:\Users\User\Documents\99_Papers\_\2011_Bondable cellular automata.pdf","","","","","","","","","","","","","","","","","","","","","","","","","","","","","","","","","","ECAL 2011: The 11th European Conference on Artificial                     Life","","","","","","","","","","","","","","",""
"QVHCZIY8","conferencePaper","2011","","Why aren't protein residue networks smaller worlds?","ECAL 2011: The 11th European Conference on Artificial                     Life","","","10.7551/978-0-262-29714-1-ch060","https://direct.mit.edu/isal/article-abstract/doi/10.7551/978-0-262-29714-1-ch060","","2011","2024-04-14 04:29:42","2024-04-14 04:29:42","2024-04-14 04:29:41","","","","","","","","","","","","MIT Press","","","","","","","DOI.org (Crossref)","","","","C:\Users\User\Documents\99_Papers\_\2011_Why aren't protein residue networks smaller worlds.pdf","","","","","","","","","","","","","","","","","","","","","","","","","","","","","","","","","","ECAL 2011: The 11th European Conference on Artificial                     Life","","","","","","","","","","","","","","",""
"23ZMB2J7","conferencePaper","2011","","Social learning and evolution in a structured environment","ECAL 2011: The 11th European Conference on Artificial                     Life","","","10.7551/978-0-262-29714-1-ch058","https://direct.mit.edu/isal/article-abstract/doi/10.7551/978-0-262-29714-1-ch058","","2011","2024-04-14 04:29:42","2024-04-14 04:29:42","2024-04-14 04:29:41","","","","","","","","","","","","MIT Press","","","","","","","DOI.org (Crossref)","","","","C:\Users\User\Documents\99_Papers\_\2011_Social learning and evolution in a structured environment.pdf","","","","","","","","","","","","","","","","","","","","","","","","","","","","","","","","","","ECAL 2011: The 11th European Conference on Artificial                     Life","","","","","","","","","","","","","","",""
"9P7LCX4I","conferencePaper","2011","","Simulation of cell-like self-replication phenomenon in a two-dimensional hybrid-cellular automata model","ECAL 2011: The 11th European Conference on Artificial                     Life","","","10.7551/978-0-262-29714-1-ch057","https://direct.mit.edu/isal/article-abstract/doi/10.7551/978-0-262-29714-1-ch057","","2011","2024-04-14 04:29:42","2024-04-14 04:29:42","2024-04-14 04:29:41","","","","","","","","","","","","MIT Press","","","","","","","DOI.org (Crossref)","","","","C:\Users\User\Documents\99_Papers\_\2011_Simulation of cell-like self-replication phenomenon in a two-dimensional.pdf","","","","","","","","","","","","","","","","","","","","","","","","","","","","","","","","","","ECAL 2011: The 11th European Conference on Artificial                     Life","","","","","","","","","","","","","","",""
"GK6G39H7","conferencePaper","2011","","Autonomy of the internet: Complexity of flow dynamics in a packet switching network","ECAL 2011: The 11th European Conference on Artificial                     Life","","","10.7551/978-0-262-29714-1-ch056","https://direct.mit.edu/isal/article-abstract/doi/10.7551/978-0-262-29714-1-ch056","","2011","2024-04-14 04:29:42","2024-04-14 04:29:42","2024-04-14 04:29:41","","","","","","","Autonomy of the internet","","","","","MIT Press","","","","","","","DOI.org (Crossref)","","","","C:\Users\User\Documents\99_Papers\_\2011_Autonomy of the internet.pdf","","","","","","","","","","","","","","","","","","","","","","","","","","","","","","","","","","ECAL 2011: The 11th European Conference on Artificial                     Life","","","","","","","","","","","","","","",""
"R2DZSKMQ","conferencePaper","2011","","Computational modeling of online reaching","ECAL 2011: The 11th European Conference on Artificial                     Life","","","10.7551/978-0-262-29714-1-ch054","https://direct.mit.edu/isal/article-abstract/doi/10.7551/978-0-262-29714-1-ch054","","2011","2024-04-14 04:29:42","2024-04-14 04:29:42","2024-04-14 04:29:41","","","","","","","","","","","","MIT Press","","","","","","","DOI.org (Crossref)","","","","C:\Users\User\Documents\99_Papers\_\2011_Computational modeling of online reaching.pdf","","","","","","","","","","","","","","","","","","","","","","","","","","","","","","","","","","ECAL 2011: The 11th European Conference on Artificial                     Life","","","","","","","","","","","","","","",""
"L6Q8DUW6","conferencePaper","2011","","A gene regulatory network design of a synchronous single-input delay flip-flop","ECAL 2011: The 11th European Conference on Artificial                     Life","","","10.7551/978-0-262-29714-1-ch053","https://direct.mit.edu/isal/article-abstract/doi/10.7551/978-0-262-29714-1-ch053","","2011","2024-04-14 04:29:42","2024-04-14 04:29:42","2024-04-14 04:29:41","","","","","","","","","","","","MIT Press","","","","","","","DOI.org (Crossref)","","","","C:\Users\User\Documents\99_Papers\_\2011_A gene regulatory network design of a synchronous single-input delay flip-flop.pdf","","","","","","","","","","","","","","","","","","","","","","","","","","","","","","","","","","ECAL 2011: The 11th European Conference on Artificial                     Life","","","","","","","","","","","","","","",""
"QMJM9NAC","conferencePaper","2011","","Embodied genomes and metaprogramming","ECAL 2011: The 11th European Conference on Artificial                     Life","","","10.7551/978-0-262-29714-1-ch052","https://direct.mit.edu/isal/article-abstract/doi/10.7551/978-0-262-29714-1-ch052","","2011","2024-04-14 04:29:42","2024-04-14 04:29:42","2024-04-14 04:29:41","","","","","","","","","","","","MIT Press","","","","","","","DOI.org (Crossref)","","","","C:\Users\User\Documents\99_Papers\_\2011_Embodied genomes and metaprogramming.pdf","","","","","","","","","","","","","","","","","","","","","","","","","","","","","","","","","","ECAL 2011: The 11th European Conference on Artificial                     Life","","","","","","","","","","","","","","",""
"2BYU277H","conferencePaper","2011","","Global structure of directed networks emerging from a category theoretical formulation of the idea ""Objects as processes, interactions as interfaces""","ECAL 2011: The 11th European Conference on Artificial                     Life","","","10.7551/978-0-262-29714-1-ch049","https://direct.mit.edu/isal/article-abstract/doi/10.7551/978-0-262-29714-1-ch049","","2011","2024-04-14 04:29:42","2024-04-14 04:29:42","2024-04-14 04:29:41","","","","","","","","","","","","MIT Press","","","","","","","DOI.org (Crossref)","","","","C:\Users\User\Documents\99_Papers\_\2011_Global structure of directed networks emerging from a category theoretical.pdf","","","","","","","","","","","","","","","","","","","","","","","","","","","","","","","","","","ECAL 2011: The 11th European Conference on Artificial                     Life","","","","","","","","","","","","","","",""
"A2KBQ79J","conferencePaper","2011","","Embodied swarming based on back propagation through time shows water- crossing, hourglass and logic-gate behaviors","ECAL 2011: The 11th European Conference on Artificial                     Life","","","10.7551/978-0-262-29714-1-ch047","https://direct.mit.edu/isal/article-abstract/doi/10.7551/978-0-262-29714-1-ch047","","2011","2024-04-14 04:29:42","2024-04-14 04:29:42","2024-04-14 04:29:41","","","","","","","","","","","","MIT Press","","","","","","","DOI.org (Crossref)","","","","C:\Users\User\Documents\99_Papers\_\2011_Embodied swarming based on back propagation through time shows water- crossing,.pdf","","","","","","","","","","","","","","","","","","","","","","","","","","","","","","","","","","ECAL 2011: The 11th European Conference on Artificial                     Life","","","","","","","","","","","","","","",""
"Z63QWJHG","conferencePaper","2011","","EcoSim: an individual-based platform for studying evolution","ECAL 2011: The 11th European Conference on Artificial                     Life","","","10.7551/978-0-262-29714-1-ch045","https://direct.mit.edu/isal/article-abstract/doi/10.7551/978-0-262-29714-1-ch045","","2011","2024-04-14 04:29:42","2024-04-14 04:29:42","2024-04-14 04:29:41","","","","","","","EcoSim","","","","","MIT Press","","","","","","","DOI.org (Crossref)","","","","C:\Users\User\Documents\99_Papers\_\2011_EcoSim.pdf","","","","","","","","","","","","","","","","","","","","","","","","","","","","","","","","","","ECAL 2011: The 11th European Conference on Artificial                     Life","","","","","","","","","","","","","","",""
"QEYM9IRE","conferencePaper","2011","","Clever creatures: Case studies of evolved digital organisms","ECAL 2011: The 11th European Conference on Artificial                     Life","","","10.7551/978-0-262-29714-1-ch044","https://direct.mit.edu/isal/article-abstract/doi/10.7551/978-0-262-29714-1-ch044","","2011","2024-04-14 04:29:42","2024-04-14 04:29:42","2024-04-14 04:29:41","","","","","","","Clever creatures","","","","","MIT Press","","","","","","","DOI.org (Crossref)","","","","C:\Users\User\Documents\99_Papers\_\2011_Clever creatures.pdf","","","","","","","","","","","","","","","","","","","","","","","","","","","","","","","","","","ECAL 2011: The 11th European Conference on Artificial                     Life","","","","","","","","","","","","","","",""
"GHRENZ66","conferencePaper","2011","","Opening stable doors: complexity and stability in nonlinear systems","ECAL 2011: The 11th European Conference on Artificial                     Life","","","10.7551/978-0-262-29714-1-ch050","https://direct.mit.edu/isal/article-abstract/doi/10.7551/978-0-262-29714-1-ch050","","2011","2024-04-14 04:29:42","2024-04-14 04:29:42","2024-04-14 04:29:41","","","","","","","Opening stable doors","","","","","MIT Press","","","","","","","DOI.org (Crossref)","","","","C:\Users\User\Documents\99_Papers\_\2011_Opening stable doors.pdf","","","","","","","","","","","","","","","","","","","","","","","","","","","","","","","","","","ECAL 2011: The 11th European Conference on Artificial                     Life","","","","","","","","","","","","","","",""
"M3A43T36","conferencePaper","2011","","Explaining emergent behavior in a swarm system based on an inversion of the fluctuation theorem","ECAL 2011: The 11th European Conference on Artificial                     Life","","","10.7551/978-0-262-29714-1-ch048","https://direct.mit.edu/isal/article-abstract/doi/10.7551/978-0-262-29714-1-ch048","","2011","2024-04-14 04:29:42","2024-04-14 04:29:42","2024-04-14 04:29:41","","","","","","","","","","","","MIT Press","","","","","","","DOI.org (Crossref)","","","","C:\Users\User\Documents\99_Papers\_\2011_Explaining emergent behavior in a swarm system based on an inversion of the.pdf","","","","","","","","","","","","","","","","","","","","","","","","","","","","","","","","","","ECAL 2011: The 11th European Conference on Artificial                     Life","","","","","","","","","","","","","","",""
"VKL92GW7","conferencePaper","2011","","Promoting meme diversity and transmission fidelity in artificial proto-cultures","ECAL 2011: The 11th European Conference on Artificial                     Life","","","10.7551/978-0-262-29714-1-ch046","https://direct.mit.edu/isal/article-abstract/doi/10.7551/978-0-262-29714-1-ch046","","2011","2024-04-14 04:29:42","2024-04-14 04:29:42","2024-04-14 04:29:41","","","","","","","","","","","","MIT Press","","","","","","","DOI.org (Crossref)","","","","C:\Users\User\Documents\99_Papers\_\2011_Promoting meme diversity and transmission fidelity in artificial proto-cultures.pdf","","","","","","","","","","","","","","","","","","","","","","","","","","","","","","","","","","ECAL 2011: The 11th European Conference on Artificial                     Life","","","","","","","","","","","","","","",""
"QQTD872V","conferencePaper","2011","","Non-template molecules designed for open-ended evolution","ECAL 2011: The 11th European Conference on Artificial                     Life","","","10.7551/978-0-262-29714-1-ch043","https://direct.mit.edu/isal/article-abstract/doi/10.7551/978-0-262-29714-1-ch043","","2011","2024-04-14 04:29:42","2024-04-14 04:29:42","2024-04-14 04:29:41","","","","","","","","","","","","MIT Press","","","","","","","DOI.org (Crossref)","","","","C:\Users\User\Documents\99_Papers\_\2011_Non-template molecules designed for open-ended evolution.pdf","","","","","","","","","","","","","","","","","","","","","","","","","","","","","","","","","","ECAL 2011: The 11th European Conference on Artificial                     Life","","","","","","","","","","","","","","",""
"DWP328KX","conferencePaper","2011","","On computations and strategies for real and artificial systems","ECAL 2011: The 11th European Conference on Artificial                     Life","","","10.7551/978-0-262-29714-1-ch042","https://direct.mit.edu/isal/article-abstract/doi/10.7551/978-0-262-29714-1-ch042","","2011","2024-04-14 04:29:42","2024-04-14 04:29:42","2024-04-14 04:29:41","","","","","","","","","","","","MIT Press","","","","","","","DOI.org (Crossref)","","","","C:\Users\User\Documents\99_Papers\_\2011_On computations and strategies for real and artificial systems.pdf","","","","","","","","","","","","","","","","","","","","","","","","","","","","","","","","","","ECAL 2011: The 11th European Conference on Artificial                     Life","","","","","","","","","","","","","","",""
"7R22HNNM","conferencePaper","2011","","Urdar - an artificial ecology platform","ECAL 2011: The 11th European Conference on Artificial                     Life","","","10.7551/978-0-262-29714-1-ch041","https://direct.mit.edu/isal/article-abstract/doi/10.7551/978-0-262-29714-1-ch041","","2011","2024-04-14 04:29:42","2024-04-14 04:29:42","2024-04-14 04:29:41","","","","","","","","","","","","MIT Press","","","","","","","DOI.org (Crossref)","","","","C:\Users\User\Documents\99_Papers\_\2011_Urdar - an artificial ecology platform.pdf","","","","","","","","","","","","","","","","","","","","","","","","","","","","","","","","","","ECAL 2011: The 11th European Conference on Artificial                     Life","","","","","","","","","","","","","","",""
"RJT7DD4T","conferencePaper","2011","","Life as a process of open-ended becoming: Analysis of a minimal model","ECAL 2011: The 11th European Conference on Artificial                     Life","","","10.7551/978-0-262-29714-1-ch040","https://direct.mit.edu/isal/article-abstract/doi/10.7551/978-0-262-29714-1-ch040","","2011","2024-04-14 04:29:42","2024-04-14 04:29:42","2024-04-14 04:29:41","","","","","","","Life as a process of open-ended becoming","","","","","MIT Press","","","","","","","DOI.org (Crossref)","","","","C:\Users\User\Documents\99_Papers\_\2011_Life as a process of open-ended becoming.pdf","","","","","","","","","","","","","","","","","","","","","","","","","","","","","","","","","","ECAL 2011: The 11th European Conference on Artificial                     Life","","","","","","","","","","","","","","",""
"6DCGTLQW","conferencePaper","2011","","A complex systems approach to education in Switzerland","ECAL 2011: The 11th European Conference on Artificial                     Life","","","10.7551/978-0-262-29714-1-ch039","https://direct.mit.edu/isal/article-abstract/doi/10.7551/978-0-262-29714-1-ch039","","2011","2024-04-14 04:29:42","2024-04-14 04:29:42","2024-04-14 04:29:41","","","","","","","","","","","","MIT Press","","","","","","","DOI.org (Crossref)","","","","C:\Users\User\Documents\99_Papers\_\2011_A complex systems approach to education in Switzerland.pdf","","","","","","","","","","","","","","","","","","","","","","","","","","","","","","","","","","ECAL 2011: The 11th European Conference on Artificial                     Life","","","","","","","","","","","","","","",""
"K5X4FI5A","conferencePaper","2011","","The role of energy in a stochastic model of the emergence of autocatalytic sets","ECAL 2011: The 11th European Conference on Artificial                     Life","","","10.7551/978-0-262-29714-1-ch037","https://direct.mit.edu/isal/article-abstract/doi/10.7551/978-0-262-29714-1-ch037","","2011","2024-04-14 04:29:42","2024-04-14 04:29:42","2024-04-14 04:29:41","","","","","","","","","","","","MIT Press","","","","","","","DOI.org (Crossref)","","","","C:\Users\User\Documents\99_Papers\_\2011_The role of energy in a stochastic model of the emergence of autocatalytic sets.pdf","","","","","","","","","","","","","","","","","","","","","","","","","","","","","","","","","","ECAL 2011: The 11th European Conference on Artificial                     Life","","","","","","","","","","","","","","",""
"IUDFPDL3","conferencePaper","2011","","On the emergence of structure in behaviours evolved through embodied imitation in a group of robots","ECAL 2011: The 11th European Conference on Artificial                     Life","","","10.7551/978-0-262-29714-1-ch036","https://direct.mit.edu/isal/article-abstract/doi/10.7551/978-0-262-29714-1-ch036","","2011","2024-04-14 04:29:42","2024-04-14 04:29:42","2024-04-14 04:29:41","","","","","","","","","","","","MIT Press","","","","","","","DOI.org (Crossref)","","","","C:\Users\User\Documents\99_Papers\_\2011_On the emergence of structure in behaviours evolved through embodied imitation.pdf","","","","","","","","","","","","","","","","","","","","","","","","","","","","","","","","","","ECAL 2011: The 11th European Conference on Artificial                     Life","","","","","","","","","","","","","","",""
"5M3V8FZX","conferencePaper","2011","","Application of small-world mutation topologies to an Artificial Life system","ECAL 2011: The 11th European Conference on Artificial                     Life","","","10.7551/978-0-262-29714-1-ch034","https://direct.mit.edu/isal/article-abstract/doi/10.7551/978-0-262-29714-1-ch034","","2011","2024-04-14 04:29:42","2024-04-14 04:29:42","2024-04-14 04:29:41","","","","","","","","","","","","MIT Press","","","","","","","DOI.org (Crossref)","","","","C:\Users\User\Documents\99_Papers\_\2011_Application of small-world mutation topologies to an Artificial Life system.pdf","","","","","","","","","","","","","","","","","","","","","","","","","","","","","","","","","","ECAL 2011: The 11th European Conference on Artificial                     Life","","","","","","","","","","","","","","",""
"SJMFH5NE","conferencePaper","2011","","Distinguishing the effects of epistasis and pleiotropy using a variant of the NK model","ECAL 2011: The 11th European Conference on Artificial                     Life","","","10.7551/978-0-262-29714-1-ch038","https://direct.mit.edu/isal/article-abstract/doi/10.7551/978-0-262-29714-1-ch038","","2011","2024-04-14 04:29:42","2024-04-14 04:29:42","2024-04-14 04:29:41","","","","","","","","","","","","MIT Press","","","","","","","DOI.org (Crossref)","","","","C:\Users\User\Documents\99_Papers\_\2011_Distinguishing the effects of epistasis and pleiotropy using a variant of the.pdf","","","","","","","","","","","","","","","","","","","","","","","","","","","","","","","","","","ECAL 2011: The 11th European Conference on Artificial                     Life","","","","","","","","","","","","","","",""
"PWVEBPAK","conferencePaper","2011","","Quantifying normative behaviour and precariousness in adaptive agency","ECAL 2011: The 11th European Conference on Artificial                     Life","","","10.7551/978-0-262-29714-1-ch035","https://direct.mit.edu/isal/article-abstract/doi/10.7551/978-0-262-29714-1-ch035","","2011","2024-04-14 04:29:42","2024-04-14 04:29:42","2024-04-14 04:29:41","","","","","","","","","","","","MIT Press","","","","","","","DOI.org (Crossref)","","","","C:\Users\User\Documents\99_Papers\_\2011_Quantifying normative behaviour and precariousness in adaptive agency.pdf","","","","","","","","","","","","","","","","","","","","","","","","","","","","","","","","","","ECAL 2011: The 11th European Conference on Artificial                     Life","","","","","","","","","","","","","","",""
"JRRQ3PNQ","conferencePaper","2011","","Grounding synthetic knowledge: An epistemological framework and criteria of relevance for the synthetic exploration of life, affect and social cognition","ECAL 2011: The 11th European Conference on Artificial                     Life","","","10.7551/978-0-262-29714-1-ch033","https://direct.mit.edu/isal/article-abstract/doi/10.7551/978-0-262-29714-1-ch033","","2011","2024-04-14 04:29:42","2024-04-14 04:29:42","2024-04-14 04:29:41","","","","","","","Grounding synthetic knowledge","","","","","MIT Press","","","","","","","DOI.org (Crossref)","","","","C:\Users\User\Documents\99_Papers\_\2011_Grounding synthetic knowledge.pdf","","","","","","","","","","","","","","","","","","","","","","","","","","","","","","","","","","ECAL 2011: The 11th European Conference on Artificial                     Life","","","","","","","","","","","","","","",""
"ZJWJNDKY","conferencePaper","2011","","Artificial gene regulatory networks and spatial computation: A case study","ECAL 2011: The 11th European Conference on Artificial                     Life","","","10.7551/978-0-262-29714-1-ch032","https://direct.mit.edu/isal/article-abstract/doi/10.7551/978-0-262-29714-1-ch032","","2011","2024-04-14 04:29:42","2024-04-14 04:29:42","2024-04-14 04:29:41","","","","","","","Artificial gene regulatory networks and spatial computation","","","","","MIT Press","","","","","","","DOI.org (Crossref)","","","","C:\Users\User\Documents\99_Papers\_\2011_Artificial gene regulatory networks and spatial computation.pdf","","","","","","","","","","","","","","","","","","","","","","","","","","","","","","","","","","ECAL 2011: The 11th European Conference on Artificial                     Life","","","","","","","","","","","","","","",""
"PQ6TNR5X","conferencePaper","2011","","From egocentric systems to systems allowing for Theory of Mind and mutualism","ECAL 2011: The 11th European Conference on Artificial                     Life","","","10.7551/978-0-262-29714-1-ch031","https://direct.mit.edu/isal/article-abstract/doi/10.7551/978-0-262-29714-1-ch031","","2011","2024-04-14 04:29:42","2024-04-14 04:29:42","2024-04-14 04:29:41","","","","","","","","","","","","MIT Press","","","","","","","DOI.org (Crossref)","","","","C:\Users\User\Documents\99_Papers\_\2011_From egocentric systems to systems allowing for Theory of Mind and mutualism.pdf","","","","","","","","","","","","","","","","","","","","","","","","","","","","","","","","","","ECAL 2011: The 11th European Conference on Artificial                     Life","","","","","","","","","","","","","","",""
"DCJCZ34Z","conferencePaper","2011","","A Loop conjecture for metabolic closure","ECAL 2011: The 11th European Conference on Artificial                     Life","","","10.7551/978-0-262-29714-1-ch030","https://direct.mit.edu/isal/article-abstract/doi/10.7551/978-0-262-29714-1-ch030","","2011","2024-04-14 04:29:42","2024-04-14 04:29:42","2024-04-14 04:29:41","","","","","","","","","","","","MIT Press","","","","","","","DOI.org (Crossref)","","","","C:\Users\User\Documents\99_Papers\_\2011_A Loop conjecture for metabolic closure.pdf","","","","","","","","","","","","","","","","","","","","","","","","","","","","","","","","","","ECAL 2011: The 11th European Conference on Artificial                     Life","","","","","","","","","","","","","","",""
"MKRU7JZA","conferencePaper","2011","","Natural selection fails to optimize mutation rates for long-term adaptation on rugged fitness landscapes","ECAL 2011: The 11th European Conference on Artificial                     Life","","","10.7551/978-0-262-29714-1-ch026","https://direct.mit.edu/isal/article-abstract/doi/10.7551/978-0-262-29714-1-ch026","","2011","2024-04-14 04:29:42","2024-04-14 04:29:42","2024-04-14 04:29:41","","","","","","","","","","","","MIT Press","","","","","","","DOI.org (Crossref)","","","","C:\Users\User\Documents\99_Papers\_\2011_Natural selection fails to optimize mutation rates for long-term adaptation on.pdf","","","","","","","","","","","","","","","","","","","","","","","","","","","","","","","","","","ECAL 2011: The 11th European Conference on Artificial                     Life","","","","","","","","","","","","","","",""
"L3AUC5HU","conferencePaper","2011","","Selective pressures for accurate altruism targeting: evidence from digital evolution for difficult-to-test aspects of inclusive fitness theory","ECAL 2011: The 11th European Conference on Artificial                     Life","","","10.7551/978-0-262-29714-1-ch025","https://direct.mit.edu/isal/article-abstract/doi/10.7551/978-0-262-29714-1-ch025","","2011","2024-04-14 04:29:42","2024-04-14 04:29:42","2024-04-14 04:29:41","","","","","","","Selective pressures for accurate altruism targeting","","","","","MIT Press","","","","","","","DOI.org (Crossref)","","","","C:\Users\User\Documents\99_Papers\_\2011_Selective pressures for accurate altruism targeting.pdf","","","","","","","","","","","","","","","","","","","","","","","","","","","","","","","","","","ECAL 2011: The 11th European Conference on Artificial                     Life","","","","","","","","","","","","","","",""
"RYWWATKU","conferencePaper","2011","","Emergence of temporal and spatial synchronous behaviors in a foraging swarm","ECAL 2011: The 11th European Conference on Artificial                     Life","","","10.7551/978-0-262-29714-1-ch022","https://direct.mit.edu/isal/article-abstract/doi/10.7551/978-0-262-29714-1-ch022","","2011","2024-04-14 04:29:42","2024-04-14 04:29:42","2024-04-14 04:29:41","","","","","","","","","","","","MIT Press","","","","","","","DOI.org (Crossref)","","","","C:\Users\User\Documents\99_Papers\_\2011_Emergence of temporal and spatial synchronous behaviors in a foraging swarm.pdf","","","","","","","","","","","","","","","","","","","","","","","","","","","","","","","","","","ECAL 2011: The 11th European Conference on Artificial                     Life","","","","","","","","","","","","","","",""
"AC4NSLAV","conferencePaper","2011","","Critical mutation rate has an exponential dependence on population size","ECAL 2011: The 11th European Conference on Artificial                     Life","","","10.7551/978-0-262-29714-1-ch021","https://direct.mit.edu/isal/article-abstract/doi/10.7551/978-0-262-29714-1-ch021","","2011","2024-04-14 04:29:42","2024-04-14 04:29:42","2024-04-14 04:29:41","","","","","","","","","","","","MIT Press","","","","","","","DOI.org (Crossref)","","","","C:\Users\User\Documents\99_Papers\_\2011_Critical mutation rate has an exponential dependence on population size.pdf","","","","","","","","","","","","","","","","","","","","","","","","","","","","","","","","","","ECAL 2011: The 11th European Conference on Artificial                     Life","","","","","","","","","","","","","","",""
"2J5ANNID","conferencePaper","2011","","How to prevent intolerant agents from high segregation?","ECAL 2011: The 11th European Conference on Artificial                     Life","","","10.7551/978-0-262-29714-1-ch029","https://direct.mit.edu/isal/article-abstract/doi/10.7551/978-0-262-29714-1-ch029","","2011","2024-04-14 04:29:42","2024-04-14 04:29:42","2024-04-14 04:29:41","","","","","","","","","","","","MIT Press","","","","","","","DOI.org (Crossref)","","","","C:\Users\User\Documents\99_Papers\_\2011_How to prevent intolerant agents from high segregation.pdf","","","","","","","","","","","","","","","","","","","","","","","","","","","","","","","","","","ECAL 2011: The 11th European Conference on Artificial                     Life","","","","","","","","","","","","","","",""
"YQ82SHW5","conferencePaper","2011","","WASPS: A weight-allocated social pressure System for the emergence of agent specialization","ECAL 2011: The 11th European Conference on Artificial                     Life","","","10.7551/978-0-262-29714-1-ch028","https://direct.mit.edu/isal/article-abstract/doi/10.7551/978-0-262-29714-1-ch028","","2011","2024-04-14 04:29:42","2024-04-14 04:29:42","2024-04-14 04:29:41","","","","","","","WASPS","","","","","MIT Press","","","","","","","DOI.org (Crossref)","","","","C:\Users\User\Documents\99_Papers\_\2011_WASPS.pdf","","","","","","","","","","","","","","","","","","","","","","","","","","","","","","","","","","ECAL 2011: The 11th European Conference on Artificial                     Life","","","","","","","","","","","","","","",""
"WZQUW5NP","conferencePaper","2011","","Recovering hidden swarm parameters using a simulated ""Robofish""","ECAL 2011: The 11th European Conference on Artificial                     Life","","","10.7551/978-0-262-29714-1-ch027","https://direct.mit.edu/isal/article-abstract/doi/10.7551/978-0-262-29714-1-ch027","","2011","2024-04-14 04:29:42","2024-04-14 04:29:42","2024-04-14 04:29:41","","","","","","","","","","","","MIT Press","","","","","","","DOI.org (Crossref)","","","","C:\Users\User\Documents\99_Papers\_\2011_Recovering hidden swarm parameters using a simulated Robofish.pdf","","","","","","","","","","","","","","","","","","","","","","","","","","","","","","","","","","ECAL 2011: The 11th European Conference on Artificial                     Life","","","","","","","","","","","","","","",""
"K92FPFNC","conferencePaper","2011","","Evolving three-dimensional objects with a generative encoding inspired by developmental biology","ECAL 2011: The 11th European Conference on Artificial                     Life","","","10.7551/978-0-262-29714-1-ch024","https://direct.mit.edu/isal/article-abstract/doi/10.7551/978-0-262-29714-1-ch024","","2011","2024-04-14 04:29:42","2024-04-14 04:29:42","2024-04-14 04:29:41","","","","","","","","","","","","MIT Press","","","","","","","DOI.org (Crossref)","","","","C:\Users\User\Documents\99_Papers\_\2011_Evolving three-dimensional objects with a generative encoding inspired by.pdf","","","","","","","","","","","","","","","","","","","","","","","","","","","","","","","","","","ECAL 2011: The 11th European Conference on Artificial                     Life","","","","","","","","","","","","","","",""
"TS5436V8","conferencePaper","2011","","Degeneracy enriches artificial chemistry binding systems","ECAL 2011: The 11th European Conference on Artificial                     Life","","","10.7551/978-0-262-29714-1-ch023","https://direct.mit.edu/isal/article-abstract/doi/10.7551/978-0-262-29714-1-ch023","","2011","2024-04-14 04:29:42","2024-04-14 04:29:42","2024-04-14 04:29:41","","","","","","","","","","","","MIT Press","","","","","","","DOI.org (Crossref)","","","","C:\Users\User\Documents\99_Papers\_\2011_Degeneracy enriches artificial chemistry binding systems.pdf","","","","","","","","","","","","","","","","","","","","","","","","","","","","","","","","","","ECAL 2011: The 11th European Conference on Artificial                     Life","","","","","","","","","","","","","","",""
"WZWW8AWS","conferencePaper","2011","","Modeling and simulating crowdsourcing as a complex biological system: human crowds manifesting collective intelligence on the internet","ECAL 2011: The 11th European Conference on Artificial                     Life","","","10.7551/978-0-262-29714-1-ch020","https://direct.mit.edu/isal/article-abstract/doi/10.7551/978-0-262-29714-1-ch020","","2011","2024-04-14 04:29:42","2024-04-14 04:29:42","2024-04-14 04:29:41","","","","","","","Modeling and simulating crowdsourcing as a complex biological system","","","","","MIT Press","","","","","","","DOI.org (Crossref)","","","","C:\Users\User\Documents\99_Papers\_\2011_Modeling and simulating crowdsourcing as a complex biological system.pdf","","","","","","","","","","","","","","","","","","","","","","","","","","","","","","","","","","ECAL 2011: The 11th European Conference on Artificial                     Life","","","","","","","","","","","","","","",""
"N83CAKFF","conferencePaper","2011","","Discovering and maintaining behaviours inaccessible to incremental genetic evolution through transcription errors and cultural transmission","ECAL 2011: The 11th European Conference on Artificial                     Life","","","10.7551/978-0-262-29714-1-ch019","https://direct.mit.edu/isal/article-abstract/doi/10.7551/978-0-262-29714-1-ch019","","2011","2024-04-14 04:29:42","2024-04-14 04:29:42","2024-04-14 04:29:41","","","","","","","","","","","","MIT Press","","","","","","","DOI.org (Crossref)","","","","C:\Users\User\Documents\99_Papers\_\2011_Discovering and maintaining behaviours inaccessible to incremental genetic.pdf","","","","","","","","","","","","","","","","","","","","","","","","","","","","","","","","","","ECAL 2011: The 11th European Conference on Artificial                     Life","","","","","","","","","","","","","","",""
"4FYPZRLZ","conferencePaper","2011","","Staging the self- assembly process using morphological information","ECAL 2011: The 11th European Conference on Artificial                     Life","","","10.7551/978-0-262-29714-1-ch018","https://direct.mit.edu/isal/article-abstract/doi/10.7551/978-0-262-29714-1-ch018","","2011","2024-04-14 04:29:42","2024-04-14 04:29:42","2024-04-14 04:29:41","","","","","","","","","","","","MIT Press","","","","","","","DOI.org (Crossref)","","","","C:\Users\User\Documents\99_Papers\_\2011_Staging the self- assembly process using morphological information.pdf","","","","","","","","","","","","","","","","","","","","","","","","","","","","","","","","","","ECAL 2011: The 11th European Conference on Artificial                     Life","","","","","","","","","","","","","","",""
"3AG6Q6YH","conferencePaper","2011","","Theory and practice of optimal mutation rate control in hamming spaces of DNA sequences","ECAL 2011: The 11th European Conference on Artificial                     Life","","","10.7551/978-0-262-29714-1-ch017","https://direct.mit.edu/isal/article-abstract/doi/10.7551/978-0-262-29714-1-ch017","","2011","2024-04-14 04:29:42","2024-04-14 04:29:42","2024-04-14 04:29:41","","","","","","","","","","","","MIT Press","","","","","","","DOI.org (Crossref)","","","","C:\Users\User\Documents\99_Papers\_\2011_Theory and practice of optimal mutation rate control in hamming spaces of DNA.pdf","","","","","","","","","","","","","","","","","","","","","","","","","","","","","","","","","","ECAL 2011: The 11th European Conference on Artificial                     Life","","","","","","","","","","","","","","",""
"MBIP7BVF","conferencePaper","2011","","Coming phase to phase with surfactants","ECAL 2011: The 11th European Conference on Artificial                     Life","","","10.7551/978-0-262-29714-1-ch015","https://direct.mit.edu/isal/article-abstract/doi/10.7551/978-0-262-29714-1-ch015","","2011","2024-04-14 04:29:42","2024-04-14 04:29:42","2024-04-14 04:29:41","","","","","","","","","","","","MIT Press","","","","","","","DOI.org (Crossref)","","","","C:\Users\User\Documents\99_Papers\_\2011_Coming phase to phase with surfactants.pdf","","","","","","","","","","","","","","","","","","","","","","","","","","","","","","","","","","ECAL 2011: The 11th European Conference on Artificial                     Life","","","","","","","","","","","","","","",""
"9NBP9NWM","conferencePaper","2011","","Walking, hopping and jumping: a model of transcription factor dynamics on DNA","ECAL 2011: The 11th European Conference on Artificial                     Life","","","10.7551/978-0-262-29714-1-ch014","https://direct.mit.edu/isal/article-abstract/doi/10.7551/978-0-262-29714-1-ch014","","2011","2024-04-14 04:29:42","2024-04-14 04:29:42","2024-04-14 04:29:41","","","","","","","Walking, hopping and jumping","","","","","MIT Press","","","","","","","DOI.org (Crossref)","","","","C:\Users\User\Documents\99_Papers\_\2011_Walking, hopping and jumping.pdf","","","","","","","","","","","","","","","","","","","","","","","","","","","","","","","","","","ECAL 2011: The 11th European Conference on Artificial                     Life","","","","","","","","","","","","","","",""
"GMDH63II","conferencePaper","2011","","Detecting emergent processes in cellular automata with excess information","ECAL 2011: The 11th European Conference on Artificial                     Life","","","10.7551/978-0-262-29714-1-ch013","https://direct.mit.edu/isal/article-abstract/doi/10.7551/978-0-262-29714-1-ch013","","2011","2024-04-14 04:29:42","2024-04-14 04:29:42","2024-04-14 04:29:41","","","","","","","","","","","","MIT Press","","","","","","","DOI.org (Crossref)","","","","C:\Users\User\Documents\99_Papers\_\2011_Detecting emergent processes in cellular automata with excess information.pdf","","","","","","","","","","","","","","","","","","","","","","","","","","","","","","","","","","ECAL 2011: The 11th European Conference on Artificial                     Life","","","","","","","","","","","","","","",""
"KXKTFQ36","conferencePaper","2011","","The origins of communication revisited","ECAL 2011: The 11th European Conference on Artificial                     Life","","","10.7551/978-0-262-29714-1-ch012","https://direct.mit.edu/isal/article-abstract/doi/10.7551/978-0-262-29714-1-ch012","","2011","2024-04-14 04:29:42","2024-04-14 04:29:42","2024-04-14 04:29:41","","","","","","","","","","","","MIT Press","","","","","","","DOI.org (Crossref)","","","","C:\Users\User\Documents\99_Papers\_\2011_The origins of communication revisited.pdf","","","","","","","","","","","","","","","","","","","","","","","","","","","","","","","","","","ECAL 2011: The 11th European Conference on Artificial                     Life","","","","","","","","","","","","","","",""
"QYFQFEAN","conferencePaper","2011","","Effective calibration of artificial gene regulatory networks","ECAL 2011: The 11th European Conference on Artificial                     Life","","","10.7551/978-0-262-29714-1-ch011","https://direct.mit.edu/isal/article-abstract/doi/10.7551/978-0-262-29714-1-ch011","","2011","2024-04-14 04:29:42","2024-04-16 02:34:09","2024-04-14 04:29:41","","","","","","","","","","","","MIT Press","","","","","","","DOI.org (Crossref)","","","","C:\Users\User\Documents\99_Papers\_\2011_Effective calibration of artificial gene regulatory networks.pdf","","","","","","","","","","","","","","","","","","","","","","","","","","","","","","","","","","ECAL 2011: The 11th European Conference on Artificial                     Life","","","","","","","","","","","","","","",""
"T3S5PZCM","conferencePaper","2011","","Evidence in the patent record for the evolution of technology using citation and PageRank statistics","ECAL 2011: The 11th European Conference on Artificial                     Life","","","10.7551/978-0-262-29714-1-ch016","https://direct.mit.edu/isal/article-abstract/doi/10.7551/978-0-262-29714-1-ch016","","2011","2024-04-14 04:29:42","2024-04-14 04:29:42","2024-04-14 04:29:41","","","","","","","","","","","","MIT Press","","","","","","","DOI.org (Crossref)","","","","C:\Users\User\Documents\99_Papers\_\2011_Evidence in the patent record for the evolution of technology using citation.pdf","","","","","","","","","","","","","","","","","","","","","","","","","","","","","","","","","","ECAL 2011: The 11th European Conference on Artificial                     Life","","","","","","","","","","","","","","",""
"9TISKG92","conferencePaper","2011","","The mechanics of shape change in the Drosophila embryo","ECAL 2011: The 11th European Conference on Artificial                     Life","","","10.7551/978-0-262-29714-1-ch010","https://direct.mit.edu/isal/article-abstract/doi/10.7551/978-0-262-29714-1-ch010","","2011","2024-04-14 04:29:42","2024-04-14 04:29:42","2024-04-14 04:29:41","","","","","","","","","","","","MIT Press","","","","","","","DOI.org (Crossref)","","","","C:\Users\User\Documents\99_Papers\_\2011_The mechanics of shape change in the Drosophila embryo.pdf","","","","","","","","","","","","","","","","","","","","","","","","","","","","","","","","","","ECAL 2011: The 11th European Conference on Artificial                     Life","","","","","","","","","","","","","","",""
"G2GJ9QM6","conferencePaper","2011","","ALife: a tension between biology and software engineering","ECAL 2011: The 11th European Conference on Artificial                     Life","","","10.7551/978-0-262-29714-1-ch009","https://direct.mit.edu/isal/article-abstract/doi/10.7551/978-0-262-29714-1-ch009","","2011","2024-04-14 04:29:42","2024-04-14 04:29:42","2024-04-14 04:29:41","","","","","","","ALife","","","","","MIT Press","","","","","","","DOI.org (Crossref)","","","","C:\Users\User\Documents\99_Papers\_\2011_ALife.pdf","","","","","","","","","","","","","","","","","","","","","","","","","","","","","","","","","","ECAL 2011: The 11th European Conference on Artificial                     Life","","","","","","","","","","","","","","",""
"UDZ69GTP","conferencePaper","2011","","Synthetic biocomputation: the possible and the actual","ECAL 2011: The 11th European Conference on Artificial                     Life","","","10.7551/978-0-262-29714-1-ch008","https://direct.mit.edu/isal/article-abstract/doi/10.7551/978-0-262-29714-1-ch008","","2011","2024-04-14 04:29:42","2024-04-14 04:29:42","2024-04-14 04:29:41","","","","","","","Synthetic biocomputation","","","","","MIT Press","","","","","","","DOI.org (Crossref)","","","","C:\Users\User\Documents\99_Papers\_\2011_Synthetic biocomputation.pdf","","","","","","","","","","","","","","","","","","","","","","","","","","","","","","","","","","ECAL 2011: The 11th European Conference on Artificial                     Life","","","","","","","","","","","","","","",""
"KTKULWBU","conferencePaper","2011","","On the Growth of Brain Tumours: enhancing imaging techniques, highlighting limitations of current imaging, quantifying therapy efficacy and estimating patient life expectancy","ECAL 2011: The 11th European Conference on Artificial                     Life","","","10.7551/978-0-262-29714-1-ch005","https://direct.mit.edu/isal/article-abstract/doi/10.7551/978-0-262-29714-1-ch005","","2011","2024-04-14 04:29:42","2024-04-14 04:29:42","2024-04-14 04:29:41","","","","","","","On the Growth of Brain Tumours","","","","","MIT Press","","","","","","","DOI.org (Crossref)","","","","C:\Users\User\Documents\99_Papers\_\2011_On the Growth of Brain Tumours.pdf","","","","","","","","","","","","","","","","","","","","","","","","","","","","","","","","","","ECAL 2011: The 11th European Conference on Artificial                     Life","","","","","","","","","","","","","","",""
"HT6LII3V","conferencePaper","2011","","Answering Descartes: Beyond Turing","ECAL 2011: The 11th European Conference on Artificial                     Life","","","10.7551/978-0-262-29714-1-ch004","https://direct.mit.edu/isal/article-abstract/doi/10.7551/978-0-262-29714-1-ch004","","2011","2024-04-14 04:29:42","2024-04-14 04:29:42","2024-04-14 04:29:41","","","","","","","Answering Descartes","","","","","MIT Press","","","","","","","DOI.org (Crossref)","","","","C:\Users\User\Documents\99_Papers\_\2011_Answering Descartes.pdf","","","","","","","","","","","","","","","","","","","","","","","","","","","","","","","","","","ECAL 2011: The 11th European Conference on Artificial                     Life","","","","","","","","","","","","","","",""
"E7HLJGD8","conferencePaper","2011","","Can we Computerize an Elephant?","ECAL 2011: The 11th European Conference on Artificial                     Life","","","10.7551/978-0-262-29714-1-ch002","https://direct.mit.edu/isal/article-abstract/doi/10.7551/978-0-262-29714-1-ch002","","2011","2024-04-14 04:29:42","2024-04-14 04:29:42","2024-04-14 04:29:41","","","","","","","","","","","","MIT Press","","","","","","","DOI.org (Crossref)","","","","C:\Users\User\Documents\99_Papers\_\2011_Can we Computerize an Elephant.pdf","","","","","","","","","","","","","","","","","","","","","","","","","","","","","","","","","","ECAL 2011: The 11th European Conference on Artificial                     Life","","","","","","","","","","","","","","",""
"AH8HVQDU","conferencePaper","2011","","General architecture of a genetic regulatory network. Applications to embryologic control","ECAL 2011: The 11th European Conference on Artificial Life","","","10.7551/978-0-262-29714-1-ch001","https://direct.mit.edu/isal/article-abstract/doi/10.7551/978-0-262-29714-1-ch001","","2011","2024-04-14 04:29:42","2024-04-14 04:29:42","2024-04-14 04:29:41","","","","","","","","","","","","MIT Press","","","","","","","DOI.org (Crossref)","","","","C:\Users\User\Documents\99_Papers\_\2011_General architecture of a genetic regulatory network.pdf","","","","","","","","","","","","","","","","","","","","","","","","","","","","","","","","","","ECAL 2011: The 11th European Conference on Artificial Life","","","","","","","","","","","","","","",""
"V8TLVGMR","conferencePaper","2011","","A review of one approach to bottom up assembly of minimal life","ECAL 2011: The 11th European Conference on Artificial                     Life","","","10.7551/978-0-262-29714-1-ch007","https://direct.mit.edu/isal/article-abstract/doi/10.7551/978-0-262-29714-1-ch007","","2011","2024-04-14 04:29:42","2024-04-14 04:29:42","2024-04-14 04:29:41","","","","","","","","","","","","MIT Press","","","","","","","DOI.org (Crossref)","","","","C:\Users\User\Documents\99_Papers\_\2011_A review of one approach to bottom up assembly of minimal life.pdf","","","","","","","","","","","","","","","","","","","","","","","","","","","","","","","","","","ECAL 2011: The 11th European Conference on Artificial                     Life","","","","","","","","","","","","","","",""
"NWWFQGP6","conferencePaper","2011","","Prospects for Machine Embryogenesis","ECAL 2011: The 11th European Conference on Artificial                     Life","","","10.7551/978-0-262-29714-1-ch006","https://direct.mit.edu/isal/article-abstract/doi/10.7551/978-0-262-29714-1-ch006","","2011","2024-04-14 04:29:42","2024-04-14 04:29:42","2024-04-14 04:29:41","","","","","","","","","","","","MIT Press","","","","","","","DOI.org (Crossref)","","","","C:\Users\User\Documents\99_Papers\_\2011_Prospects for Machine Embryogenesis.pdf","","","","","","","","","","","","","","","","","","","","","","","","","","","","","","","","","","ECAL 2011: The 11th European Conference on Artificial                     Life","","","","","","","","","","","","","","",""
"TT9T2MMH","conferencePaper","2011","","Do we need a theory in the Era of Massive Data Flow?","ECAL 2011: The 11th European Conference on Artificial                     Life","","","10.7551/978-0-262-29714-1-ch003","https://direct.mit.edu/isal/article-abstract/doi/10.7551/978-0-262-29714-1-ch003","","2011","2024-04-14 04:29:42","2024-04-14 04:29:42","2024-04-14 04:29:41","","","","","","","","","","","","MIT Press","","","","","","","DOI.org (Crossref)","","","","C:\Users\User\Documents\99_Papers\_\2011_Do we need a theory in the Era of Massive Data Flow.pdf","","","","","","","","","","","","","","","","","","","","","","","","","","","","","","","","","","ECAL 2011: The 11th European Conference on Artificial                     Life","","","","","","","","","","","","","","",""
"GU9XLB6I","book","2011","Lenaerts, Tom","Advances in Artificial Life, ECAL 2011 Proceedings of the Eleventh European Conference on the Synthesis and Simulation of Living Systems","","978-0-262-29714-1","","","","","2011-08-08","2024-04-14 06:47:35","2024-04-14 06:47:35","","","","","","","","","","","","","MIT","Erscheinungsort nicht ermittelbar","en","","","","","Open WorldCat","","OCLC: 893531051","","C:\Users\User\Desktop\Programs\zotero-system\storage\N4ELXVGK\Lenaerts - 2011 - Advances in Artificial Life, ECAL 2011 Proceedings.pdf","","","","","","","","","","","","","","","","","","","","","","","","","","","","","","","","","","","","","","","","","","","","","","","","",""
"FL3FEW26","conferencePaper","2011","","On the interaction of adaptive timescales on networks","ECAL 2011: The 11th European Conference on Artificial                     Life","","","10.7551/978-0-262-29714-1-ch136","https://direct.mit.edu/isal/article-abstract/doi/10.7551/978-0-262-29714-1-ch136","","2011","2024-04-14 04:29:42","2024-04-14 04:29:42","2024-04-14 04:29:41","","","","","","","","","","","","MIT Press","","","","","","","DOI.org (Crossref)","","","","C:\Users\User\Documents\99_Papers\_\2011_On the interaction of adaptive timescales on networks.pdf","","","","","","","","","","","","","","","","","","","","","","","","","","","","","","","","","","ECAL 2011: The 11th European Conference on Artificial                     Life","","","","","","","","","","","","","","",""
"7NJLU6YW","conferencePaper","2011","","Landmark vector model with quantized distance for homing navigation","ECAL 2011: The 11th European Conference on Artificial                     Life","","","10.7551/978-0-262-29714-1-ch135","https://direct.mit.edu/isal/article-abstract/doi/10.7551/978-0-262-29714-1-ch135","","2011","2024-04-14 04:29:42","2024-04-14 04:29:42","2024-04-14 04:29:41","","","","","","","","","","","","MIT Press","","","","","","","DOI.org (Crossref)","","","","C:\Users\User\Documents\99_Papers\_\2011_Landmark vector model with quantized distance for homing navigation.pdf","","","","","","","","","","","","","","","","","","","","","","","","","","","","","","","","","","ECAL 2011: The 11th European Conference on Artificial                     Life","","","","","","","","","","","","","","",""
"L57WL9Q6","conferencePaper","2011","","Evolutionary transition through a new multilevel selection model","ECAL 2011: The 11th European Conference on Artificial                     Life","","","10.7551/978-0-262-29714-1-ch132","https://direct.mit.edu/isal/article-abstract/doi/10.7551/978-0-262-29714-1-ch132","","2011","2024-04-14 04:29:42","2024-04-14 04:29:42","2024-04-14 04:29:41","","","","","","","","","","","","MIT Press","","","","","","","DOI.org (Crossref)","","","","C:\Users\User\Documents\99_Papers\_\2011_Evolutionary transition through a new multilevel selection model.pdf","","","","","","","","","","","","","","","","","","","","","","","","","","","","","","","","","","ECAL 2011: The 11th European Conference on Artificial                     Life","","","","","","","","","","","","","","",""
"VAEFGCXT","conferencePaper","2011","","Behavioral acquisition of complicated locomotion for artificial elastic robot using decentralized behavior composed","ECAL 2011: The 11th European Conference on Artificial                     Life","","","10.7551/978-0-262-29714-1-ch133","https://direct.mit.edu/isal/article-abstract/doi/10.7551/978-0-262-29714-1-ch133","","2011","2024-04-14 04:29:42","2024-04-14 04:29:42","2024-04-14 04:29:41","","","","","","","","","","","","MIT Press","","","","","","","DOI.org (Crossref)","","","","C:\Users\User\Documents\99_Papers\_\2011_Behavioral acquisition of complicated locomotion for artificial elastic robot.pdf","","","","","","","","","","","","","","","","","","","","","","","","","","","","","","","","","","ECAL 2011: The 11th European Conference on Artificial                     Life","","","","","","","","","","","","","","",""
"KSN8F4AD","conferencePaper","2011","","Life requires genetic representation an vice versa – Consequences for ALife","ECAL 2011: The 11th European Conference on Artificial                     Life","","","10.7551/978-0-262-29714-1-ch131","https://direct.mit.edu/isal/article-abstract/doi/10.7551/978-0-262-29714-1-ch131","","2011","2024-04-14 04:29:42","2024-04-14 04:29:42","2024-04-14 04:29:41","","","","","","","","","","","","MIT Press","","","","","","","DOI.org (Crossref)","","","","C:\Users\User\Documents\99_Papers\_\2011_Life requires genetic representation an vice versa – Consequences for ALife.pdf","","","","","","","","","","","","","","","","","","","","","","","","","","","","","","","","","","ECAL 2011: The 11th European Conference on Artificial                     Life","","","","","","","","","","","","","","",""
"JF79IFSP","conferencePaper","2011","","Transformations and multi- scale optimisation in biological adaptive networks","ECAL 2011: The 11th European Conference on Artificial                     Life","","","10.7551/978-0-262-29714-1-ch128","https://direct.mit.edu/isal/article-abstract/doi/10.7551/978-0-262-29714-1-ch128","","2011","2024-04-14 04:29:42","2024-04-14 04:29:42","2024-04-14 04:29:41","","","","","","","","","","","","MIT Press","","","","","","","DOI.org (Crossref)","","","","C:\Users\User\Documents\99_Papers\_\2011_Transformations and multi- scale optimisation in biological adaptive networks.pdf","","","","","","","","","","","","","","","","","","","","","","","","","","","","","","","","","","ECAL 2011: The 11th European Conference on Artificial                     Life","","","","","","","","","","","","","","",""
"Q3BRGGF4","conferencePaper","2011","","An agent-based model of jaguar movement through conservation corridors","ECAL 2011: The 11th European Conference on Artificial                     Life","","","10.7551/978-0-262-29714-1-ch127","https://direct.mit.edu/isal/article-abstract/doi/10.7551/978-0-262-29714-1-ch127","","2011","2024-04-14 04:29:42","2024-04-14 04:29:42","2024-04-14 04:29:41","","","","","","","","","","","","MIT Press","","","","","","","DOI.org (Crossref)","","","","C:\Users\User\Documents\99_Papers\_\2011_An agent-based model of jaguar movement through conservation corridors.pdf","","","","","","","","","","","","","","","","","","","","","","","","","","","","","","","","","","ECAL 2011: The 11th European Conference on Artificial                     Life","","","","","","","","","","","","","","",""
"5Q8EDHQT","conferencePaper","2011","","Clustering behavior of a bio-inspired decentralized aggregation scheme","ECAL 2011: The 11th European Conference on Artificial                     Life","","","10.7551/978-0-262-29714-1-ch125","https://direct.mit.edu/isal/article-abstract/doi/10.7551/978-0-262-29714-1-ch125","","2011","2024-04-14 04:29:42","2024-04-14 04:29:42","2024-04-14 04:29:41","","","","","","","","","","","","MIT Press","","","","","","","DOI.org (Crossref)","","","","C:\Users\User\Documents\99_Papers\_\2011_Clustering behavior of a bio-inspired decentralized aggregation scheme.pdf; C:\Users\User\Documents\99_Papers\_\2011_Clustering behavior of a bio-inspired decentralized aggregation scheme2.pdf","","","","","","","","","","","","","","","","","","","","","","","","","","","","","","","","","","ECAL 2011: The 11th European Conference on Artificial                     Life","","","","","","","","","","","","","","",""
"7AZGIPIN","conferencePaper","2011","","An interactive wall game as an evolution of proto language","ECAL 2011: The 11th European Conference on Artificial                     Life","","","10.7551/978-0-262-29714-1-ch122","https://direct.mit.edu/isal/article-abstract/doi/10.7551/978-0-262-29714-1-ch122","","2011","2024-04-14 04:29:42","2024-04-14 04:29:42","2024-04-14 04:29:41","","","","","","","","","","","","MIT Press","","","","","","","DOI.org (Crossref)","","","","C:\Users\User\Documents\99_Papers\_\2011_An interactive wall game as an evolution of proto language.pdf","","","","","","","","","","","","","","","","","","","","","","","","","","","","","","","","","","ECAL 2011: The 11th European Conference on Artificial                     Life","","","","","","","","","","","","","","",""
"CL2AFJ4R","conferencePaper","2011","","Artificial cells as reified quines","ECAL 2011: The 11th European Conference on Artificial                     Life","","","10.7551/978-0-262-29714-1-ch130","https://direct.mit.edu/isal/article-abstract/doi/10.7551/978-0-262-29714-1-ch130","","2011","2024-04-14 04:29:42","2024-04-14 04:29:42","2024-04-14 04:29:41","","","","","","","","","","","","MIT Press","","","","","","","DOI.org (Crossref)","","","","C:\Users\User\Documents\99_Papers\_\2011_Artificial cells as reified quines.pdf","","","","","","","","","","","","","","","","","","","","","","","","","","","","","","","","","","ECAL 2011: The 11th European Conference on Artificial                     Life","","","","","","","","","","","","","","",""
"EIV49XMF","conferencePaper","2011","","Spatial structure creates community-level selection for nutrient recycling","ECAL 2011: The 11th European Conference on Artificial                     Life","","","10.7551/978-0-262-29714-1-ch129","https://direct.mit.edu/isal/article-abstract/doi/10.7551/978-0-262-29714-1-ch129","","2011","2024-04-14 04:29:42","2024-04-14 04:29:42","2024-04-14 04:29:41","","","","","","","","","","","","MIT Press","","","","","","","DOI.org (Crossref)","","","","C:\Users\User\Documents\99_Papers\_\2011_Spatial structure creates community-level selection for nutrient recycling.pdf","","","","","","","","","","","","","","","","","","","","","","","","","","","","","","","","","","ECAL 2011: The 11th European Conference on Artificial                     Life","","","","","","","","","","","","","","",""
"6XJAR3ZW","conferencePaper","2011","","Measuring information storage and transfer in swarms","ECAL 2011: The 11th European Conference on Artificial                     Life","","","10.7551/978-0-262-29714-1-ch126","https://direct.mit.edu/isal/article-abstract/doi/10.7551/978-0-262-29714-1-ch126","","2011","2024-04-14 04:29:42","2024-04-14 04:29:42","2024-04-14 04:29:41","","","","","","","","","","","","MIT Press","","","","","","","DOI.org (Crossref)","","","","C:\Users\User\Documents\99_Papers\_\2011_Measuring information storage and transfer in swarms.pdf","","","","","","","","","","","","","","","","","","","","","","","","","","","","","","","","","","ECAL 2011: The 11th European Conference on Artificial                     Life","","","","","","","","","","","","","","",""
"KVMWCDP4","conferencePaper","2011","","The elongation catastrophe in physical self-replicators","ECAL 2011: The 11th European Conference on Artificial                     Life","","","10.7551/978-0-262-29714-1-ch124","https://direct.mit.edu/isal/article-abstract/doi/10.7551/978-0-262-29714-1-ch124","","2011","2024-04-14 04:29:42","2024-04-14 04:29:42","2024-04-14 04:29:41","","","","","","","","","","","","MIT Press","","","","","","","DOI.org (Crossref)","","","","C:\Users\User\Documents\99_Papers\_\2011_The elongation catastrophe in physical self-replicators.pdf","","","","","","","","","","","","","","","","","","","","","","","","","","","","","","","","","","ECAL 2011: The 11th European Conference on Artificial                     Life","","","","","","","","","","","","","","",""
"HXSBFHDQ","conferencePaper","2011","","A decomposition theorem in chemical organizations","ECAL 2011: The 11th European Conference on Artificial                     Life","","","10.7551/978-0-262-29714-1-ch123","https://direct.mit.edu/isal/article-abstract/doi/10.7551/978-0-262-29714-1-ch123","","2011","2024-04-14 04:29:42","2024-04-14 04:29:42","2024-04-14 04:29:41","","","","","","","","","","","","MIT Press","","","","","","","DOI.org (Crossref)","","","","C:\Users\User\Documents\99_Papers\_\2011_A decomposition theorem in chemical organizations.pdf","","","","","","","","","","","","","","","","","","","","","","","","","","","","","","","","","","ECAL 2011: The 11th European Conference on Artificial                     Life","","","","","","","","","","","","","","",""
"8NZZRWAU","conferencePaper","2011","","Many hands make light work: Group evolution and the emergent division of labour","ECAL 2011: The 11th European Conference on Artificial                     Life","","","10.7551/978-0-262-29714-1-ch121","https://direct.mit.edu/isal/article-abstract/doi/10.7551/978-0-262-29714-1-ch121","","2011","2024-04-14 04:29:42","2024-04-14 04:29:42","2024-04-14 04:29:41","","","","","","","Many hands make light work","","","","","MIT Press","","","","","","","DOI.org (Crossref)","","","","C:\Users\User\Documents\99_Papers\_\2011_Many hands make light work.pdf","","","","","","","","","","","","","","","","","","","","","","","","","","","","","","","","","","ECAL 2011: The 11th European Conference on Artificial                     Life","","","","","","","","","","","","","","",""
"5KHG8WJI","conferencePaper","2011","","An improved transfer entropy method for establishing causal effects in synchronizing oscillators","ECAL 2011: The 11th European Conference on Artificial                     Life","","","10.7551/978-0-262-29714-1-ch120","https://direct.mit.edu/isal/article-abstract/doi/10.7551/978-0-262-29714-1-ch120","","2011","2024-04-14 04:29:42","2024-04-14 04:29:42","2024-04-14 04:29:41","","","","","","","","","","","","MIT Press","","","","","","","DOI.org (Crossref)","","","","C:\Users\User\Documents\99_Papers\_\2011_An improved transfer entropy method for establishing causal effects in2.pdf","","","","","","","","","","","","","","","","","","","","","","","","","","","","","","","","","","ECAL 2011: The 11th European Conference on Artificial                     Life","","","","","","","","","","","","","","",""
"5KX8Q5KU","conferencePaper","2011","","Reflecting on open-ended evolution","ECAL 2011: The 11th European Conference on Artificial                     Life","","","10.7551/978-0-262-29714-1-ch118","https://direct.mit.edu/isal/article-abstract/doi/10.7551/978-0-262-29714-1-ch118","","2011","2024-04-14 04:29:42","2024-04-14 04:29:42","2024-04-14 04:29:41","","","","","","","","","","","","MIT Press","","","","","","","DOI.org (Crossref)","","","","C:\Users\User\Documents\99_Papers\_\2011_Reflecting on open-ended evolution.pdf","","","","","","","","","","","","","","","","","","","","","","","","","","","","","","","","","","ECAL 2011: The 11th European Conference on Artificial                     Life","","","","","","","","","","","","","","",""
"7RKLL39U","conferencePaper","2011","","Ouroboros avatars: A mathematical exploration of self- reference and metabolic closure","ECAL 2011: The 11th European Conference on Artificial                     Life","","","10.7551/978-0-262-29714-1-ch115","https://direct.mit.edu/isal/article-abstract/doi/10.7551/978-0-262-29714-1-ch115","","2011","2024-04-14 04:29:42","2024-04-14 04:29:42","2024-04-14 04:29:41","","","","","","","Ouroboros avatars","","","","","MIT Press","","","","","","","DOI.org (Crossref)","","","","C:\Users\User\Documents\99_Papers\_\2011_Ouroboros avatars.pdf","","","","","","","","","","","","","","","","","","","","","","","","","","","","","","","","","","ECAL 2011: The 11th European Conference on Artificial                     Life","","","","","","","","","","","","","","",""
"GE96D8DI","conferencePaper","2011","","An animat's cell doctrine","ECAL 2011: The 11th European Conference on Artificial                     Life","","","10.7551/978-0-262-29714-1-ch112","https://direct.mit.edu/isal/article-abstract/doi/10.7551/978-0-262-29714-1-ch112","","2011","2024-04-14 04:29:42","2024-04-14 04:29:42","2024-04-14 04:29:41","","","","","","","","","","","","MIT Press","","","","","","","DOI.org (Crossref)","","","","C:\Users\User\Documents\99_Papers\_\2011_An animat's cell doctrine.pdf","","","","","","","","","","","","","","","","","","","","","","","","","","","","","","","","","","ECAL 2011: The 11th European Conference on Artificial                     Life","","","","","","","","","","","","","","",""
"BH92TZ67","conferencePaper","2011","","Learning by seeing -- associative learning of visual features through mental simulation of observed action","ECAL 2011: The 11th European Conference on Artificial                     Life","","","10.7551/978-0-262-29714-1-ch111","https://direct.mit.edu/isal/article-abstract/doi/10.7551/978-0-262-29714-1-ch111","","2011","2024-04-14 04:29:42","2024-04-14 04:29:42","2024-04-14 04:29:41","","","","","","","","","","","","MIT Press","","","","","","","DOI.org (Crossref)","","","","C:\Users\User\Documents\99_Papers\_\2011_Learning by seeing -- associative learning of visual features through mental.pdf","","","","","","","","","","","","","","","","","","","","","","","","","","","","","","","","","","ECAL 2011: The 11th European Conference on Artificial                     Life","","","","","","","","","","","","","","",""
"DTRZNYTG","conferencePaper","2011","","Self-organized flocking with an heterogeneous mobile robot swarm","ECAL 2011: The 11th European Conference on Artificial                     Life","","","10.7551/978-0-262-29714-1-ch119","https://direct.mit.edu/isal/article-abstract/doi/10.7551/978-0-262-29714-1-ch119","","2011","2024-04-14 04:29:42","2024-04-14 04:29:42","2024-04-14 04:29:41","","","","","","","","","","","","MIT Press","","","","","","","DOI.org (Crossref)","","","","C:\Users\User\Documents\99_Papers\_\2011_Self-organized flocking with an heterogeneous mobile robot swarm.pdf","","","","","","","","","","","","","","","","","","","","","","","","","","","","","","","","","","ECAL 2011: The 11th European Conference on Artificial                     Life","","","","","","","","","","","","","","",""
"ZNMPPD9T","conferencePaper","2011","","An update on the minimal cell project: From the physics of solute encapsulation to the experimental modeling of cell communities","ECAL 2011: The 11th European Conference on Artificial                     Life","","","10.7551/978-0-262-29714-1-ch117","https://direct.mit.edu/isal/article-abstract/doi/10.7551/978-0-262-29714-1-ch117","","2011","2024-04-14 04:29:42","2024-04-14 04:29:42","2024-04-14 04:29:41","","","","","","","An update on the minimal cell project","","","","","MIT Press","","","","","","","DOI.org (Crossref)","","","","C:\Users\User\Documents\99_Papers\_\2011_An update on the minimal cell project.pdf","","","","","","","","","","","","","","","","","","","","","","","","","","","","","","","","","","ECAL 2011: The 11th European Conference on Artificial                     Life","","","","","","","","","","","","","","",""
"UN5DHASW","conferencePaper","2011","","Recruitment, selection and alignment of spatial language strategies","ECAL 2011: The 11th European Conference on Artificial                     Life","","","10.7551/978-0-262-29714-1-ch116","https://direct.mit.edu/isal/article-abstract/doi/10.7551/978-0-262-29714-1-ch116","","2011","2024-04-14 04:29:42","2024-04-14 04:29:42","2024-04-14 04:29:41","","","","","","","","","","","","MIT Press","","","","","","","DOI.org (Crossref)","","","","C:\Users\User\Documents\99_Papers\_\2011_Recruitment, selection and alignment of spatial language strategies.pdf","","","","","","","","","","","","","","","","","","","","","","","","","","","","","","","","","","ECAL 2011: The 11th European Conference on Artificial                     Life","","","","","","","","","","","","","","",""
"RGJPCYMY","conferencePaper","2011","","A schematic representation of autopoiesis using a new kind of discrete spatial automaton","ECAL 2011: The 11th European Conference on Artificial                     Life","","","10.7551/978-0-262-29714-1-ch114","https://direct.mit.edu/isal/article-abstract/doi/10.7551/978-0-262-29714-1-ch114","","2011","2024-04-14 04:29:42","2024-04-14 04:29:42","2024-04-14 04:29:41","","","","","","","","","","","","MIT Press","","","","","","","DOI.org (Crossref)","","","","C:\Users\User\Documents\99_Papers\_\2011_A schematic representation of autopoiesis using a new kind of discrete spatial.pdf","","","","","","","","","","","","","","","","","","","","","","","","","","","","","","","","","","ECAL 2011: The 11th European Conference on Artificial                     Life","","","","","","","","","","","","","","",""
"52IDQ6IS","conferencePaper","2011","","Feeding the beast: Can computational demographic models free us from the tyranny of data?","ECAL 2011: The 11th European Conference on Artificial                     Life","","","10.7551/978-0-262-29714-1-ch113","https://direct.mit.edu/isal/article-abstract/doi/10.7551/978-0-262-29714-1-ch113","","2011","2024-04-14 04:29:42","2024-04-14 04:29:42","2024-04-14 04:29:41","","","","","","","Feeding the beast","","","","","MIT Press","","","","","","","DOI.org (Crossref)","","","","C:\Users\User\Documents\99_Papers\_\2011_Feeding the beast.pdf","","","","","","","","","","","","","","","","","","","","","","","","","","","","","","","","","","ECAL 2011: The 11th European Conference on Artificial                     Life","","","","","","","","","","","","","","",""
"4H6HMXLL","conferencePaper","2011","","An experimental and computational approach to the dynamic body boundary problem","ECAL 2011: The 11th European Conference on Artificial                     Life","","","10.7551/978-0-262-29714-1-ch109","https://direct.mit.edu/isal/article-abstract/doi/10.7551/978-0-262-29714-1-ch109","","2011","2024-04-14 04:29:42","2024-04-14 04:29:42","2024-04-14 04:29:41","","","","","","","","","","","","MIT Press","","","","","","","DOI.org (Crossref)","","","","C:\Users\User\Documents\99_Papers\_\2011_An experimental and computational approach to the dynamic body boundary problem.pdf","","","","","","","","","","","","","","","","","","","","","","","","","","","","","","","","","","ECAL 2011: The 11th European Conference on Artificial                     Life","","","","","","","","","","","","","","",""
"9TAV5KUE","conferencePaper","2011","","Co-evolution of pre-play signaling and cooperation","ECAL 2011: The 11th European Conference on Artificial                     Life","","","10.7551/978-0-262-29714-1-ch108","https://direct.mit.edu/isal/article-abstract/doi/10.7551/978-0-262-29714-1-ch108","","2011","2024-04-14 04:29:42","2024-04-14 04:29:42","2024-04-14 04:29:41","","","","","","","","","","","","MIT Press","","","","","","","DOI.org (Crossref)","","","","C:\Users\User\Documents\99_Papers\_\2011_Co-evolution of pre-play signaling and cooperation.pdf","","","","","","","","","","","","","","","","","","","","","","","","","","","","","","","","","","ECAL 2011: The 11th European Conference on Artificial                     Life","","","","","","","","","","","","","","",""
"MRRUZD7L","conferencePaper","2011","","How to measure group selection in real-world populations","ECAL 2011: The 11th European Conference on Artificial                     Life","","","10.7551/978-0-262-29714-1-ch102","https://direct.mit.edu/isal/article-abstract/doi/10.7551/978-0-262-29714-1-ch102","","2011","2024-04-14 04:29:42","2024-04-14 04:29:42","2024-04-14 04:29:41","","","","","","","","","","","","MIT Press","","","","","","","DOI.org (Crossref)","","","","C:\Users\User\Documents\99_Papers\_\2011_How to measure group selection in real-world populations.pdf","","","","","","","","","","","","","","","","","","","","","","","","","","","","","","","","","","ECAL 2011: The 11th European Conference on Artificial                     Life","","","","","","","","","","","","","","",""
"45HHA5EC","conferencePaper","2011","","Quantifying evolutionary dynamics of swarm chemistry","ECAL 2011: The 11th European Conference on Artificial                     Life","","","10.7551/978-0-262-29714-1-ch110","https://direct.mit.edu/isal/article-abstract/doi/10.7551/978-0-262-29714-1-ch110","","2011","2024-04-14 04:29:42","2024-04-14 04:29:42","2024-04-14 04:29:41","","","","","","","","","","","","MIT Press","","","","","","","DOI.org (Crossref)","","","","C:\Users\User\Documents\99_Papers\_\2011_Quantifying evolutionary dynamics of swarm chemistry.pdf","","","","","","","","","","","","","","","","","","","","","","","","","","","","","","","","","","ECAL 2011: The 11th European Conference on Artificial                     Life","","","","","","","","","","","","","","",""
"CJUMAD85","conferencePaper","2011","","Swarms for robot vision: The case of adaptive visual trail detection and tracking","ECAL 2011: The 11th European Conference on Artificial                     Life","","","10.7551/978-0-262-29714-1-ch107","https://direct.mit.edu/isal/article-abstract/doi/10.7551/978-0-262-29714-1-ch107","","2011","2024-04-14 04:29:42","2024-04-14 04:29:42","2024-04-14 04:29:41","","","","","","","Swarms for robot vision","","","","","MIT Press","","","","","","","DOI.org (Crossref)","","","","C:\Users\User\Documents\99_Papers\_\2011_Swarms for robot vision.pdf","","","","","","","","","","","","","","","","","","","","","","","","","","","","","","","","","","ECAL 2011: The 11th European Conference on Artificial                     Life","","","","","","","","","","","","","","",""
"S3GC2CBR","conferencePaper","2011","","A biomimetic robot controller based o minimizing the unpredictability of the environment: allostatic control revised","ECAL 2011: The 11th European Conference on Artificial                     Life","","","10.7551/978-0-262-29714-1-ch106","https://direct.mit.edu/isal/article-abstract/doi/10.7551/978-0-262-29714-1-ch106","","2011","2024-04-14 04:29:42","2024-04-14 04:29:42","2024-04-14 04:29:41","","","","","","","A biomimetic robot controller based o minimizing the unpredictability of the environment","","","","","MIT Press","","","","","","","DOI.org (Crossref)","","","","C:\Users\User\Documents\99_Papers\_\2011_A biomimetic robot controller based o minimizing the unpredictability of the.pdf","","","","","","","","","","","","","","","","","","","","","","","","","","","","","","","","","","ECAL 2011: The 11th European Conference on Artificial                     Life","","","","","","","","","","","","","","",""
"ETPFKGMQ","conferencePaper","2011","","An innovative bio- inspired fault tolerant unitronics architecture","ECAL 2011: The 11th European Conference on Artificial                     Life","","","10.7551/978-0-262-29714-1-ch105","https://direct.mit.edu/isal/article-abstract/doi/10.7551/978-0-262-29714-1-ch105","","2011","2024-04-14 04:29:42","2024-04-14 04:29:42","2024-04-14 04:29:41","","","","","","","","","","","","MIT Press","","","","","","","DOI.org (Crossref)","","","","C:\Users\User\Documents\99_Papers\_\2011_An innovative bio- inspired fault tolerant unitronics architecture.pdf","","","","","","","","","","","","","","","","","","","","","","","","","","","","","","","","","","ECAL 2011: The 11th European Conference on Artificial                     Life","","","","","","","","","","","","","","",""
"U3LXVQFE","conferencePaper","2011","","Local information maximisation creates emergent flocking behavior","ECAL 2011: The 11th European Conference on Artificial                     Life","","","10.7551/978-0-262-29714-1-ch104","https://direct.mit.edu/isal/article-abstract/doi/10.7551/978-0-262-29714-1-ch104","","2011","2024-04-14 04:29:42","2024-04-14 04:29:42","2024-04-14 04:29:41","","","","","","","","","","","","MIT Press","","","","","","","DOI.org (Crossref)","","","","C:\Users\User\Documents\99_Papers\_\2011_Local information maximisation creates emergent flocking behavior.pdf","","","","","","","","","","","","","","","","","","","","","","","","","","","","","","","","","","ECAL 2011: The 11th European Conference on Artificial                     Life","","","","","","","","","","","","","","",""
"8IUQ9MIF","conferencePaper","2011","","Using statistical inference for designing termination conditions ensuring convergence of Evolutionary Algorithms","ECAL 2011: The 11th European Conference on Artificial                     Life","","","10.7551/978-0-262-29714-1-ch103","https://direct.mit.edu/isal/article-abstract/doi/10.7551/978-0-262-29714-1-ch103","","2011","2024-04-14 04:29:42","2024-04-14 04:29:42","2024-04-14 04:29:41","","","","","","","","","","","","MIT Press","","","","","","","DOI.org (Crossref)","","","","C:\Users\User\Documents\99_Papers\_\2011_Using statistical inference for designing termination conditions ensuring.pdf","","","","","","","","","","","","","","","","","","","","","","","","","","","","","","","","","","ECAL 2011: The 11th European Conference on Artificial                     Life","","","","","","","","","","","","","","",""
"7TMJAPX2","conferencePaper","2011","","Programs self-healing over a termites simulator based on language games and evolutionary computing","ECAL 2011: The 11th European Conference on Artificial                     Life","","","10.7551/978-0-262-29714-1-ch101","https://direct.mit.edu/isal/article-abstract/doi/10.7551/978-0-262-29714-1-ch101","","2011","2024-04-14 04:29:42","2024-04-14 04:29:42","2024-04-14 04:29:41","","","","","","","","","","","","MIT Press","","","","","","","DOI.org (Crossref)","","","","C:\Users\User\Documents\99_Papers\_\2011_Programs self-healing over a termites simulator based on language games and.pdf","","","","","","","","","","","","","","","","","","","","","","","","","","","","","","","","","","ECAL 2011: The 11th European Conference on Artificial                     Life","","","","","","","","","","","","","","",""
"YQBZF8NK","conferencePaper","2011","","A DNA toolbox for engineering in vitro life-like behaviors","ECAL 2011: The 11th European Conference on Artificial                     Life","","","10.7551/978-0-262-29714-1-ch100","https://direct.mit.edu/isal/article-abstract/doi/10.7551/978-0-262-29714-1-ch100","","2011","2024-04-14 04:29:42","2024-04-14 04:29:42","2024-04-14 04:29:41","","","","","","","","","","","","MIT Press","","","","","","","DOI.org (Crossref)","","","","C:\Users\User\Documents\99_Papers\_\2011_A DNA toolbox for engineering in vitro life-like behaviors.pdf","","","","","","","","","","","","","","","","","","","","","","","","","","","","","","","","","","ECAL 2011: The 11th European Conference on Artificial                     Life","","","","","","","","","","","","","","",""
"F57TZEHK","conferencePaper","2011","","Coordination games on small- worlds: Artificial agents vs. experiments","ECAL 2011: The 11th European Conference on Artificial                     Life","","","10.7551/978-0-262-29714-1-ch099","https://direct.mit.edu/isal/article-abstract/doi/10.7551/978-0-262-29714-1-ch099","","2011","2024-04-14 04:29:42","2024-04-14 04:29:42","2024-04-14 04:29:41","","","","","","","Coordination games on small- worlds","","","","","MIT Press","","","","","","","DOI.org (Crossref)","","","","C:\Users\User\Documents\99_Papers\_\2011_Coordination games on small- worlds.pdf","","","","","","","","","","","","","","","","","","","","","","","","","","","","","","","","","","ECAL 2011: The 11th European Conference on Artificial                     Life","","","","","","","","","","","","","","",""
"6AAJ6HUT","conferencePaper","2011","","Formalizing institutions as executable petri nets for distributed robotic systems","ECAL 2011: The 11th European Conference on Artificial                     Life","","","10.7551/978-0-262-29714-1-ch098","https://direct.mit.edu/isal/article-abstract/doi/10.7551/978-0-262-29714-1-ch098","","2011","2024-04-14 04:29:42","2024-04-14 04:29:42","2024-04-14 04:29:41","","","","","","","","","","","","MIT Press","","","","","","","DOI.org (Crossref)","","","","C:\Users\User\Documents\99_Papers\_\2011_Formalizing institutions as executable petri nets for distributed robotic.pdf","","","","","","","","","","","","","","","","","","","","","","","","","","","","","","","","","","ECAL 2011: The 11th European Conference on Artificial                     Life","","","","","","","","","","","","","","",""
"BH94R4CE","conferencePaper","2011","","Robustness, evolvability, and accessibility in the signal- integration space of gene regulatory circuits","ECAL 2011: The 11th European Conference on Artificial                     Life","","","10.7551/978-0-262-29714-1-ch097","https://direct.mit.edu/isal/article-abstract/doi/10.7551/978-0-262-29714-1-ch097","","2011","2024-04-14 04:29:42","2024-04-14 04:29:42","2024-04-14 04:29:41","","","","","","","","","","","","MIT Press","","","","","","","DOI.org (Crossref)","","","","C:\Users\User\Documents\99_Papers\_\2011_Robustness, evolvability, and accessibility in the signal- integration space of.pdf","","","","","","","","","","","","","","","","","","","","","","","","","","","","","","","","","","ECAL 2011: The 11th European Conference on Artificial                     Life","","","","","","","","","","","","","","",""
"K63AG62N","conferencePaper","2011","","Homologous and nonhomologous rearrangements: Interactions and effects on evolvability","ECAL 2011: The 11th European Conference on Artificial                     Life","","","10.7551/978-0-262-29714-1-ch095","https://direct.mit.edu/isal/article-abstract/doi/10.7551/978-0-262-29714-1-ch095","","2011","2024-04-14 04:29:42","2024-04-14 04:29:42","2024-04-14 04:29:41","","","","","","","Homologous and nonhomologous rearrangements","","","","","MIT Press","","","","","","","DOI.org (Crossref)","","","","C:\Users\User\Documents\99_Papers\_\2011_Homologous and nonhomologous rearrangements.pdf","","","","","","","","","","","","","","","","","","","","","","","","","","","","","","","","","","ECAL 2011: The 11th European Conference on Artificial                     Life","","","","","","","","","","","","","","",""
"GZYJPH5P","conferencePaper","2011","","Evolutionary dynamics of collective action","ECAL 2011: The 11th European Conference on Artificial                     Life","","","10.7551/978-0-262-29714-1-ch093","https://direct.mit.edu/isal/article-abstract/doi/10.7551/978-0-262-29714-1-ch093","","2011","2024-04-14 04:29:42","2024-04-14 04:29:42","2024-04-14 04:29:41","","","","","","","","","","","","MIT Press","","","","","","","DOI.org (Crossref)","","","","C:\Users\User\Documents\99_Papers\_\2011_Evolutionary dynamics of collective action.pdf","","","","","","","","","","","","","","","","","","","","","","","","","","","","","","","","","","ECAL 2011: The 11th European Conference on Artificial                     Life","","","","","","","","","","","","","","",""
"BGI5PKLI","conferencePaper","2011","","Embodied copying for richer evolution","ECAL 2011: The 11th European Conference on Artificial                     Life","","","10.7551/978-0-262-29714-1-ch091","https://direct.mit.edu/isal/article-abstract/doi/10.7551/978-0-262-29714-1-ch091","","2011","2024-04-14 04:29:42","2024-04-14 04:29:42","2024-04-14 04:29:41","","","","","","","","","","","","MIT Press","","","","","","","DOI.org (Crossref)","","","","C:\Users\User\Documents\99_Papers\_\2011_Embodied copying for richer evolution.pdf","","","","","","","","","","","","","","","","","","","","","","","","","","","","","","","","","","ECAL 2011: The 11th European Conference on Artificial                     Life","","","","","","","","","","","","","","",""
"WGZY6PW9","conferencePaper","2011","","A checkpoint-orientated model to simulate unconstrained proliferation of cells","ECAL 2011: The 11th European Conference on Artificial                     Life","","","10.7551/978-0-262-29714-1-ch096","https://direct.mit.edu/isal/article-abstract/doi/10.7551/978-0-262-29714-1-ch096","","2011","2024-04-14 04:29:42","2024-04-14 04:29:42","2024-04-14 04:29:41","","","","","","","","","","","","MIT Press","","","","","","","DOI.org (Crossref)","","","","C:\Users\User\Documents\99_Papers\_\2011_A checkpoint-orientated model to simulate unconstrained proliferation of cells.pdf","","","","","","","","","","","","","","","","","","","","","","","","","","","","","","","","","","ECAL 2011: The 11th European Conference on Artificial                     Life","","","","","","","","","","","","","","",""
"MSCU2YV2","conferencePaper","2011","","The influence of whole genome duplication and subsequent diversification on environmental robustness and evolutionary innovation in gene regulatory networks","ECAL 2011: The 11th European Conference on Artificial                     Life","","","10.7551/978-0-262-29714-1-ch094","https://direct.mit.edu/isal/article-abstract/doi/10.7551/978-0-262-29714-1-ch094","","2011","2024-04-14 04:29:42","2024-04-14 04:29:42","2024-04-14 04:29:41","","","","","","","","","","","","MIT Press","","","","","","","DOI.org (Crossref)","","","","C:\Users\User\Documents\99_Papers\_\2011_The influence of whole genome duplication and subsequent diversification on.pdf","","","","","","","","","","","","","","","","","","","","","","","","","","","","","","","","","","ECAL 2011: The 11th European Conference on Artificial                     Life","","","","","","","","","","","","","","",""
"CXC72ZI3","conferencePaper","2011","","An Experiment in mixing evolving and preprogrammed robots","ECAL 2011: The 11th European Conference on Artificial                     Life","","","10.7551/978-0-262-29714-1-ch092","https://direct.mit.edu/isal/article-abstract/doi/10.7551/978-0-262-29714-1-ch092","","2011","2024-04-14 04:29:42","2024-04-14 04:29:42","2024-04-14 04:29:41","","","","","","","","","","","","MIT Press","","","","","","","DOI.org (Crossref)","","","","C:\Users\User\Documents\99_Papers\_\2011_An Experiment in mixing evolving and preprogrammed robots.pdf","","","","","","","","","","","","","","","","","","","","","","","","","","","","","","","","","","ECAL 2011: The 11th European Conference on Artificial                     Life","","","","","","","","","","","","","","",""
"YQT37JG5","conferencePaper","2011","","Embodied reaction logic in a simulated chemical computer","ECAL 2011: The 11th European Conference on Artificial                     Life","","","10.7551/978-0-262-29714-1-ch088","https://direct.mit.edu/isal/article-abstract/doi/10.7551/978-0-262-29714-1-ch088","","2011","2024-04-14 04:29:42","2024-04-14 04:29:42","2024-04-14 04:29:41","","","","","","","","","","","","MIT Press","","","","","","","DOI.org (Crossref)","","","","C:\Users\User\Documents\99_Papers\_\2011_Embodied reaction logic in a simulated chemical computer.pdf","","","","","","","","","","","","","","","","","","","","","","","","","","","","","","","","","","ECAL 2011: The 11th European Conference on Artificial                     Life","","","","","","","","","","","","","","",""
"LE8J67M8","conferencePaper","2011","","Identifying species by genetic clustering","ECAL 2011: The 11th European Conference on Artificial                     Life","","","10.7551/978-0-262-29714-1-ch087","https://direct.mit.edu/isal/article-abstract/doi/10.7551/978-0-262-29714-1-ch087","","2011","2024-04-14 04:29:42","2024-04-14 04:29:42","2024-04-14 04:29:41","","","","","","","","","","","","MIT Press","","","","","","","DOI.org (Crossref)","","","","C:\Users\User\Documents\99_Papers\_\2011_Identifying species by genetic clustering.pdf","","","","","","","","","","","","","","","","","","","","","","","","","","","","","","","","","","ECAL 2011: The 11th European Conference on Artificial                     Life","","","","","","","","","","","","","","",""
"BDMI64ZT","conferencePaper","2011","","Learning symbolic forward models for robotic motion planning and control","ECAL 2011: The 11th European Conference on Artificial                     Life","","","10.7551/978-0-262-29714-1-ch086","https://direct.mit.edu/isal/article-abstract/doi/10.7551/978-0-262-29714-1-ch086","","2011","2024-04-14 04:29:42","2024-04-14 04:29:42","2024-04-14 04:29:41","","","","","","","","","","","","MIT Press","","","","","","","DOI.org (Crossref)","","","","C:\Users\User\Documents\99_Papers\_\2011_Learning symbolic forward models for robotic motion planning and control.pdf","","","","","","","","","","","","","","","","","","","","","","","","","","","","","","","","","","ECAL 2011: The 11th European Conference on Artificial                     Life","","","","","","","","","","","","","","",""
"9SJYUHPE","conferencePaper","2011","","Evolution of self-Maintaining cellular Information processing networks","ECAL 2011: The 11th European Conference on Artificial                     Life","","","10.7551/978-0-262-29714-1-ch081","https://direct.mit.edu/isal/article-abstract/doi/10.7551/978-0-262-29714-1-ch081","","2011","2024-04-14 04:29:42","2024-04-14 04:29:42","2024-04-14 04:29:41","","","","","","","","","","","","MIT Press","","","","","","","DOI.org (Crossref)","","","","C:\Users\User\Documents\99_Papers\_\2011_Evolution of self-Maintaining cellular Information processing networks.pdf","","","","","","","","","","","","","","","","","","","","","","","","","","","","","","","","","","ECAL 2011: The 11th European Conference on Artificial                     Life","","","","","","","","","","","","","","",""
"NYL8WRWM","conferencePaper","2011","","Autonomous learning in an information stream through autopoiesis","ECAL 2011: The 11th European Conference on Artificial                     Life","","","10.7551/978-0-262-29714-1-ch090","https://direct.mit.edu/isal/article-abstract/doi/10.7551/978-0-262-29714-1-ch090","","2011","2024-04-14 04:29:42","2024-04-14 04:29:42","2024-04-14 04:29:41","","","","","","","","","","","","MIT Press","","","","","","","DOI.org (Crossref)","","","","C:\Users\User\Documents\99_Papers\_\2011_Autonomous learning in an information stream through autopoiesis.pdf","","","","","","","","","","","","","","","","","","","","","","","","","","","","","","","","","","ECAL 2011: The 11th European Conference on Artificial                     Life","","","","","","","","","","","","","","",""
"IHP5B99R","conferencePaper","2011","","Virtual fluid environment on behavior ability for artificial creature","ECAL 2011: The 11th European Conference on Artificial                     Life","","","10.7551/978-0-262-29714-1-ch089","https://direct.mit.edu/isal/article-abstract/doi/10.7551/978-0-262-29714-1-ch089","","2011","2024-04-14 04:29:42","2024-04-14 04:29:42","2024-04-14 04:29:41","","","","","","","","","","","","MIT Press","","","","","","","DOI.org (Crossref)","","","","C:\Users\User\Documents\99_Papers\_\2011_Virtual fluid environment on behavior ability for artificial creature.pdf","","","","","","","","","","","","","","","","","","","","","","","","","","","","","","","","","","ECAL 2011: The 11th European Conference on Artificial                     Life","","","","","","","","","","","","","","",""
"XPDJQTNT","conferencePaper","2011","","Surviving the tragedy of commons: Emergence of altruism in a population of evolving autonomous agents","ECAL 2011: The 11th European Conference on Artificial                     Life","","","10.7551/978-0-262-29714-1-ch085","https://direct.mit.edu/isal/article-abstract/doi/10.7551/978-0-262-29714-1-ch085","","2011","2024-04-14 04:29:42","2024-04-14 04:29:42","2024-04-14 04:29:41","","","","","","","Surviving the tragedy of commons","","","","","MIT Press","","","","","","","DOI.org (Crossref)","","","","C:\Users\User\Documents\99_Papers\_\2011_Surviving the tragedy of commons.pdf; C:\Users\User\Documents\99_Papers\_\2011_Surviving the tragedy of commons2.pdf","","","","","","","","","","","","","","","","","","","","","","","","","","","","","","","","","","ECAL 2011: The 11th European Conference on Artificial                     Life","","","","","","","","","","","","","","",""
"VITG3YJI","conferencePaper","2011","","A cultural evolutionary model for artifact capabilities","ECAL 2011: The 11th European Conference on Artificial                     Life","","","10.7551/978-0-262-29714-1-ch084","https://direct.mit.edu/isal/article-abstract/doi/10.7551/978-0-262-29714-1-ch084","","2011","2024-04-14 04:29:42","2024-04-14 04:29:42","2024-04-14 04:29:41","","","","","","","","","","","","MIT Press","","","","","","","DOI.org (Crossref)","","","","C:\Users\User\Documents\99_Papers\_\2011_A cultural evolutionary model for artifact capabilities.pdf","","","","","","","","","","","","","","","","","","","","","","","","","","","","","","","","","","ECAL 2011: The 11th European Conference on Artificial                     Life","","","","","","","","","","","","","","",""
"MLT7KQUE","conferencePaper","2011","","Modeling cell division of B. Subtilis using dynamic division of reaction spaces in a membrane artificial chemistry","ECAL 2011: The 11th European Conference on Artificial                     Life","","","10.7551/978-0-262-29714-1-ch083","https://direct.mit.edu/isal/article-abstract/doi/10.7551/978-0-262-29714-1-ch083","","2011","2024-04-14 04:29:42","2024-04-14 04:29:42","2024-04-14 04:29:41","","","","","","","","","","","","MIT Press","","","","","","","DOI.org (Crossref)","","","","C:\Users\User\Documents\99_Papers\_\2011_Modeling cell division of B.pdf","","","","","","","","","","","","","","","","","","","","","","","","","","","","","","","","","","ECAL 2011: The 11th European Conference on Artificial                     Life","","","","","","","","","","","","","","",""
"CCAKVEV7","conferencePaper","2011","","Digital sex: Causes and consequences","ECAL 2011: The 11th European Conference on Artificial                     Life","","","10.7551/978-0-262-29714-1-ch082","https://direct.mit.edu/isal/article-abstract/doi/10.7551/978-0-262-29714-1-ch082","","2011","2024-04-14 04:29:42","2024-04-14 04:29:42","2024-04-14 04:29:41","","","","","","","Digital sex","","","","","MIT Press","","","","","","","DOI.org (Crossref)","","","","C:\Users\User\Documents\99_Papers\_\2011_Digital sex.pdf","","","","","","","","","","","","","","","","","","","","","","","","","","","","","","","","","","ECAL 2011: The 11th European Conference on Artificial                     Life","","","","","","","","","","","","","","",""
"47K9DAM8","conferencePaper","2011","","Devil in the details: Analysis of a coevolutionary model of language evolution via relaxation of selection","ECAL 2011: The 11th European Conference on Artificial                     Life","","","10.7551/978-0-262-29714-1-ch080","https://direct.mit.edu/isal/article-abstract/doi/10.7551/978-0-262-29714-1-ch080","","2011","2024-04-14 04:29:42","2024-04-14 04:29:42","2024-04-14 04:29:41","","","","","","","Devil in the details","","","","","MIT Press","","","","","","","DOI.org (Crossref)","","","","C:\Users\User\Documents\99_Papers\_\2011_Devil in the details.pdf","","","","","","","","","","","","","","","","","","","","","","","","","","","","","","","","","","ECAL 2011: The 11th European Conference on Artificial                     Life","","","","","","","","","","","","","","",""
"QM8EWF2S","conferencePaper","2011","","Robotic approach to understand the role of vicarious trial-and-error in a T-maze task","ECAL 2011: The 11th European Conference on Artificial                     Life","","","10.7551/978-0-262-29714-1-ch079","https://direct.mit.edu/isal/article-abstract/doi/10.7551/978-0-262-29714-1-ch079","","2011","2024-04-14 04:29:42","2024-04-14 04:29:42","2024-04-14 04:29:41","","","","","","","","","","","","MIT Press","","","","","","","DOI.org (Crossref)","","","","C:\Users\User\Documents\99_Papers\_\2011_Robotic approach to understand the role of vicarious trial-and-error in a.pdf","","","","","","","","","","","","","","","","","","","","","","","","","","","","","","","","","","ECAL 2011: The 11th European Conference on Artificial                     Life","","","","","","","","","","","","","","",""
"YXLU7GM6","conferencePaper","2011","","Tipping the scales: guidance and intrinsically motivated behavior","ECAL 2011: The 11th European Conference on Artificial                     Life","","","10.7551/978-0-262-29714-1-ch078","https://direct.mit.edu/isal/article-abstract/doi/10.7551/978-0-262-29714-1-ch078","","2011","2024-04-14 04:29:42","2024-04-14 04:29:42","2024-04-14 04:29:41","","","","","","","Tipping the scales","","","","","MIT Press","","","","","","","DOI.org (Crossref)","","","","C:\Users\User\Documents\99_Papers\_\2011_Tipping the scales.pdf","","","","","","","","","","","","","","","","","","","","","","","","","","","","","","","","","","ECAL 2011: The 11th European Conference on Artificial                     Life","","","","","","","","","","","","","","",""
"3448PJAR","conferencePaper","2011","","Evolution of partner selection","ECAL 2011: The 11th European Conference on Artificial                     Life","","","10.7551/978-0-262-29714-1-ch075","https://direct.mit.edu/isal/article-abstract/doi/10.7551/978-0-262-29714-1-ch075","","2011","2024-04-14 04:29:42","2024-04-14 04:29:42","2024-04-14 04:29:41","","","","","","","","","","","","MIT Press","","","","","","","DOI.org (Crossref)","","","","C:\Users\User\Documents\99_Papers\_\2011_Evolution of partner selection.pdf","","","","","","","","","","","","","","","","","","","","","","","","","","","","","","","","","","ECAL 2011: The 11th European Conference on Artificial                     Life","","","","","","","","","","","","","","",""
"WK4DPW9F","conferencePaper","2011","","Evolutionary acquisition of genetic program for death","ECAL 2011: The 11th European Conference on Artificial                     Life","","","10.7551/978-0-262-29714-1-ch074","https://direct.mit.edu/isal/article-abstract/doi/10.7551/978-0-262-29714-1-ch074","","2011","2024-04-14 04:29:42","2024-04-14 04:29:42","2024-04-14 04:29:41","","","","","","","","","","","","MIT Press","","","","","","","DOI.org (Crossref)","","","","C:\Users\User\Documents\99_Papers\_\2011_Evolutionary acquisition of genetic program for death.pdf","","","","","","","","","","","","","","","","","","","","","","","","","","","","","","","","","","ECAL 2011: The 11th European Conference on Artificial                     Life","","","","","","","","","","","","","","",""
"5JINGKPR","conferencePaper","2011","","Cognitive conditions to the emergence of sign interpretation in artificial creatures","ECAL 2011: The 11th European Conference on Artificial                     Life","","","10.7551/978-0-262-29714-1-ch073","https://direct.mit.edu/isal/article-abstract/doi/10.7551/978-0-262-29714-1-ch073","","2011","2024-04-14 04:29:42","2024-04-14 04:29:42","2024-04-14 04:29:41","","","","","","","","","","","","MIT Press","","","","","","","DOI.org (Crossref)","","","","C:\Users\User\Documents\99_Papers\_\2011_Cognitive conditions to the emergence of sign interpretation in artificial.pdf","","","","","","","","","","","","","","","","","","","","","","","","","","","","","","","","","","ECAL 2011: The 11th European Conference on Artificial                     Life","","","","","","","","","","","","","","",""
"39QHYCJN","conferencePaper","2011","","Controlling legged robots with coupled artificial biochemical networks","ECAL 2011: The 11th European Conference on Artificial                     Life","","","10.7551/978-0-262-29714-1-ch072","https://direct.mit.edu/isal/article-abstract/doi/10.7551/978-0-262-29714-1-ch072","","2011","2024-04-14 04:29:42","2024-04-14 04:29:42","2024-04-14 04:29:41","","","","","","","","","","","","MIT Press","","","","","","","DOI.org (Crossref)","","","","C:\Users\User\Documents\99_Papers\_\2011_Controlling legged robots with coupled artificial biochemical networks.pdf","","","","","","","","","","","","","","","","","","","","","","","","","","","","","","","","","","ECAL 2011: The 11th European Conference on Artificial                     Life","","","","","","","","","","","","","","",""
"NRR2SSI6","conferencePaper","2011","","Computational capabilities of small-world Boolean networks","ECAL 2011: The 11th European Conference on Artificial                     Life","","","10.7551/978-0-262-29714-1-ch071","https://direct.mit.edu/isal/article-abstract/doi/10.7551/978-0-262-29714-1-ch071","","2011","2024-04-14 04:29:42","2024-04-14 04:29:42","2024-04-14 04:29:41","","","","","","","","","","","","MIT Press","","","","","","","DOI.org (Crossref)","","","","C:\Users\User\Documents\99_Papers\_\2011_Computational capabilities of small-world Boolean networks.pdf","","","","","","","","","","","","","","","","","","","","","","","","","","","","","","","","","","ECAL 2011: The 11th European Conference on Artificial                     Life","","","","","","","","","","","","","","",""
"HUCRUT8A","conferencePaper","2011","","Polyethism in a colony of artificial ants","ECAL 2011: The 11th European Conference on Artificial                     Life","","","10.7551/978-0-262-29714-1-ch077","https://direct.mit.edu/isal/article-abstract/doi/10.7551/978-0-262-29714-1-ch077","","2011","2024-04-14 04:29:42","2024-04-14 04:29:42","2024-04-14 04:29:41","","","","","","","","","","","","MIT Press","","","","","","","DOI.org (Crossref)","","","","C:\Users\User\Documents\99_Papers\_\2011_Polyethism in a colony of artificial ants.pdf","","","","","","","","","","","","","","","","","","","","","","","","","","","","","","","","","","ECAL 2011: The 11th European Conference on Artificial                     Life","","","","","","","","","","","","","","",""
"H28A5DZ6","conferencePaper","2011","","Evolutionary attributes of simulated prebiotic metabolic networks","ECAL 2011: The 11th European Conference on Artificial                     Life","","","10.7551/978-0-262-29714-1-ch076","https://direct.mit.edu/isal/article-abstract/doi/10.7551/978-0-262-29714-1-ch076","","2011","2024-04-14 04:29:42","2024-04-14 04:29:42","2024-04-14 04:29:41","","","","","","","","","","","","MIT Press","","","","","","","DOI.org (Crossref)","","","","C:\Users\User\Documents\99_Papers\_\2011_Evolutionary attributes of simulated prebiotic metabolic networks.pdf","","","","","","","","","","","","","","","","","","","","","","","","","","","","","","","","","","ECAL 2011: The 11th European Conference on Artificial                     Life","","","","","","","","","","","","","","",""
"VG9EQDAJ","conferencePaper","2011","","Encouraging networks modularity by Seeding Motifs","ECAL 2011: The 11th European Conference on Artificial                     Life","","","10.7551/978-0-262-29714-1-ch070","https://direct.mit.edu/isal/article-abstract/doi/10.7551/978-0-262-29714-1-ch070","","2011","2024-04-14 04:29:42","2024-04-14 04:29:42","2024-04-14 04:29:41","","","","","","","","","","","","MIT Press","","","","","","","DOI.org (Crossref)","","","","C:\Users\User\Documents\99_Papers\_\2011_Encouraging networks modularity by Seeding Motifs.pdf","","","","","","","","","","","","","","","","","","","","","","","","","","","","","","","","","","ECAL 2011: The 11th European Conference on Artificial                     Life","","","","","","","","","","","","","","",""
"XZWQ8H2R","conferencePaper","2011","","Reaction flow artificial chemistries","ECAL 2011: The 11th European Conference on Artificial                     Life","","","10.7551/978-0-262-29714-1-ch066","https://direct.mit.edu/isal/article-abstract/doi/10.7551/978-0-262-29714-1-ch066","","2011","2024-04-14 04:29:42","2024-04-14 04:29:42","2024-04-14 04:29:41","","","","","","","","","","","","MIT Press","","","","","","","DOI.org (Crossref)","","","","C:\Users\User\Documents\99_Papers\_\2011_Reaction flow artificial chemistries.pdf","","","","","","","","","","","","","","","","","","","","","","","","","","","","","","","","","","ECAL 2011: The 11th European Conference on Artificial                     Life","","","","","","","","","","","","","","",""
"DD2D3PR3","conferencePaper","2011","","Prediction and modularity in dynamical systems","ECAL 2011: The 11th European Conference on Artificial                     Life","","","10.7551/978-0-262-29714-1-ch065","https://direct.mit.edu/isal/article-abstract/doi/10.7551/978-0-262-29714-1-ch065","","2011","2024-04-14 04:29:42","2024-04-14 04:29:42","2024-04-14 04:29:41","","","","","","","","","","","","MIT Press","","","","","","","DOI.org (Crossref)","","","","C:\Users\User\Documents\99_Papers\_\2011_Prediction and modularity in dynamical systems.pdf","","","","","","","","","","","","","","","","","","","","","","","","","","","","","","","","","","ECAL 2011: The 11th European Conference on Artificial                     Life","","","","","","","","","","","","","","",""
"XSITWB83","conferencePaper","2011","","Scalable co-evolution of soft robot properties and gaits","ECAL 2011: The 11th European Conference on Artificial                     Life","","","10.7551/978-0-262-29714-1-ch064","https://direct.mit.edu/isal/article-abstract/doi/10.7551/978-0-262-29714-1-ch064","","2011","2024-04-14 04:29:42","2024-04-14 04:29:42","2024-04-14 04:29:41","","","","","","","","","","","","MIT Press","","","","","","","DOI.org (Crossref)","","","","C:\Users\User\Documents\99_Papers\_\2011_Scalable co-evolution of soft robot properties and gaits.pdf","","","","","","","","","","","","","","","","","","","","","","","","","","","","","","","","","","ECAL 2011: The 11th European Conference on Artificial                     Life","","","","","","","","","","","","","","",""
"PWV6SCUB","conferencePaper","2011","","Parsimonious modeling of scaling laws in genomes and transcriptomes","ECAL 2011: The 11th European Conference on Artificial                     Life","","","10.7551/978-0-262-29714-1-ch063","https://direct.mit.edu/isal/article-abstract/doi/10.7551/978-0-262-29714-1-ch063","","2011","2024-04-14 04:29:42","2024-04-14 04:29:42","2024-04-14 04:29:41","","","","","","","","","","","","MIT Press","","","","","","","DOI.org (Crossref)","","","","C:\Users\User\Documents\99_Papers\_\2011_Parsimonious modeling of scaling laws in genomes and transcriptomes.pdf","","","","","","","","","","","","","","","","","","","","","","","","","","","","","","","","","","ECAL 2011: The 11th European Conference on Artificial                     Life","","","","","","","","","","","","","","",""
"D9YD2ZJX","conferencePaper","2011","Yosinski, Jason; Clune, Jeff; Hidalgo, Diana; Nguyen, Sarah; Zagal, Juan Cristobal; Lipson, Hod","Evolving robot gaits in hardware: the HyperNEAT generative encoding vs. parameter optimization (full article)","","","","10.7551/978-0-262-29714-1-ch134","https://dx.doi.org/10.7551/978-0-262-29714-1-ch134","","2011-08-01","2024-04-16 03:05:01","2024-04-16 03:05:01","2024-04-16 03:05:01","","","","","","","Evolving robot gaits in hardware","","","","","MIT Press","","en","","","","","direct.mit.edu","","","","C:\Users\User\Documents\99_Papers\YosinskiJ et al\Yosinski et al_2011_Evolving robot gaits in hardware.pdf","","","","","","","","","","","","","","","","","","","","","","","","","","","","","","","","","","ECAL 2011: The 11th European Conference on Artificial Life","","","","","","","","","","","","","","",""