"Key","Item Type","Publication Year","Author","Title","Publication Title","ISBN","ISSN","DOI","Url","Abstract Note","Date","Date Added","Date Modified","Access Date","Pages","Num Pages","Issue","Volume","Number Of Volumes","Journal Abbreviation","Short Title","Series","Series Number","Series Text","Series Title","Publisher","Place","Language","Rights","Type","Archive","Archive Location","Library Catalog","Call Number","Extra","Notes","File Attachments","Link Attachments","Manual Tags","Automatic Tags","Editor","Series Editor","Translator","Contributor","Attorney Agent","Book Author","Cast Member","Commenter","Composer","Cosponsor","Counsel","Interviewer","Producer","Recipient","Reviewed Author","Scriptwriter","Words By","Guest","Number","Edition","Running Time","Scale","Medium","Artwork Size","Filing Date","Application Number","Assignee","Issuing Authority","Country","Meeting Name","Conference Name","Court","References","Reporter","Legal Status","Priority Numbers","Programming Language","Version","System","Code","Code Number","Section","Session","Committee","History","Legislative Body"
"JKAHKKV3","conferencePaper","2013","Tudge, Simon; Watson, Richard; Brede, Markus","Cooperation and the Division of Labour","","","","10.1162/978-0-262-31709-2-ch001","https://dx.doi.org/10.1162/978-0-262-31709-2-ch001","","2013-09-01","2024-04-15 04:16:58","2024-04-15 04:16:58","2024-04-15 04:16:58","1-8","","","","","","","","","","","MIT Press","","en","","","","","direct.mit.edu","","","","C:\Users\User\Documents\99_Papers\TudgeS et al\Tudge et al_2013_Cooperation and the Division of Labour.pdf","","","","","","","","","","","","","","","","","","","","","","","","","","","","","","","","","","ECAL 2013: The Twelfth European Conference on Artificial Life","","","","","","","","","","","","","","",""
"TLRAVQ75","conferencePaper","2013","Kuruma, Yutetsu; Matsubayashi, Hideaki","Autonomous construction of synthetic cell membrane","","","","10.1162/978-0-262-31709-2-ch002","https://dx.doi.org/10.1162/978-0-262-31709-2-ch002","","2013-09-01","2024-04-15 04:16:59","2024-04-15 04:16:59","2024-04-15 04:16:59","9-10","","","","","","","","","","","MIT Press","","en","","","","","direct.mit.edu","","","","C:\Users\User\Documents\99_Papers\KurumaY_MatsubayashiH\Kuruma_Matsubayashi_2013_Autonomous construction of synthetic cell membrane.pdf","","","","","","","","","","","","","","","","","","","","","","","","","","","","","","","","","","ECAL 2013: The Twelfth European Conference on Artificial Life","","","","","","","","","","","","","","",""
"SJ5JZH4B","conferencePaper","2013","Moore, Jared; Gutmann, Anne; Craig, McGowan; McKinley, Philip","Exploring the Role of the Tail in Bipedal Hopping through Computational Evolution","","","","10.1162/978-0-262-31709-2-ch003","https://dx.doi.org/10.1162/978-0-262-31709-2-ch003","","2013-09-01","2024-04-15 04:17:00","2024-04-15 04:17:00","2024-04-15 04:17:00","11-18","","","","","","","","","","","MIT Press","","en","","","","","direct.mit.edu","","","","C:\Users\User\Documents\99_Papers\MooreJ et al\Moore et al_2013_Exploring the Role of the Tail in Bipedal Hopping through Computational.pdf","","","","","","","","","","","","","","","","","","","","","","","","","","","","","","","","","","ECAL 2013: The Twelfth European Conference on Artificial Life","","","","","","","","","","","","","","",""
"YKBWHHKR","conferencePaper","2013","Kiryazov, Kiril; Lowe, Robert","The role of arousal in embodying the cueXdeficit model in multi-resource human-robot interaction","","","","10.1162/978-0-262-31709-2-ch004","https://dx.doi.org/10.1162/978-0-262-31709-2-ch004","","2013-09-01","2024-04-15 04:17:01","2024-04-15 04:17:01","2024-04-15 04:17:01","19-26","","","","","","","","","","","MIT Press","","en","","","","","direct.mit.edu","","","","C:\Users\User\Documents\99_Papers\KiryazovK_LoweR\Kiryazov_Lowe_2013_The role of arousal in embodying the cueXdeficit model in multi-resource.pdf","","","","","","","","","","","","","","","","","","","","","","","","","","","","","","","","","","ECAL 2013: The Twelfth European Conference on Artificial Life","","","","","","","","","","","","","","",""
"XI4P9W6X","conferencePaper","2013","Alderton, Simon; Noble, Jason; Atkinson, Peter","Simulating Sleeping Sickness: a two host agent-based model","","","","10.1162/978-0-262-31709-2-ch005","https://dx.doi.org/10.1162/978-0-262-31709-2-ch005","","2013-09-01","2024-04-15 04:17:02","2024-04-15 04:17:02","2024-04-15 04:17:02","27-34","","","","","","Simulating Sleeping Sickness","","","","","MIT Press","","en","","","","","direct.mit.edu","","","","C:\Users\User\Documents\99_Papers\AldertonS et al\Alderton et al_2013_Simulating Sleeping Sickness.pdf","","","","","","","","","","","","","","","","","","","","","","","","","","","","","","","","","","ECAL 2013: The Twelfth European Conference on Artificial Life","","","","","","","","","","","","","","",""
"CLJGUIRT","conferencePaper","2013","Erskine, Adam; Herrmann, J. Michael","Cell Division Behaviour in a Heterogeneous Swarm Environment","","","","10.1162/978-0-262-31709-2-ch006","https://dx.doi.org/10.1162/978-0-262-31709-2-ch006","","2013-09-01","2024-04-15 04:17:03","2024-04-15 04:17:03","2024-04-15 04:17:03","35-42","","","","","","","","","","","MIT Press","","en","","","","","direct.mit.edu","","","","C:\Users\User\Documents\99_Papers\ErskineA_HerrmannJ\Erskine_Herrmann_2013_Cell Division Behaviour in a Heterogeneous Swarm Environment.pdf","","","","","","","","","","","","","","","","","","","","","","","","","","","","","","","","","","ECAL 2013: The Twelfth European Conference on Artificial Life","","","","","","","","","","","","","","",""
"UG2Z4VJP","conferencePaper","2013","Izquierdo, Eduardo; Aguilera, Miguel; Beer, Randall","Analysis of Ultrastability in Small Dynamical Recurrent Neural Networks","","","","10.1162/978-0-262-31709-2-ch008","https://dx.doi.org/10.1162/978-0-262-31709-2-ch008","","2013-09-01","2024-04-15 04:17:04","2024-04-15 04:17:04","2024-04-15 04:17:05","51-58","","","","","","","","","","","MIT Press","","en","","","","","direct.mit.edu","","","","C:\Users\User\Documents\99_Papers\IzquierdoE et al\Izquierdo et al_2013_Analysis of Ultrastability in Small Dynamical Recurrent Neural Networks.pdf","","","","","","","","","","","","","","","","","","","","","","","","","","","","","","","","","","ECAL 2013: The Twelfth European Conference on Artificial Life","","","","","","","","","","","","","","",""
"HUTE4NY8","conferencePaper","2013","Pechenick, Dov; Moore, Jason; Payne, Joshua","The influence of assortativity on the robustness and evolvability of gene regulatory networks upon gene birth","","","","10.1162/978-0-262-31709-2-ch009","https://dx.doi.org/10.1162/978-0-262-31709-2-ch009","","2013-09-01","2024-04-15 04:17:05","2024-04-15 04:17:05","2024-04-15 04:17:05","59-60","","","","","","","","","","","MIT Press","","en","","","","","direct.mit.edu","","","","C:\Users\User\Documents\99_Papers\PechenickD et al\Pechenick et al_2013_The influence of assortativity on the robustness and evolvability of gene.pdf","","","","","","","","","","","","","","","","","","","","","","","","","","","","","","","","","","ECAL 2013: The Twelfth European Conference on Artificial Life","","","","","","","","","","","","","","",""
"M5E6Q46A","conferencePaper","2013","Pinheiro, Flavio; Vasconcelos, Vitor; Santos, Francisco; Pacheco, Jorge","Self-organized game dynamics in complex networks","","","","10.1162/978-0-262-31709-2-ch010","https://dx.doi.org/10.1162/978-0-262-31709-2-ch010","","2013-09-01","2024-04-15 04:17:06","2024-04-15 04:17:06","2024-04-15 04:17:06","61-62","","","","","","","","","","","MIT Press","","en","","","","","direct.mit.edu","","","","C:\Users\User\Documents\99_Papers\PinheiroF et al\Pinheiro et al_2013_Self-organized game dynamics in complex networks.pdf","","","","","","","","","","","","","","","","","","","","","","","","","","","","","","","","","","ECAL 2013: The Twelfth European Conference on Artificial Life","","","","","","","","","","","","","","",""
"AG7A8KY7","conferencePaper","2013","Nichele, Stefano; Tufte, Gunnar","Evolution of Incremental Complex Behavior on Cellular Machines","","","","10.1162/978-0-262-31709-2-ch011","https://dx.doi.org/10.1162/978-0-262-31709-2-ch011","","2013-09-01","2024-04-15 04:17:07","2024-04-15 04:17:07","2024-04-15 04:17:07","63-70","","","","","","","","","","","MIT Press","","en","","","","","direct.mit.edu","","","","C:\Users\User\Documents\99_Papers\NicheleS_TufteG\Nichele_Tufte_2013_Evolution of Incremental Complex Behavior on Cellular Machines.pdf","","","","","","","","","","","","","","","","","","","","","","","","","","","","","","","","","","ECAL 2013: The Twelfth European Conference on Artificial Life","","","","","","","","","","","","","","",""
"FBU3J6H2","conferencePaper","2013","Rosenkind, Micah; Arnold, David","A Temporal Pattern Predictor for Virtual Characters","","","","10.1162/978-0-262-31709-2-ch013","https://dx.doi.org/10.1162/978-0-262-31709-2-ch013","","2013-09-01","2024-04-15 04:17:09","2024-04-15 04:17:09","2024-04-15 04:17:09","79-85","","","","","","","","","","","MIT Press","","en","","","","","direct.mit.edu","","","","C:\Users\User\Documents\99_Papers\RosenkindM_ArnoldD\Rosenkind_Arnold_2013_A Temporal Pattern Predictor for Virtual Characters.pdf","","","","","","","","","","","","","","","","","","","","","","","","","","","","","","","","","","ECAL 2013: The Twelfth European Conference on Artificial Life","","","","","","","","","","","","","","",""
"IFFJWXSU","conferencePaper","2013","Pan, Qinxin; Hu, Ting; Andrew, Angeline","Bladder Cancer Specific Pathway Interaction Networks","","","","10.1162/978-0-262-31709-2-ch015","https://dx.doi.org/10.1162/978-0-262-31709-2-ch015","","2013-09-01","2024-04-15 04:17:11","2024-04-15 04:17:11","2024-04-15 04:17:11","94-101","","","","","","","","","","","MIT Press","","en","","","","","direct.mit.edu","","","","C:\Users\User\Documents\99_Papers\PanQ et al\Pan et al_2013_Bladder Cancer Specific Pathway Interaction Networks.pdf","","","","","","","","","","","","","","","","","","","","","","","","","","","","","","","","","","ECAL 2013: The Twelfth European Conference on Artificial Life","","","","","","","","","","","","","","",""
"GY24ENSQ","conferencePaper","2013","Tan, Jie; Moore, Jason; Urbanowicz, Ryan","Rapid Rule Compaction Strategies for Global Knowledge Discovery in a Supervised Learning Classifier System","","","","10.1162/978-0-262-31709-2-ch017","https://dx.doi.org/10.1162/978-0-262-31709-2-ch017","","2013-09-01","2024-04-15 04:17:11","2024-04-15 04:17:11","2024-04-15 04:17:11","110-117","","","","","","","","","","","MIT Press","","en","","","","","direct.mit.edu","","","","C:\Users\User\Documents\99_Papers\TanJ et al\Tan et al_2013_Rapid Rule Compaction Strategies for Global Knowledge Discovery in a Supervised.pdf","","","","","","","","","","","","","","","","","","","","","","","","","","","","","","","","","","ECAL 2013: The Twelfth European Conference on Artificial Life","","","","","","","","","","","","","","",""
"LIMNKK2L","conferencePaper","2013","Miletitch, Roman; Trianni, Vito; Campo, Alexandre; Dorigo, Marco","Information Aggregation Mechanisms in Social Odometry","","","","10.1162/978-0-262-31709-2-ch016","https://dx.doi.org/10.1162/978-0-262-31709-2-ch016","","2013-09-01","2024-04-15 04:17:14","2024-04-15 04:17:14","2024-04-15 04:17:14","102-109","","","","","","","","","","","MIT Press","","en","","","","","direct.mit.edu","","","","C:\Users\User\Documents\99_Papers\MiletitchR et al\Miletitch et al_2013_Information Aggregation Mechanisms in Social Odometry.pdf","","","","","","","","","","","","","","","","","","","","","","","","","","","","","","","","","","ECAL 2013: The Twelfth European Conference on Artificial Life","","","","","","","","","","","","","","",""
"SQVFIH9D","conferencePaper","2013","Beslon, Guillaume; Batut, Berenice; Parsons, David; Schneider, Dominique; Knibbe, Carole","An alife game to teach evolution of antibiotic resistance","","","","10.1162/978-0-262-31709-2-ch007","https://dx.doi.org/10.1162/978-0-262-31709-2-ch007","","2013-09-01","2024-04-15 04:17:17","2024-04-15 04:17:17","2024-04-15 04:17:17","43-50","","","","","","","","","","","MIT Press","","en","","","","","direct.mit.edu","","","","C:\Users\User\Documents\99_Papers\BeslonG et al\Beslon et al_2013_An alife game to teach evolution of antibiotic resistance.pdf","","","","","","","","","","","","","","","","","","","","","","","","","","","","","","","","","","ECAL 2013: The Twelfth European Conference on Artificial Life","","","","","","","","","","","","","","",""
"487AI2II","conferencePaper","2013","Hickinbotham, Simon; Weeks, Michael; Austin, James","The ALife Zoo: cross-browser, platform-agnostic hosting of Artificial Life simulations","","","","10.1162/978-0-262-31709-2-ch012","https://dx.doi.org/10.1162/978-0-262-31709-2-ch012","","2013-09-01","2024-04-15 04:17:22","2024-04-15 04:17:22","2024-04-15 04:17:22","71-78","","","","","","The ALife Zoo","","","","","MIT Press","","en","","","","","direct.mit.edu","","","","C:\Users\User\Documents\99_Papers\HickinbothamS et al\Hickinbotham et al_2013_The ALife Zoo.pdf","","","","","","","","","","","","","","","","","","","","","","","","","","","","","","","","","","ECAL 2013: The Twelfth European Conference on Artificial Life","","","","","","","","","","","","","","",""
"P4L9W9VS","conferencePaper","2013","Williams, Lance","Evolution of Tail-Call Optimization in a Population of Self-Hosting Compilers","","","","10.1162/978-0-262-31709-2-ch014","https://dx.doi.org/10.1162/978-0-262-31709-2-ch014","","2013-09-01","2024-04-15 04:17:25","2024-04-15 04:17:25","2024-04-15 04:17:25","86-93","","","","","","","","","","","MIT Press","","en","","","","","direct.mit.edu","","","","C:\Users\User\Documents\99_Papers\WilliamsL\Williams_2013_Evolution of Tail-Call Optimization in a Population of Self-Hosting Compilers.pdf","","","","","","","","","","","","","","","","","","","","","","","","","","","","","","","","","","ECAL 2013: The Twelfth European Conference on Artificial Life","","","","","","","","","","","","","","",""
"7AMY6T4F","conferencePaper","2013","Salge, Christoph; Glackin, Cornelius; Polani, Daniel","Empowerment and State-dependent Noise - An Intrinsic Motivation for Avoiding Unpredictable Agents","","","","10.1162/978-0-262-31709-2-ch018","https://dx.doi.org/10.1162/978-0-262-31709-2-ch018","","2013-09-01","2024-04-15 04:17:26","2024-04-15 04:17:26","2024-04-15 04:17:26","118-125","","","","","","","","","","","MIT Press","","en","","","","","direct.mit.edu","","","","C:\Users\User\Documents\99_Papers\SalgeC et al\Salge et al_2013_Empowerment and State-dependent Noise - An Intrinsic Motivation for Avoiding.pdf","","","","","","","","","","","","","","","","","","","","","","","","","","","","","","","","","","ECAL 2013: The Twelfth European Conference on Artificial Life","","","","","","","","","","","","","","",""
"AIXHW7MM","conferencePaper","2013","Olson, Randal; Mirmomeni, Masoud; Brom, Tim; Bruger, Eric; Hintze, Arend; Knoester, David; Adami, Christoph","Evolved digital ecosystems: Dynamic steady state, not optimal fixed point","","","","10.1162/978-0-262-31709-2-ch019","https://dx.doi.org/10.1162/978-0-262-31709-2-ch019","","2013-09-01","2024-04-15 04:17:28","2024-04-15 04:17:28","2024-04-15 04:17:28","126-133","","","","","","Evolved digital ecosystems","","","","","MIT Press","","en","","","","","direct.mit.edu","","","","C:\Users\User\Documents\99_Papers\OlsonR et al\Olson et al_2013_Evolved digital ecosystems.pdf","","","","","","","","","","","","","","","","","","","","","","","","","","","","","","","","","","ECAL 2013: The Twelfth European Conference on Artificial Life","","","","","","","","","","","","","","",""
"ETRFZ3WF","conferencePaper","2013","Omer, Markovitch; Doron, Lancet","Prebiotic Evolution of Molecular Assemblies: From Molecules to Ecology","","","","10.1162/978-0-262-31709-2-ch020","https://dx.doi.org/10.1162/978-0-262-31709-2-ch020","","2013-09-01","2024-04-15 04:17:29","2024-04-15 04:17:29","2024-04-15 04:17:29","134-135","","","","","","Prebiotic Evolution of Molecular Assemblies","","","","","MIT Press","","en","","","","","direct.mit.edu","","","","C:\Users\User\Documents\99_Papers\OmerM_DoronL\Omer_Doron_2013_Prebiotic Evolution of Molecular Assemblies.pdf","","","","","","","","","","","","","","","","","","","","","","","","","","","","","","","","","","ECAL 2013: The Twelfth European Conference on Artificial Life","","","","","","","","","","","","","","",""
"PL49A894","conferencePaper","2013","Potkonjak, Veljko; Petrović, Vladimir; Jovanović, Kosta; Kostić, Dragan","Human-Robot Analogy − How Physiology Shapes Human and Robot Motion","","","","10.1162/978-0-262-31709-2-ch021","https://dx.doi.org/10.1162/978-0-262-31709-2-ch021","","2013-09-01","2024-04-15 04:17:31","2024-04-15 04:17:31","2024-04-15 04:17:31","136-143","","","","","","","","","","","MIT Press","","en","","","","","direct.mit.edu","","","","C:\Users\User\Documents\99_Papers\PotkonjakV et al\Potkonjak et al_2013_Human-Robot Analogy − How Physiology Shapes Human and Robot Motion.pdf","","","","","","","","","","","","","","","","","","","","","","","","","","","","","","","","","","ECAL 2013: The Twelfth European Conference on Artificial Life","","","","","","","","","","","","","","",""
"5QNFTY5B","conferencePaper","2013","Fontana, Alessandro; Wrobel, Borys","An artificial lizard regrows its tail (and more): regeneration of 3-dimensional structures with hundreds of thousands of artificial cells","","","","10.1162/978-0-262-31709-2-ch022","https://dx.doi.org/10.1162/978-0-262-31709-2-ch022","","2013-09-01","2024-04-15 04:17:34","2024-04-15 04:17:34","2024-04-15 04:17:34","144-150","","","","","","An artificial lizard regrows its tail (and more)","","","","","MIT Press","","en","","","","","direct.mit.edu","","","","C:\Users\User\Documents\99_Papers\FontanaA_WrobelB\Fontana_Wrobel_2013_An artificial lizard regrows its tail (and more).pdf","","","","","","","","","","","","","","","","","","","","","","","","","","","","","","","","","","ECAL 2013: The Twelfth European Conference on Artificial Life","","","","","","","","","","","","","","",""
"YYEGR5X9","conferencePaper","2013","Pitonakova, Lenka; Bullock, Seth","Controlling Ant-Based Construction","","","","10.1162/978-0-262-31709-2-ch023","https://dx.doi.org/10.1162/978-0-262-31709-2-ch023","","2013-09-01","2024-04-15 04:20:24","2024-04-15 04:20:24","2024-04-15 04:20:24","151-158","","","","","","","","","","","MIT Press","","en","","","","","direct.mit.edu","","","","C:\Users\User\Documents\99_Papers\PitonakovaL_BullockS\Pitonakova_Bullock_2013_Controlling Ant-Based Construction.pdf","","","","","","","","","","","","","","","","","","","","","","","","","","","","","","","","","","ECAL 2013: The Twelfth European Conference on Artificial Life","","","","","","","","","","","","","","",""
"BGYNQLPE","conferencePaper","2013","Brede, Markus; Noble, Jason","The coevolution of costly heterogeneities and cooperation in the prisoner’s dilemma game","","","","10.1162/978-0-262-31709-2-ch024","https://dx.doi.org/10.1162/978-0-262-31709-2-ch024","","2013-09-01","2024-04-15 04:20:25","2024-04-15 04:20:25","2024-04-15 04:20:25","159-166","","","","","","","","","","","MIT Press","","en","","","","","direct.mit.edu","","","","C:\Users\User\Documents\99_Papers\BredeM_NobleJ\Brede_Noble_2013_The coevolution of costly heterogeneities and cooperation in the prisoner’s.pdf","","","","","","","","","","","","","","","","","","","","","","","","","","","","","","","","","","ECAL 2013: The Twelfth European Conference on Artificial Life","","","","","","","","","","","","","","",""
"UKNPRHNC","conferencePaper","2013","Gonzalez, Miguel; Watson, Richard; Noble, Jason; Doncaster, Patrick","Multiple Life-History Stage Competition and its Effect on Coexistence","","","","10.1162/978-0-262-31709-2-ch025","https://dx.doi.org/10.1162/978-0-262-31709-2-ch025","","2013-09-01","2024-04-15 04:20:26","2024-04-15 04:20:26","2024-04-15 04:20:26","167-174","","","","","","","","","","","MIT Press","","en","","","","","direct.mit.edu","","","","C:\Users\User\Documents\99_Papers\GonzalezM et al\Gonzalez et al_2013_Multiple Life-History Stage Competition and its Effect on Coexistence.pdf","","","","","","","","","","","","","","","","","","","","","","","","","","","","","","","","","","ECAL 2013: The Twelfth European Conference on Artificial Life","","","","","","","","","","","","","","",""
"BTV8TALS","conferencePaper","2013","Haruna, Taichi","Robustness and Directed Structures in Ecological Flow Networks","","","","10.1162/978-0-262-31709-2-ch026","https://dx.doi.org/10.1162/978-0-262-31709-2-ch026","","2013-09-01","2024-04-15 04:20:26","2024-04-15 04:20:26","2024-04-15 04:20:27","175-181","","","","","","","","","","","MIT Press","","en","","","","","direct.mit.edu","","","","C:\Users\User\Documents\99_Papers\HarunaT\Haruna_2013_Robustness and Directed Structures in Ecological Flow Networks.pdf","","","","","","","","","","","","","","","","","","","","","","","","","","","","","","","","","","ECAL 2013: The Twelfth European Conference on Artificial Life","","","","","","","","","","","","","","",""
"HWNHDBVC","conferencePaper","2013","Vasconcelos, Vítor; Pinheiro, Flávio; Santos, Francisco; Pacheco, Jorge","Bootstrapping back the climate with self-organization","","","","10.1162/978-0-262-31709-2-ch027","https://dx.doi.org/10.1162/978-0-262-31709-2-ch027","","2013-09-01","2024-04-15 04:20:27","2024-04-15 04:20:27","2024-04-15 04:20:27","182-183","","","","","","","","","","","MIT Press","","en","","","","","direct.mit.edu","","","","","","","","","","","","","","","","","","","","","","","","","","","","","","","","","","","","","","ECAL 2013: The Twelfth European Conference on Artificial Life","","","","","","","","","","","","","","",""
"SFG4NIMT","conferencePaper","2013","Inden, Benjamin; Jost, Jürgen","Neural agents can evolve to reproduce sequences of arbitrary length","","","","10.1162/978-0-262-31709-2-ch028","https://dx.doi.org/10.1162/978-0-262-31709-2-ch028","","2013-09-01","2024-04-15 04:20:28","2024-04-15 04:20:28","2024-04-15 04:20:28","184-191","","","","","","","","","","","MIT Press","","en","","","","","direct.mit.edu","","","","C:\Users\User\Documents\99_Papers\IndenB_JostJ\Inden_Jost_2013_Neural agents can evolve to reproduce sequences of arbitrary length.pdf","","","","","","","","","","","","","","","","","","","","","","","","","","","","","","","","","","ECAL 2013: The Twelfth European Conference on Artificial Life","","","","","","","","","","","","","","",""
"465YW4J6","conferencePaper","2013","Buesser, Pierre; Tomassini, Marco","Spatial Organisation of Cooperation with Contingent Agent Migration","","","","10.1162/978-0-262-31709-2-ch029","https://dx.doi.org/10.1162/978-0-262-31709-2-ch029","","2013-09-01","2024-04-15 04:20:30","2024-04-15 04:20:30","2024-04-15 04:20:30","192-199","","","","","","","","","","","MIT Press","","en","","","","","direct.mit.edu","","","","C:\Users\User\Documents\99_Papers\BuesserP_TomassiniM\Buesser_Tomassini_2013_Spatial Organisation of Cooperation with Contingent Agent Migration.pdf","","","","","","","","","","","","","","","","","","","","","","","","","","","","","","","","","","ECAL 2013: The Twelfth European Conference on Artificial Life","","","","","","","","","","","","","","",""
"8ZA75KIT","conferencePaper","2013","Misevic, Dusan; Frènoy, Antoine; Taddei, François","In silico evolution of transferable genetic elements","","","","10.1162/978-0-262-31709-2-ch030","https://dx.doi.org/10.1162/978-0-262-31709-2-ch030","","2013-09-01","2024-04-15 04:20:33","2024-04-15 04:20:33","2024-04-15 04:20:33","200-207","","","","","","","","","","","MIT Press","","en","","","","","direct.mit.edu","","","","C:\Users\User\Documents\99_Papers\MisevicD et al\Misevic et al_2013_In silico evolution of transferable genetic elements.pdf","","","","","","","","","","","","","","","","","","","","","","","","","","","","","","","","","","ECAL 2013: The Twelfth European Conference on Artificial Life","","","","","","","","","","","","","","",""
"BEIW5CKT","conferencePaper","2013","Komatsu, Daiki; Fujiwara, Kei; Nomura, Shin-ichiro","Construction of a remote-controlled supramolecular micro-crawler","","","","10.1162/978-0-262-31709-2-ch031","https://dx.doi.org/10.1162/978-0-262-31709-2-ch031","","2013-09-01","2024-04-15 04:20:35","2024-04-15 04:20:35","2024-04-15 04:20:35","208-209","","","","","","","","","","","MIT Press","","en","","","","","direct.mit.edu","","","","C:\Users\User\Documents\99_Papers\KomatsuD et al\Komatsu et al_2013_Construction of a remote-controlled supramolecular micro-crawler.pdf","","","","","","","","","","","","","","","","","","","","","","","","","","","","","","","","","","ECAL 2013: The Twelfth European Conference on Artificial Life","","","","","","","","","","","","","","",""
"RJKHCYNR","conferencePaper","2013","Baugh, Declan; McMullin, Barry","Evolution of G-P mapping in a von Neumann Self-reproducer within Tierra","","","","10.1162/978-0-262-31709-2-ch032","https://dx.doi.org/10.1162/978-0-262-31709-2-ch032","","2013-09-01","2024-04-15 04:20:40","2024-04-15 04:20:40","2024-04-15 04:20:40","210-217","","","","","","","","","","","MIT Press","","en","","","","","direct.mit.edu","","","","C:\Users\User\Documents\99_Papers\BaughD_McMullinB\Baugh_McMullin_2013_Evolution of G-P mapping in a von Neumann Self-reproducer within Tierra.pdf","","","","","","","","","","","","","","","","","","","","","","","","","","","","","","","","","","ECAL 2013: The Twelfth European Conference on Artificial Life","","","","","","","","","","","","","","",""
"65FTAAXH","conferencePaper","2013","Szerlip, Paul; Stanley, Kenneth","Indirectly Encoded Sodarace for Artificial Life","","","","10.1162/978-0-262-31709-2-ch033","https://dx.doi.org/10.1162/978-0-262-31709-2-ch033","","2013-09-01","2024-04-15 04:20:43","2024-04-15 04:20:43","2024-04-15 04:20:43","218-225","","","","","","","","","","","MIT Press","","en","","","","","direct.mit.edu","","","","C:\Users\User\Documents\99_Papers\SzerlipP_StanleyK\Szerlip_Stanley_2013_Indirectly Encoded Sodarace for Artificial Life.pdf","","","","","","","","","","","","","","","","","","","","","","","","","","","","","","","","","","ECAL 2013: The Twelfth European Conference on Artificial Life","","","","","","","","","","","","","","",""
"G5NEM3PK","conferencePaper","2013","Antonioni, Alberto; Egloff, Mattia; Tomassini, Marco","An Energy-Based Model for Spatial Social Networks","","","","10.1162/978-0-262-31709-2-ch034","https://dx.doi.org/10.1162/978-0-262-31709-2-ch034","","2013-09-01","2024-04-15 04:20:45","2024-04-15 04:20:45","2024-04-15 04:20:45","226-231","","","","","","","","","","","MIT Press","","en","","","","","direct.mit.edu","","","","","","","","","","","","","","","","","","","","","","","","","","","","","","","","","","","","","","ECAL 2013: The Twelfth European Conference on Artificial Life","","","","","","","","","","","","","","",""
"9U4K5PK4","conferencePaper","2013","Saberi, Arash; Groote, Jan; Keshishzadeh, Sarmen","Analysis of Path Planning Algorithms : a Formal Verification-based Approach","","","","10.1162/978-0-262-31709-2-ch035","https://dx.doi.org/10.1162/978-0-262-31709-2-ch035","","2013-09-01","2024-04-15 04:20:49","2024-04-15 04:20:49","2024-04-15 04:20:49","232-239","","","","","","Analysis of Path Planning Algorithms","","","","","MIT Press","","en","","","","","direct.mit.edu","","","","","","","","","","","","","","","","","","","","","","","","","","","","","","","","","","","","","","ECAL 2013: The Twelfth European Conference on Artificial Life","","","","","","","","","","","","","","",""
"ZQGBEFNI","conferencePaper","2013","Virgo, Nathaniel; Ikegami, Takashi","Autocatalysis Before Enzymes: The Emergence of Prebiotic Chain Reactions","","","","10.1162/978-0-262-31709-2-ch036","https://dx.doi.org/10.1162/978-0-262-31709-2-ch036","","2013-09-01","2024-04-15 04:20:50","2024-04-15 04:20:50","2024-04-15 04:20:50","240-247","","","","","","Autocatalysis Before Enzymes","","","","","MIT Press","","en","","","","","direct.mit.edu","","","","C:\Users\User\Documents\99_Papers\VirgoN_IkegamiT\Virgo_Ikegami_2013_Autocatalysis Before Enzymes.pdf","","","","","","","","","","","","","","","","","","","","","","","","","","","","","","","","","","ECAL 2013: The Twelfth European Conference on Artificial Life","","","","","","","","","","","","","","",""
"2FN57RM7","conferencePaper","2013","Egbert, Matthew; Grunert, Gerd; Escuela, Gabi; Dittrich, Peter","Synthetic signalling protocell networks as models of neural computation","","","","10.1162/978-0-262-31709-2-ch037","https://dx.doi.org/10.1162/978-0-262-31709-2-ch037","","2013-09-01","2024-04-15 04:20:51","2024-04-15 04:20:51","2024-04-15 04:20:51","248-249","","","","","","","","","","","MIT Press","","en","","","","","direct.mit.edu","","","","C:\Users\User\Documents\99_Papers\EgbertM et al\Egbert et al_2013_Synthetic signalling protocell networks as models of neural computation.pdf","","","","","","","","","","","","","","","","","","","","","","","","","","","","","","","","","","ECAL 2013: The Twelfth European Conference on Artificial Life","","","","","","","","","","","","","","",""
"BRY9LEJ2","conferencePaper","2013","Maekawa, Tadao; Honda, Manabu; Kawai, Norie; Nishina, Emi; Ueno, Osamu; Oohashi, Tsutomu","Heterogeneity and complexity of a simulated terrestrial environment account for superiority of the altruistic gene","","","","10.1162/978-0-262-31709-2-ch038","https://dx.doi.org/10.1162/978-0-262-31709-2-ch038","","2013-09-01","2024-04-15 04:20:54","2024-04-15 04:20:54","2024-04-15 04:20:54","250-257","","","","","","","","","","","MIT Press","","en","","","","","direct.mit.edu","","","","C:\Users\User\Documents\99_Papers\MaekawaT et al\Maekawa et al_2013_Heterogeneity and complexity of a simulated terrestrial environment account for.pdf","","","","","","","","","","","","","","","","","","","","","","","","","","","","","","","","","","ECAL 2013: The Twelfth European Conference on Artificial Life","","","","","","","","","","","","","","",""
"59B2U7C9","conferencePaper","2013","Murnik, Maja; Petrič, Špela; Turšič, Miha","Beyond Life Cycles","","","","10.1162/978-0-262-31709-2-ch039","https://dx.doi.org/10.1162/978-0-262-31709-2-ch039","","2013-09-01","2024-04-15 04:20:59","2024-04-15 04:20:59","2024-04-15 04:20:59","258-259","","","","","","","","","","","MIT Press","","en","","","","","direct.mit.edu","","","","C:\Users\User\Documents\99_Papers\MurnikM et al\Murnik et al_2013_Beyond Life Cycles.pdf","","","","","","","","","","","","","","","","","","","","","","","","","","","","","","","","","","ECAL 2013: The Twelfth European Conference on Artificial Life","","","","","","","","","","","","","","",""
"3X9FY64P","conferencePaper","2013","Montanier, Jean-Marc; Bredeche, Nicolas","Evolution of Altruism and Spatial Dispersion: an Artificial Evolutionary Ecology Approach","","","","10.1162/978-0-262-31709-2-ch040","https://dx.doi.org/10.1162/978-0-262-31709-2-ch040","","2013-09-01","2024-04-15 04:21:00","2024-04-15 04:21:00","2024-04-15 04:21:00","260-267","","","","","","Evolution of Altruism and Spatial Dispersion","","","","","MIT Press","","en","","","","","direct.mit.edu","","","","C:\Users\User\Documents\99_Papers\MontanierJ_BredecheN\Montanier_Bredeche_2013_Evolution of Altruism and Spatial Dispersion.pdf","","","","","","","","","","","","","","","","","","","","","","","","","","","","","","","","","","ECAL 2013: The Twelfth European Conference on Artificial Life","","","","","","","","","","","","","","",""
"GT7W3JVA","conferencePaper","2013","Snowdon, James; Waterson, Ben","When congestion can be useful: modelling driver diversion behaviour in road traffic networks","","","","10.1162/978-0-262-31709-2-ch046","https://dx.doi.org/10.1162/978-0-262-31709-2-ch046","","2013-09-01","2024-04-15 04:21:01","2024-04-15 04:21:01","2024-04-15 04:21:01","308-315","","","","","","When congestion can be useful","","","","","MIT Press","","en","","","","","direct.mit.edu","","","","C:\Users\User\Documents\99_Papers\SnowdonJ_WatersonB\Snowdon_Waterson_2013_When congestion can be useful.pdf","","","","","","","","","","","","","","","","","","","","","","","","","","","","","","","","","","ECAL 2013: The Twelfth European Conference on Artificial Life","","","","","","","","","","","","","","",""
"U5PP6SVA","conferencePaper","2013","Williams, Paul; Beer, Randall","Environmental Feedback Drives Multiple Behaviors from the Same Neural Circuit","","","","10.1162/978-0-262-31709-2-ch041","https://dx.doi.org/10.1162/978-0-262-31709-2-ch041","","2013-09-01","2024-04-15 04:21:03","2024-04-15 04:21:03","2024-04-15 04:21:03","268-275","","","","","","","","","","","MIT Press","","en","","","","","direct.mit.edu","","","","C:\Users\User\Documents\99_Papers\WilliamsP_BeerR\Williams_Beer_2013_Environmental Feedback Drives Multiple Behaviors from the Same Neural Circuit.pdf","","","","","","","","","","","","","","","","","","","","","","","","","","","","","","","","","","ECAL 2013: The Twelfth European Conference on Artificial Life","","","","","","","","","","","","","","",""
"7EVSLXAN","conferencePaper","2013","Bukovac, Zoe; Dorin, Alan; Dyer, Adrian","A-Bees See: A Simulation to Assess Social Bee Visual Attention During Complex Search Tasks","","","","10.1162/978-0-262-31709-2-ch042","https://dx.doi.org/10.1162/978-0-262-31709-2-ch042","","2013-09-01","2024-04-15 04:21:05","2024-04-15 04:21:05","2024-04-15 04:21:05","276-283","","","","","","A-Bees See","","","","","MIT Press","","en","","","","","direct.mit.edu","","","","C:\Users\User\Documents\99_Papers\BukovacZ et al\Bukovac et al_2013_A-Bees See.pdf","","","","","","","","","","","","","","","","","","","","","","","","","","","","","","","","","","ECAL 2013: The Twelfth European Conference on Artificial Life","","","","","","","","","","","","","","",""
"3JY89KRA","conferencePaper","2013","Radenski, Atanas","Using MapReduce Streaming for Distributed Life Simulation on the Cloud","","","","10.1162/978-0-262-31709-2-ch043","https://dx.doi.org/10.1162/978-0-262-31709-2-ch043","","2013-09-01","2024-04-15 04:21:06","2024-04-15 04:21:06","2024-04-15 04:21:06","284-291","","","","","","","","","","","MIT Press","","en","","","","","direct.mit.edu","","","","C:\Users\User\Documents\99_Papers\RadenskiA\Radenski_2013_Using MapReduce Streaming for Distributed Life Simulation on the Cloud.pdf","","","","","","","","","","","","","","","","","","","","","","","","","","","","","","","","","","ECAL 2013: The Twelfth European Conference on Artificial Life","","","","","","","","","","","","","","",""
"MI7439MU","conferencePaper","2013","Ellefsen, Kai","Balancing the Costs and Benefits of Learning Ability","","","","10.1162/978-0-262-31709-2-ch044","https://dx.doi.org/10.1162/978-0-262-31709-2-ch044","","2013-09-01","2024-04-15 04:21:08","2024-04-15 04:21:08","2024-04-15 04:21:08","292-299","","","","","","","","","","","MIT Press","","en","","","","","direct.mit.edu","","","","C:\Users\User\Documents\99_Papers\EllefsenK\Ellefsen_2013_Balancing the Costs and Benefits of Learning Ability.pdf","","","","","","","","","","","","","","","","","","","","","","","","","","","","","","","","","","ECAL 2013: The Twelfth European Conference on Artificial Life","","","","","","","","","","","","","","",""
"S9PC4ZPU","conferencePaper","2013","Brede, Markus; Tudge, Simon","Replication strategies and the evolution of cooperation by exploitation","","","","10.1162/978-0-262-31709-2-ch045","https://dx.doi.org/10.1162/978-0-262-31709-2-ch045","","2013-09-01","2024-04-15 04:21:15","2024-04-15 04:21:15","2024-04-15 04:21:15","300-307","","","","","","","","","","","MIT Press","","en","","","","","direct.mit.edu","","","","C:\Users\User\Documents\99_Papers\BredeM_TudgeS\Brede_Tudge_2013_Replication strategies and the evolution of cooperation by exploitation.pdf","","","","","","","","","","","","","","","","","","","","","","","","","","","","","","","","","","ECAL 2013: The Twelfth European Conference on Artificial Life","","","","","","","","","","","","","","",""
"WYYGVWVF","conferencePaper","2013","Hasegawa, Tomonori; McMullin, Barry","Exploring the Point-mutation Space of a von Neumann Self-reproducer within the Avida World","","","","10.1162/978-0-262-31709-2-ch047","https://dx.doi.org/10.1162/978-0-262-31709-2-ch047","","2013-09-01","2024-04-15 04:21:16","2024-04-15 04:21:16","2024-04-15 04:21:16","316-323","","","","","","","","","","","MIT Press","","en","","","","","direct.mit.edu","","","","C:\Users\User\Documents\99_Papers\HasegawaT_McMullinB\Hasegawa_McMullin_2013_Exploring the Point-mutation Space of a von Neumann Self-reproducer within the.pdf","","","","","","","","","","","","","","","","","","","","","","","","","","","","","","","","","","ECAL 2013: The Twelfth European Conference on Artificial Life","","","","","","","","","","","","","","",""
"7WRDQYBK","conferencePaper","2013","Mori, Hiroki; Okuyama, Yuzi; Asada, Minoru","Emergence of diverse behaviors from interactions between nonlinear oscillator complex networks and a musculoskeletal system","","","","10.1162/978-0-262-31709-2-ch048","https://dx.doi.org/10.1162/978-0-262-31709-2-ch048","","2013-09-01","2024-04-15 04:21:18","2024-04-15 04:21:18","2024-04-15 04:21:18","324-331","","","","","","","","","","","MIT Press","","en","","","","","direct.mit.edu","","","","C:\Users\User\Documents\99_Papers\MoriH et al\Mori et al_2013_Emergence of diverse behaviors from interactions between nonlinear oscillator.pdf","","","","","","","","","","","","","","","","","","","","","","","","","","","","","","","","","","ECAL 2013: The Twelfth European Conference on Artificial Life","","","","","","","","","","","","","","",""
"7C2AJESI","conferencePaper","2013","Punithan, Dharani; McKay, R. I.","Collective Dynamics and Homeostatic Emergence in Complex Adaptive Ecosystem","","","","10.1162/978-0-262-31709-2-ch049","https://dx.doi.org/10.1162/978-0-262-31709-2-ch049","","2013-09-01","2024-04-15 04:21:21","2024-04-15 04:21:21","2024-04-15 04:21:21","332-339","","","","","","","","","","","MIT Press","","en","","","","","direct.mit.edu","","","","C:\Users\User\Documents\99_Papers\PunithanD_McKayR\Punithan_McKay_2013_Collective Dynamics and Homeostatic Emergence in Complex Adaptive Ecosystem.pdf","","","","","","","","","","","","","","","","","","","","","","","","","","","","","","","","","","ECAL 2013: The Twelfth European Conference on Artificial Life","","","","","","","","","","","","","","",""
"X5GVVKVX","conferencePaper","2013","Darabos, Christian; Mackenzie, Craig; Tomassini, Marco; Giacobini, Mario; Moore, Jason","Cellular Automata Coevolution of Update Functions and Topologies: A Tradeoff between Accuracy and Speed","","","","10.1162/978-0-262-31709-2-ch050","https://dx.doi.org/10.1162/978-0-262-31709-2-ch050","","2013-09-01","2024-04-15 04:23:54","2024-04-15 04:23:54","2024-04-15 04:23:54","340-347","","","","","","Cellular Automata Coevolution of Update Functions and Topologies","","","","","MIT Press","","en","","","","","direct.mit.edu","","","","C:\Users\User\Documents\99_Papers\DarabosC et al\Darabos et al_2013_Cellular Automata Coevolution of Update Functions and Topologies.pdf","","","","","","","","","","","","","","","","","","","","","","","","","","","","","","","","","","ECAL 2013: The Twelfth European Conference on Artificial Life","","","","","","","","","","","","","","",""
"IFKT4RYH","conferencePaper","2013","Darabos, Christian; Graham, Britney; Hu, Ting; Moore, Jason","Bipartite Networks Show the Genotype-to-Phenotype Relationship in Biological Systems Models: A Study of the Robustness, Evolvability, and Accessibility in Linear Cellular Automata","","","","10.1162/978-0-262-31709-2-ch051","https://dx.doi.org/10.1162/978-0-262-31709-2-ch051","","2013-09-01","2024-04-15 04:23:56","2024-04-15 04:23:56","2024-04-15 04:23:56","348-355","","","","","","Bipartite Networks Show the Genotype-to-Phenotype Relationship in Biological Systems Models","","","","","MIT Press","","en","","","","","direct.mit.edu","","","","C:\Users\User\Documents\99_Papers\DarabosC et al\Darabos et al_2013_Bipartite Networks Show the Genotype-to-Phenotype Relationship in Biological.pdf","","","","","","","","","","","","","","","","","","","","","","","","","","","","","","","","","","ECAL 2013: The Twelfth European Conference on Artificial Life","","","","","","","","","","","","","","",""
"KAM2TAYK","conferencePaper","2013","Jackson, Adam; Watson, Richard","The Effects of Assortment on Population Structuring Traits on the Evolution of Cooperation","","","","10.1162/978-0-262-31709-2-ch052","https://dx.doi.org/10.1162/978-0-262-31709-2-ch052","","2013-09-01","2024-04-15 04:23:57","2024-04-15 04:23:57","2024-04-15 04:23:57","356-363","","","","","","","","","","","MIT Press","","en","","","","","direct.mit.edu","","","","C:\Users\User\Documents\99_Papers\JacksonA_WatsonR\Jackson_Watson_2013_The Effects of Assortment on Population Structuring Traits on the Evolution of.pdf","","","","","","","","","","","","","","","","","","","","","","","","","","","","","","","","","","ECAL 2013: The Twelfth European Conference on Artificial Life","","","","","","","","","","","","","","",""
"JF392NZB","conferencePaper","2013","Pechenick, Dov; Payne, Joshua; Moore, Jason","An alternative route to robustness: The relationship between assortativity, in-components, and characteristic path length in gene regulatory networks","","","","10.1162/978-0-262-31709-2-ch053","https://dx.doi.org/10.1162/978-0-262-31709-2-ch053","","2013-09-01","2024-04-15 04:23:58","2024-04-15 04:23:58","2024-04-15 04:23:58","364-371","","","","","","An alternative route to robustness","","","","","MIT Press","","en","","","","","direct.mit.edu","","","","C:\Users\User\Documents\99_Papers\PechenickD et al\Pechenick et al_2013_An alternative route to robustness.pdf","","","","","","","","","","","","","","","","","","","","","","","","","","","","","","","","","","ECAL 2013: The Twelfth European Conference on Artificial Life","","","","","","","","","","","","","","",""
"WIA3IGWI","conferencePaper","2013","Villani, M.; Filisetti, A.; Benedettini, S.; Roli, A.; Lane, D.; Serra, R.","The detection of intermediate-level emergent structures and patterns","","","","10.1162/978-0-262-31709-2-ch054","https://dx.doi.org/10.1162/978-0-262-31709-2-ch054","","2013-09-01","2024-04-15 04:23:59","2024-04-15 04:23:59","2024-04-15 04:23:59","372-378","","","","","","","","","","","MIT Press","","en","","","","","direct.mit.edu","","","","C:\Users\User\Documents\99_Papers\VillaniM et al\Villani et al_2013_The detection of intermediate-level emergent structures and patterns.pdf","","","","","","","","","","","","","","","","","","","","","","","","","","","","","","","","","","ECAL 2013: The Twelfth European Conference on Artificial Life","","","","","","","","","","","","","","",""
"KXDJRNUH","conferencePaper","2013","Tuci, Elio; Mitavskiy, Boris; Francesca, Gianpiero","On the evolution of self-organised role-allocation and role-switching behaviour in swarm robotics: a case study","","","","10.1162/978-0-262-31709-2-ch055","https://dx.doi.org/10.1162/978-0-262-31709-2-ch055","","2013-09-01","2024-04-15 04:24:01","2024-04-15 04:24:01","2024-04-15 04:24:01","379-386","","","","","","On the evolution of self-organised role-allocation and role-switching behaviour in swarm robotics","","","","","MIT Press","","en","","","","","direct.mit.edu","","","","C:\Users\User\Documents\99_Papers\TuciE et al\Tuci et al_2013_On the evolution of self-organised role-allocation and role-switching behaviour.pdf","","","","","","","","","","","","","","","","","","","","","","","","","","","","","","","","","","ECAL 2013: The Twelfth European Conference on Artificial Life","","","","","","","","","","","","","","",""
"5WHBQTBE","conferencePaper","2013","Aguilera, Miguel; Morer, Ignacio; Barandiaran, Xabier; Bedia, Manuel","Quantifying Political Self-Organization in Social Media. Fractal patterns in the Spanish 15M movement on Twitter","","","","10.1162/978-0-262-31709-2-ch057","https://dx.doi.org/10.1162/978-0-262-31709-2-ch057","","2013-09-01","2024-04-15 04:24:04","2024-04-15 04:24:04","2024-04-15 04:24:04","395-402","","","","","","","","","","","MIT Press","","en","","","","","direct.mit.edu","","","","C:\Users\User\Documents\99_Papers\AguileraM et al\Aguilera et al_2013_Quantifying Political Self-Organization in Social Media.pdf","","","","","","","","","","","","","","","","","","","","","","","","","","","","","","","","","","ECAL 2013: The Twelfth European Conference on Artificial Life","","","","","","","","","","","","","","",""
"HTCTMYDQ","conferencePaper","2013","Arnold, Solvi; Suzuki, Reiji; Arita, Takaya","Evolution of Social Representation in Neural Networks","","","","10.1162/978-0-262-31709-2-ch061","https://dx.doi.org/10.1162/978-0-262-31709-2-ch061","","2013-09-01","2024-04-15 04:24:07","2024-04-15 04:24:07","2024-04-15 04:24:07","425-430","","","","","","","","","","","MIT Press","","en","","","","","direct.mit.edu","","","","C:\Users\User\Documents\99_Papers\ArnoldS et al\Arnold et al_2013_Evolution of Social Representation in Neural Networks.pdf","","","","","","","","","","","","","","","","","","","","","","","","","","","","","","","","","","ECAL 2013: The Twelfth European Conference on Artificial Life","","","","","","","","","","","","","","",""
"W9S2AG7Q","conferencePaper","2013","Stettiner, Orly","Biology of Digital Organisms: How Language and Tools Construct Reality","","","","10.1162/978-0-262-31709-2-ch058","https://dx.doi.org/10.1162/978-0-262-31709-2-ch058","","2013-09-01","2024-04-15 04:24:08","2024-04-15 04:24:08","2024-04-15 04:24:08","403-408","","","","","","Biology of Digital Organisms","","","","","MIT Press","","en","","","","","direct.mit.edu","","","","C:\Users\User\Documents\99_Papers\StettinerO\Stettiner_2013_Biology of Digital Organisms.pdf","","","","","","","","","","","","","","","","","","","","","","","","","","","","","","","","","","ECAL 2013: The Twelfth European Conference on Artificial Life","","","","","","","","","","","","","","",""
"NI4XNI9T","conferencePaper","2013","Ellefsen, Kai","Evolved Sensitive Periods in Learning","","","","10.1162/978-0-262-31709-2-ch059","https://dx.doi.org/10.1162/978-0-262-31709-2-ch059","","2013-09-01","2024-04-15 04:24:12","2024-04-15 04:24:12","2024-04-15 04:24:12","409-416","","","","","","","","","","","MIT Press","","en","","","","","direct.mit.edu","","","","C:\Users\User\Documents\99_Papers\EllefsenK\Ellefsen_2013_Evolved Sensitive Periods in Learning.pdf","","","","","","","","","","","","","","","","","","","","","","","","","","","","","","","","","","ECAL 2013: The Twelfth European Conference on Artificial Life","","","","","","","","","","","","","","",""
"6XESR2ED","conferencePaper","2013","Sirmai, Jean","Autopoiesis Facilitates Self-Reproduction","","","","10.1162/978-0-262-31709-2-ch060","https://dx.doi.org/10.1162/978-0-262-31709-2-ch060","","2013-09-01","2024-04-15 04:24:15","2024-04-15 04:24:15","2024-04-15 04:24:15","417-424","","","","","","","","","","","MIT Press","","en","","","","","direct.mit.edu","","","","C:\Users\User\Documents\99_Papers\SirmaiJ\Sirmai_2013_Autopoiesis Facilitates Self-Reproduction.pdf","","","","","","","","","","","","","","","","","","","","","","","","","","","","","","","","","","ECAL 2013: The Twelfth European Conference on Artificial Life","","","","","","","","","","","","","","",""
"99BXH2GM","conferencePaper","2013","Hrbacek, Radek; Sikulova, Michaela","Coevolutionary Cartesian Genetic Programming in FPGA","","","","10.1162/978-0-262-31709-2-ch062","https://dx.doi.org/10.1162/978-0-262-31709-2-ch062","","2013-09-01","2024-04-15 04:24:16","2024-04-15 04:24:16","2024-04-15 04:24:16","431-438","","","","","","","","","","","MIT Press","","en","","","","","direct.mit.edu","","","","C:\Users\User\Documents\99_Papers\HrbacekR_SikulovaM\Hrbacek_Sikulova_2013_Coevolutionary Cartesian Genetic Programming in FPGA.pdf","","","","","","","","","","","","","","","","","","","","","","","","","","","","","","","","","","ECAL 2013: The Twelfth European Conference on Artificial Life","","","","","","","","","","","","","","",""
"JSE6KFZB","conferencePaper","2013","Ito, Takashi; Pilat, Marcin; Suzuki, Reiji; Arita, Takaya","Coevolutionary Dynamics Caused by Asymmetries in Predator-Prey and Morphology-Behavior Relationships","","","","10.1162/978-0-262-31709-2-ch063","https://dx.doi.org/10.1162/978-0-262-31709-2-ch063","","2013-09-01","2024-04-15 04:24:19","2024-04-15 04:24:19","2024-04-15 04:24:19","439-445","","","","","","","","","","","MIT Press","","en","","","","","direct.mit.edu","","","","C:\Users\User\Documents\99_Papers\ItoT et al\Ito et al_2013_Coevolutionary Dynamics Caused by Asymmetries in Predator-Prey and.pdf","","","","","","","","","","","","","","","","","","","","","","","","","","","","","","","","","","ECAL 2013: The Twelfth European Conference on Artificial Life","","","","","","","","","","","","","","",""
"MYYEETH2","conferencePaper","2013","Maher, John; Morgan, Fearghal; O’Riordan, Colm; McGinley, Brian","The Influence of Cell Type on Artificial Development","","","","10.1162/978-0-262-31709-2-ch064","https://dx.doi.org/10.1162/978-0-262-31709-2-ch064","","2013-09-01","2024-04-15 04:24:20","2024-04-15 04:24:20","2024-04-15 04:24:20","446-453","","","","","","","","","","","MIT Press","","en","","","","","direct.mit.edu","","","","C:\Users\User\Documents\99_Papers\MaherJ et al\Maher et al_2013_The Influence of Cell Type on Artificial Development.pdf","","","","","","","","","","","","","","","","","","","","","","","","","","","","","","","","","","ECAL 2013: The Twelfth European Conference on Artificial Life","","","","","","","","","","","","","","",""
"NEWBPVNY","conferencePaper","2013","Joachimczak, M.; Kowaliw, T.; Doursat, R.; Wrobel, B.","Controlling development and chemotaxis of soft-bodied multicellular animats with the same gene regulatory network","","","","10.1162/978-0-262-31709-2-ch065","https://dx.doi.org/10.1162/978-0-262-31709-2-ch065","","2013-09-01","2024-04-15 04:24:21","2024-04-15 04:24:21","2024-04-15 04:24:21","454-461","","","","","","","","","","","MIT Press","","en","","","","","direct.mit.edu","","","","C:\Users\User\Documents\99_Papers\JoachimczakM et al\Joachimczak et al_2013_Controlling development and chemotaxis of soft-bodied multicellular animats.pdf","","","","","","","","","","","","","","","","","","","","","","","","","","","","","","","","","","ECAL 2013: The Twelfth European Conference on Artificial Life","","","","","","","","","","","","","","",""
"SRFW6B79","conferencePaper","2013","Moran, Timothy; Brede, Markus; Ianni, Antonella; Noble, Jason","The Origin of Money: An Agent-Based Model","","","","10.1162/978-0-262-31709-2-ch068","https://dx.doi.org/10.1162/978-0-262-31709-2-ch068","","2013-09-01","2024-04-15 04:24:24","2024-04-15 04:24:24","2024-04-15 04:24:24","472-479","","","","","","The Origin of Money","","","","","MIT Press","","en","","","","","direct.mit.edu","","","","C:\Users\User\Documents\99_Papers\MoranT et al\Moran et al_2013_The Origin of Money.pdf","","","","","","","","","","","","","","","","","","","","","","","","","","","","","","","","","","ECAL 2013: The Twelfth European Conference on Artificial Life","","","","","","","","","","","","","","",""
"FKSJ4G43","conferencePaper","2013","Ranjbar-Sahraei, Bijan; Stankova, Katerina; Tuyls, Karl; Weiss, Gerhard","Stackelberg-based Coverage Approach in Nonconvex Environments","","","","10.1162/978-0-262-31709-2-ch066","https://dx.doi.org/10.1162/978-0-262-31709-2-ch066","","2013-09-01","2024-04-15 04:24:27","2024-04-15 04:24:27","2024-04-15 04:24:27","462-469","","","","","","","","","","","MIT Press","","en","","","","","direct.mit.edu","","","","C:\Users\User\Documents\99_Papers\Ranjbar-SahraeiB et al\Ranjbar-Sahraei et al_2013_Stackelberg-based Coverage Approach in Nonconvex Environments.pdf","","","","","","","","","","","","","","","","","","","","","","","","","","","","","","","","","","ECAL 2013: The Twelfth European Conference on Artificial Life","","","","","","","","","","","","","","",""
"VJGH5AE5","conferencePaper","2013","Sasaki, Takahiro","Simulating Limited Diversity in Evolution of Influenza","","","","10.1162/978-0-262-31709-2-ch067","https://dx.doi.org/10.1162/978-0-262-31709-2-ch067","","2013-09-01","2024-04-15 04:24:29","2024-04-15 04:24:29","2024-04-15 04:24:29","470-471","","","","","","","","","","","MIT Press","","en","","","","","direct.mit.edu","","","","C:\Users\User\Documents\99_Papers\SasakiT\Sasaki_2013_Simulating Limited Diversity in Evolution of Influenza.pdf","","","","","","","","","","","","","","","","","","","","","","","","","","","","","","","","","","ECAL 2013: The Twelfth European Conference on Artificial Life","","","","","","","","","","","","","","",""
"QUAXQCEL","conferencePaper","2013","Collard, Philippe","Beyond the schelling's segregation: is it equivalent to be repulsed by dissimilar rather to be attracted by similar?","","","","10.1162/978-0-262-31709-2-ch069","https://dx.doi.org/10.1162/978-0-262-31709-2-ch069","","2013-09-01","2024-04-15 04:24:32","2024-04-15 04:24:32","2024-04-15 04:24:32","480-487","","","","","","Beyond the schelling's segregation","","","","","MIT Press","","en","","","","","direct.mit.edu","","","","C:\Users\User\Documents\99_Papers\CollardP\Collard_2013_Beyond the schelling's segregation.pdf","","","","","","","","","","","","","","","","","","","","","","","","","","","","","","","","","","ECAL 2013: The Twelfth European Conference on Artificial Life","","","","","","","","","","","","","","",""
"JZBBHT9L","conferencePaper","2013","Nomura, Shin-Ichiro; Sato, Yusuke; Fujiwara, Kei","Molecular robotics approach for constructing an artificial cell model","","","","10.1162/978-0-262-31709-2-ch070","https://dx.doi.org/10.1162/978-0-262-31709-2-ch070","","2013-09-01","2024-04-15 05:43:52","2024-04-15 05:43:52","2024-04-15 05:43:52","488-491","","","","","","","","","","","MIT Press","","en","","","","","direct.mit.edu","","","","","","","","","","","","","","","","","","","","","","","","","","","","","","","","","","","","","","ECAL 2013: The Twelfth European Conference on Artificial Life","","","","","","","","","","","","","","",""
"2IJNY742","conferencePaper","2013","Murakami, Hisashi; Gunji, Yukio-Pegio","Lévy-like Distribution Shown by Intermittent Search Model with Misunderstanding Switch Pattern","","","","10.1162/978-0-262-31709-2-ch071","https://dx.doi.org/10.1162/978-0-262-31709-2-ch071","","2013-09-01","2024-04-15 05:43:53","2024-04-15 05:43:53","2024-04-15 05:43:53","492-497","","","","","","","","","","","MIT Press","","en","","","","","direct.mit.edu","","","","","","","","","","","","","","","","","","","","","","","","","","","","","","","","","","","","","","ECAL 2013: The Twelfth European Conference on Artificial Life","","","","","","","","","","","","","","",""
"UP9ZBNK8","conferencePaper","2013","Oka, Mizuki; Ikegami, Takashi; Woodward, Alex; Zhu, Yiqing; Kato, Kazuhiko","Cooperation, Congestion and Chaos in Concurrent Computation","","","","10.1162/978-0-262-31709-2-ch072","https://dx.doi.org/10.1162/978-0-262-31709-2-ch072","","2013-09-01","2024-04-15 05:43:54","2024-04-15 05:43:54","2024-04-15 05:43:54","498-504","","","","","","","","","","","MIT Press","","en","","","","","direct.mit.edu","","","","","","","","","","","","","","","","","","","","","","","","","","","","","","","","","","","","","","ECAL 2013: The Twelfth European Conference on Artificial Life","","","","","","","","","","","","","","",""
"JCZ7QIRW","conferencePaper","2013","Lones, John; Cañamero, Lola; Lewis, Matthew","Epigenetic adaptation in action selection environments with temporal dynamics","","","","10.1162/978-0-262-31709-2-ch073","https://dx.doi.org/10.1162/978-0-262-31709-2-ch073","","2013-09-01","2024-04-15 05:43:55","2024-04-15 05:43:55","2024-04-15 05:43:55","505-512","","","","","","","","","","","MIT Press","","en","","","","","direct.mit.edu","","","","C:\Users\User\Documents\99_Papers\LonesJ et al\Lones et al_2013_Epigenetic adaptation in action selection environments with temporal dynamics.pdf","","","","","","","","","","","","","","","","","","","","","","","","","","","","","","","","","","ECAL 2013: The Twelfth European Conference on Artificial Life","","","","","","","","","","","","","","",""
"265UUITM","conferencePaper","2013","Thorniley, James; Husbands, Phil","Hidden information transfer in an autonomous swinging robot","","","","10.1162/978-0-262-31709-2-ch074","https://dx.doi.org/10.1162/978-0-262-31709-2-ch074","","2013-09-01","2024-04-15 05:43:56","2024-04-15 05:43:56","2024-04-15 05:43:56","513-520","","","","","","","","","","","MIT Press","","en","","","","","direct.mit.edu","","","","C:\Users\User\Documents\99_Papers\ThornileyJ_HusbandsP\Thorniley_Husbands_2013_Hidden information transfer in an autonomous swinging robot.pdf","","","","","","","","","","","","","","","","","","","","","","","","","","","","","","","","","","ECAL 2013: The Twelfth European Conference on Artificial Life","","","","","","","","","","","","","","",""
"3J7I48SX","conferencePaper","2013","Ferger, Amber; Lau, Wai; Ross, Philipp; Zhao, Wyman; Sayama, Hiroki; Rasmussen, Steen","Impact of Personal Fabrication Technology on Social Structure and Wealth Distribution: An Agent-Based Simulation Study","","","","10.1162/978-0-262-31709-2-ch075","https://dx.doi.org/10.1162/978-0-262-31709-2-ch075","","2013-09-01","2024-04-15 05:43:57","2024-04-15 05:43:57","2024-04-15 05:43:57","521-522","","","","","","Impact of Personal Fabrication Technology on Social Structure and Wealth Distribution","","","","","MIT Press","","en","","","","","direct.mit.edu","","","","C:\Users\User\Documents\99_Papers\FergerA et al\Ferger et al_2013_Impact of Personal Fabrication Technology on Social Structure and Wealth.pdf","","","","","","","","","","","","","","","","","","","","","","","","","","","","","","","","","","ECAL 2013: The Twelfth European Conference on Artificial Life","","","","","","","","","","","","","","",""
"3KZH8KPG","conferencePaper","2013","Fernandes, Carlos; Laredo, Juan; Merelo, J. J.; Cotta, Carlos; Rosa, Agostinho","Adapting the Bak-Sneppen Model to a Dynamic and Partially Connected Grid of Hierarchical Species","","","","10.1162/978-0-262-31709-2-ch076","https://dx.doi.org/10.1162/978-0-262-31709-2-ch076","","2013-09-01","2024-04-15 05:43:58","2024-04-15 05:43:58","2024-04-15 05:43:58","523-530","","","","","","","","","","","MIT Press","","en","","","","","direct.mit.edu","","","","","","","","","","","","","","","","","","","","","","","","","","","","","","","","","","","","","","ECAL 2013: The Twelfth European Conference on Artificial Life","","","","","","","","","","","","","","",""
"W6WQDZ6T","conferencePaper","2013","Erdei, Joachim; Joachimczak, Michał; Wrobel, Borys","Evolving gene regulatory networks controlling foraging strategies of prey and predators in an artificial ecosystem","","","","10.1162/978-0-262-31709-2-ch077","https://dx.doi.org/10.1162/978-0-262-31709-2-ch077","","2013-09-01","2024-04-15 05:43:59","2024-04-15 05:43:59","2024-04-15 05:43:59","531-537","","","","","","","","","","","MIT Press","","en","","","","","direct.mit.edu","","","","","","","","","","","","","","","","","","","","","","","","","","","","","","","","","","","","","","ECAL 2013: The Twelfth European Conference on Artificial Life","","","","","","","","","","","","","","",""
"GPU6YDMB","conferencePaper","2013","Massera, Gianluca; Ferrauto, Tomassino; Gigliotta, Onofrio; Nolfi, Stefano","FARSA: An Open Software Tool for Embodied Cognitive Science","","","","10.1162/978-0-262-31709-2-ch078","https://dx.doi.org/10.1162/978-0-262-31709-2-ch078","","2013-09-01","2024-04-15 05:44:00","2024-04-15 05:44:00","2024-04-15 05:44:00","538-545","","","","","","FARSA","","","","","MIT Press","","en","","","","","direct.mit.edu","","","","","","","","","","","","","","","","","","","","","","","","","","","","","","","","","","","","","","ECAL 2013: The Twelfth European Conference on Artificial Life","","","","","","","","","","","","","","",""
"LSJTASHR","conferencePaper","2013","Takato, M.; Yamasaki, S.; Takahama, S.; Tanida, J.; Saito, K.; Uchikoba, F.","Insect Type MEMS Micro Robot Controlled by CMOS IC of Hardware Neural Networks","","","","10.1162/978-0-262-31709-2-ch079","https://dx.doi.org/10.1162/978-0-262-31709-2-ch079","","2013-09-01","2024-04-15 05:44:15","2024-04-15 05:44:15","2024-04-15 05:44:15","546-553","","","","","","","","","","","MIT Press","","en","","","","","direct.mit.edu","","","","C:\Users\User\Documents\99_Papers\TakatoM et al\Takato et al_2013_Insect Type MEMS Micro Robot Controlled by CMOS IC of Hardware Neural Networks.pdf","","","","","","","","","","","","","","","","","","","","","","","","","","","","","","","","","","ECAL 2013: The Twelfth European Conference on Artificial Life","","","","","","","","","","","","","","",""
"8N24RSJL","conferencePaper","2013","Baptista, Tiago; Costa, Ernesto","Open-Ended Evolution of a Circadian Rhythm","","","","10.1162/978-0-262-31709-2-ch080","https://dx.doi.org/10.1162/978-0-262-31709-2-ch080","","2013-09-01","2024-04-15 05:44:16","2024-04-15 05:44:16","2024-04-15 05:44:16","554-560","","","","","","","","","","","MIT Press","","en","","","","","direct.mit.edu","","","","C:\Users\User\Documents\99_Papers\BaptistaT_CostaE\Baptista_Costa_2013_Open-Ended Evolution of a Circadian Rhythm.pdf","","","","","","","","","","","","","","","","","","","","","","","","","","","","","","","","","","ECAL 2013: The Twelfth European Conference on Artificial Life","","","","","","","","","","","","","","",""
"WYJ97F69","conferencePaper","2013","Di Mario, Ezequiel; Navarro, Inaki; Martinoli, Alcherio","The Effect of the Environment in the Synthesis of Robotic Controllers: A Case Study in Multi-Robot Obstacle Avoidance using Distributed Particle Swarm Optimization","","","","10.1162/978-0-262-31709-2-ch081","https://dx.doi.org/10.1162/978-0-262-31709-2-ch081","","2013-09-01","2024-04-15 05:44:17","2024-04-15 05:44:17","2024-04-15 05:44:17","561-568","","","","","","The Effect of the Environment in the Synthesis of Robotic Controllers","","","","","MIT Press","","en","","","","","direct.mit.edu","","","","C:\Users\User\Documents\99_Papers\Di MarioE et al\Di Mario et al_2013_The Effect of the Environment in the Synthesis of Robotic Controllers.pdf","","","","","","","","","","","","","","","","","","","","","","","","","","","","","","","","","","ECAL 2013: The Twelfth European Conference on Artificial Life","","","","","","","","","","","","","","",""
"NMBTDYPY","conferencePaper","2013","Stehlik, Martin; Saleh, Adam; Stetsko, Andriy; Matyas, Vashek","Multi-Objective Optimization of Intrusion Detection Systems for Wireless Sensor Networks","","","","10.1162/978-0-262-31709-2-ch082","https://dx.doi.org/10.1162/978-0-262-31709-2-ch082","","2013-09-01","2024-04-15 05:44:18","2024-04-15 05:44:18","2024-04-15 05:44:18","569-576","","","","","","","","","","","MIT Press","","en","","","","","direct.mit.edu","","","","C:\Users\User\Documents\99_Papers\StehlikM et al\Stehlik et al_2013_Multi-Objective Optimization of Intrusion Detection Systems for Wireless Sensor.pdf","","","","","","","","","","","","","","","","","","","","","","","","","","","","","","","","","","ECAL 2013: The Twelfth European Conference on Artificial Life","","","","","","","","","","","","","","",""
"MLQYXNKM","conferencePaper","2013","Nogueira, Yuri; F. de Brito, Carlos; Vidal, Creto; Cavalcante-Neto, Joaquim","Evolving Plastic Neuromodulated Networks for Behavior Emergence of Autonomous Virtual Characters","","","","10.1162/978-0-262-31709-2-ch083","https://dx.doi.org/10.1162/978-0-262-31709-2-ch083","","2013-09-01","2024-04-15 05:44:19","2024-04-15 05:44:19","2024-04-15 05:44:19","577-584","","","","","","","","","","","MIT Press","","en","","","","","direct.mit.edu","","","","C:\Users\User\Documents\99_Papers\NogueiraY et al\Nogueira et al_2013_Evolving Plastic Neuromodulated Networks for Behavior Emergence of Autonomous.pdf","","","","","","","","","","","","","","","","","","","","","","","","","","","","","","","","","","ECAL 2013: The Twelfth European Conference on Artificial Life","","","","","","","","","","","","","","",""
"ENRETDKB","conferencePaper","2013","Guarneri, Andrea; Maggiorini, Dario; Ripamonti, Laura; Trubian, Marco","GOLEM: Generator Of Life Embedded into MMOs","","","","10.1162/978-0-262-31709-2-ch084","https://dx.doi.org/10.1162/978-0-262-31709-2-ch084","","2013-09-01","2024-04-15 05:44:21","2024-04-15 05:44:21","2024-04-15 05:44:21","585-592","","","","","","GOLEM","","","","","MIT Press","","en","","","","","direct.mit.edu","","","","C:\Users\User\Documents\99_Papers\GuarneriA et al\Guarneri et al_2013_GOLEM.pdf","","","","","","","","","","","","","","","","","","","","","","","","","","","","","","","","","","ECAL 2013: The Twelfth European Conference on Artificial Life","","","","","","","","","","","","","","",""
"MY3BL6AQ","conferencePaper","2013","Falahat, Darius; Gerding, Enrico; Brede, Markus","Evolving Behaviour-Dependent Strategies in Agent Negotiations","","","","10.1162/978-0-262-31709-2-ch085","https://dx.doi.org/10.1162/978-0-262-31709-2-ch085","","2013-09-01","2024-04-15 05:44:24","2024-04-15 05:44:24","2024-04-15 05:44:24","593-600","","","","","","","","","","","MIT Press","","en","","","","","direct.mit.edu","","","","C:\Users\User\Documents\99_Papers\FalahatD et al\Falahat et al_2013_Evolving Behaviour-Dependent Strategies in Agent Negotiations.pdf","","","","","","","","","","","","","","","","","","","","","","","","","","","","","","","","","","ECAL 2013: The Twelfth European Conference on Artificial Life","","","","","","","","","","","","","","",""
"SUMCLJ4Z","conferencePaper","2013","Der, Ralf; Martius, Georg","Behavior as broken symmetry in embodied self-organizing robots","","","","10.1162/978-0-262-31709-2-ch086","https://dx.doi.org/10.1162/978-0-262-31709-2-ch086","","2013-09-01","2024-04-15 05:44:25","2024-04-15 05:44:25","2024-04-15 05:44:25","601-608","","","","","","","","","","","MIT Press","","en","","","","","direct.mit.edu","","","","C:\Users\User\Documents\99_Papers\DerR_MartiusG\Der_Martius_2013_Behavior as broken symmetry in embodied self-organizing robots.pdf","","","","","","","","","","","","","","","","","","","","","","","","","","","","","","","","","","ECAL 2013: The Twelfth European Conference on Artificial Life","","","","","","","","","","","","","","",""
"7UXGLLSA","conferencePaper","2013","Zahadat, Payam; Crailsheim, Karl; Schmickl, Thomas","Social Inhibition Manages Division of Labour in Artificial Swarm Systems","","","","10.1162/978-0-262-31709-2-ch087","https://dx.doi.org/10.1162/978-0-262-31709-2-ch087","","2013-09-01","2024-04-15 05:44:26","2024-04-15 05:44:26","2024-04-15 05:44:26","609-616","","","","","","","","","","","MIT Press","","en","","","","","direct.mit.edu","","","","C:\Users\User\Documents\99_Papers\ZahadatP et al\Zahadat et al_2013_Social Inhibition Manages Division of Labour in Artificial Swarm Systems.pdf","","","","","","","","","","","","","","","","","","","","","","","","","","","","","","","","","","ECAL 2013: The Twelfth European Conference on Artificial Life","","","","","","","","","","","","","","",""
"TR5HN4CL","conferencePaper","2013","Azumagakito, Tsubasa; Suzuki, Reiji; Arita, Takaya","Cyclic Behavior in Gene-Culture Coevolution Mediated by Phenotypic Plasticity in Language","","","","10.1162/978-0-262-31709-2-ch088","https://dx.doi.org/10.1162/978-0-262-31709-2-ch088","","2013-09-01","2024-04-15 05:44:27","2024-04-15 05:44:27","2024-04-15 05:44:27","617-624","","","","","","","","","","","MIT Press","","en","","","","","direct.mit.edu","","","","C:\Users\User\Documents\99_Papers\AzumagakitoT et al\Azumagakito et al_2013_Cyclic Behavior in Gene-Culture Coevolution Mediated by Phenotypic Plasticity.pdf","","","","","","","","","","","","","","","","","","","","","","","","","","","","","","","","","","ECAL 2013: The Twelfth European Conference on Artificial Life","","","","","","","","","","","","","","",""
"3VWACYCP","conferencePaper","2013","Alonso Chavez, Vasthi; Doncaster, C. Patrick; Dearing, John; Wang, Rong; Huang, Jing-Lun; Dyke, James","Detecting regime shifts in artificial ecosystems","","","","10.1162/978-0-262-31709-2-ch089","https://dx.doi.org/10.1162/978-0-262-31709-2-ch089","","2013-09-01","2024-04-15 05:44:28","2024-04-15 05:44:28","2024-04-15 05:44:28","625-632","","","","","","","","","","","MIT Press","","en","","","","","direct.mit.edu","","","","C:\Users\User\Documents\99_Papers\Alonso ChavezV et al\Alonso Chavez et al_2013_Detecting regime shifts in artificial ecosystems.pdf","","","","","","","","","","","","","","","","","","","","","","","","","","","","","","","","","","ECAL 2013: The Twelfth European Conference on Artificial Life","","","","","","","","","","","","","","",""
"YFU43S9Q","conferencePaper","2013","Attwood, Sue; Canamero, Lola; te Boekhorst, Rene","SimianWorld - A Study of Social Organisation Using an Artificial Life Model","","","","10.1162/978-0-262-31709-2-ch090","https://dx.doi.org/10.1162/978-0-262-31709-2-ch090","","2013-09-01","2024-04-15 05:44:29","2024-04-15 05:44:29","2024-04-15 05:44:29","633-640","","","","","","","","","","","MIT Press","","en","","","","","direct.mit.edu","","","","C:\Users\User\Documents\99_Papers\AttwoodS et al\Attwood et al_2013_SimianWorld - A Study of Social Organisation Using an Artificial Life Model.pdf","","","","","","","","","","","","","","","","","","","","","","","","","","","","","","","","","","ECAL 2013: The Twelfth European Conference on Artificial Life","","","","","","","","","","","","","","",""
"EUNMJSC8","conferencePaper","2013","Smith, Simón; Herrmann, J. Michael","Self-Organisation of Generic Policies in Reinforcement Learning","","","","10.1162/978-0-262-31709-2-ch091","https://dx.doi.org/10.1162/978-0-262-31709-2-ch091","","2013-09-01","2024-04-15 05:44:31","2024-04-15 05:44:31","2024-04-15 05:44:31","641-648","","","","","","","","","","","MIT Press","","en","","","","","direct.mit.edu","","","","C:\Users\User\Documents\99_Papers\SmithS_HerrmannJ\Smith_Herrmann_2013_Self-Organisation of Generic Policies in Reinforcement Learning.pdf","","","","","","","","","","","","","","","","","","","","","","","","","","","","","","","","","","ECAL 2013: The Twelfth European Conference on Artificial Life","","","","","","","","","","","","","","",""
"553KF93A","conferencePaper","2013","Ferreira, Antonio; Martinho, Carlos","ASAP: an Ant resource Search Algorithm for swarm-like P2P networks","","","","10.1162/978-0-262-31709-2-ch092","https://dx.doi.org/10.1162/978-0-262-31709-2-ch092","","2013-09-01","2024-04-15 05:44:31","2024-04-15 05:44:31","2024-04-15 05:44:31","649-656","","","","","","ASAP","","","","","MIT Press","","en","","","","","direct.mit.edu","","","","C:\Users\User\Documents\99_Papers\FerreiraA_MartinhoC\Ferreira_Martinho_2013_ASAP.pdf","","","","","","","","","","","","","","","","","","","","","","","","","","","","","","","","","","ECAL 2013: The Twelfth European Conference on Artificial Life","","","","","","","","","","","","","","",""
"AT9VGWW8","conferencePaper","2013","Shcherbacheva, Anna; Kauranne, Tuomo","Population dynamics with limited perception establish global swarm topology","","","","10.1162/978-0-262-31709-2-ch093","https://dx.doi.org/10.1162/978-0-262-31709-2-ch093","","2013-09-01","2024-04-15 05:44:33","2024-04-15 05:44:33","2024-04-15 05:44:33","657-662","","","","","","","","","","","MIT Press","","en","","","","","direct.mit.edu","","","","C:\Users\User\Documents\99_Papers\ShcherbachevaA_KauranneT\Shcherbacheva_Kauranne_2013_Population dynamics with limited perception establish global swarm topology.pdf","","","","","","","","","","","","","","","","","","","","","","","","","","","","","","","","","","ECAL 2013: The Twelfth European Conference on Artificial Life","","","","","","","","","","","","","","",""
"Z6CAUISS","conferencePaper","2013","Pliszka, Zbigniew; Unold, Olgierd","Some Remarks on Dynamics of Binary Chromosomes Population","","","","10.1162/978-0-262-31709-2-ch094","https://dx.doi.org/10.1162/978-0-262-31709-2-ch094","","2013-09-01","2024-04-15 05:59:09","2024-04-15 05:59:09","2024-04-15 05:59:09","663-664","","","","","","","","","","","MIT Press","","en","","","","","direct.mit.edu","","","","C:\Users\User\Documents\99_Papers\PliszkaZ_UnoldO\Pliszka_Unold_2013_Some Remarks on Dynamics of Binary Chromosomes Population.pdf","","","","","","","","","","","","","","","","","","","","","","","","","","","","","","","","","","ECAL 2013: The Twelfth European Conference on Artificial Life","","","","","","","","","","","","","","",""
"9GYFDTPM","conferencePaper","2013","Heras-Escribano, Manuel; Noble, Jason; de Pinedo, Manuel","The only wrong cell is the dead one: On the enactive approach to normativity","","","","10.1162/978-0-262-31709-2-ch095","https://dx.doi.org/10.1162/978-0-262-31709-2-ch095","","2013-09-01","2024-04-15 05:59:10","2024-04-15 05:59:10","2024-04-15 05:59:10","665-670","","","","","","The only wrong cell is the dead one","","","","","MIT Press","","en","","","","","direct.mit.edu","","","","C:\Users\User\Documents\99_Papers\Heras-EscribanoM et al\Heras-Escribano et al_2013_The only wrong cell is the dead one.pdf","","","","","","","","","","","","","","","","","","","","","","","","","","","","","","","","","","ECAL 2013: The Twelfth European Conference on Artificial Life","","","","","","","","","","","","","","",""
"ME4HGB5G","conferencePaper","2013","Haasdijk, Evert; Bredeche, Nicolas","Controlling Task Distribution in MONEE","","","","10.1162/978-0-262-31709-2-ch096","https://dx.doi.org/10.1162/978-0-262-31709-2-ch096","","2013-09-01","2024-04-15 05:59:11","2024-04-15 05:59:11","2024-04-15 05:59:11","671-678","","","","","","","","","","","MIT Press","","en","","","","","direct.mit.edu","","","","C:\Users\User\Documents\99_Papers\HaasdijkE_BredecheN\Haasdijk_Bredeche_2013_Controlling Task Distribution in MONEE.pdf","","","","","","","","","","","","","","","","","","","","","","","","","","","","","","","","","","ECAL 2013: The Twelfth European Conference on Artificial Life","","","","","","","","","","","","","","",""
"DR34AWHR","conferencePaper","2013","Pugliese, Francesco; Marocco, Davide","The relationship between Flocking Behaviour and the Emergence of Leadership","","","","10.1162/978-0-262-31709-2-ch097","https://dx.doi.org/10.1162/978-0-262-31709-2-ch097","","2013-09-01","2024-04-15 05:59:12","2024-04-15 05:59:12","2024-04-15 05:59:12","679-685","","","","","","","","","","","MIT Press","","en","","","","","direct.mit.edu","","","","C:\Users\User\Documents\99_Papers\PuglieseF_MaroccoD\Pugliese_Marocco_2013_The relationship between Flocking Behaviour and the Emergence of Leadership.pdf","","","","","","","","","","","","","","","","","","","","","","","","","","","","","","","","","","ECAL 2013: The Twelfth European Conference on Artificial Life","","","","","","","","","","","","","","",""
"ABCSUE4C","conferencePaper","2013","Hrolenok, Brian; Balch, Tucker","Learning Schooling Behavior from Observation","","","","10.1162/978-0-262-31709-2-ch098","https://dx.doi.org/10.1162/978-0-262-31709-2-ch098","","2013-09-01","2024-04-15 05:59:12","2024-04-15 05:59:12","2024-04-15 05:59:13","686-691","","","","","","","","","","","MIT Press","","en","","","","","direct.mit.edu","","","","C:\Users\User\Documents\99_Papers\HrolenokB_BalchT\Hrolenok_Balch_2013_Learning Schooling Behavior from Observation.pdf","","","","","","","","","","","","","","","","","","","","","","","","","","","","","","","","","","ECAL 2013: The Twelfth European Conference on Artificial Life","","","","","","","","","","","","","","",""
"N48HGTAF","conferencePaper","2013","Osawa, Hirotaka; Imai, Michita","Evolution of Mutual Trust Protocol in Human-based Multi-Agent Simulation","","","","10.1162/978-0-262-31709-2-ch099","https://dx.doi.org/10.1162/978-0-262-31709-2-ch099","","2013-09-01","2024-04-15 05:59:13","2024-04-15 05:59:13","2024-04-15 05:59:13","692-697","","","","","","","","","","","MIT Press","","en","","","","","direct.mit.edu","","","","C:\Users\User\Documents\99_Papers\OsawaH_ImaiM\Osawa_Imai_2013_Evolution of Mutual Trust Protocol in Human-based Multi-Agent Simulation.pdf","","","","","","","","","","","","","","","","","","","","","","","","","","","","","","","","","","ECAL 2013: The Twelfth European Conference on Artificial Life","","","","","","","","","","","","","","",""
"UK5MAFTE","conferencePaper","2013","Hubert, Julien; Matsuda, Eiko; Ikegami, Takashi","Hebbian Learning In A Multimodal Environment","","","","10.1162/978-0-262-31709-2-ch100","https://dx.doi.org/10.1162/978-0-262-31709-2-ch100","","2013-09-01","2024-04-15 05:59:14","2024-04-15 05:59:14","2024-04-15 05:59:14","698-705","","","","","","","","","","","MIT Press","","en","","","","","direct.mit.edu","","","","C:\Users\User\Documents\99_Papers\HubertJ et al\Hubert et al_2013_Hebbian Learning In A Multimodal Environment.pdf","","","","","","","","","","","","","","","","","","","","","","","","","","","","","","","","","","ECAL 2013: The Twelfth European Conference on Artificial Life","","","","","","","","","","","","","","",""
"UU7EP5FK","conferencePaper","2013","Maggiorini, Dario; Ripamonti, Laura; Panzeri, Samuele","Follow the Leader: a Scalable Approach for Realistic Group Behavior of Roaming NPCs in MMO Games","","","","10.1162/978-0-262-31709-2-ch101","https://dx.doi.org/10.1162/978-0-262-31709-2-ch101","","2013-09-01","2024-04-15 05:59:15","2024-04-15 05:59:15","2024-04-15 05:59:15","706-712","","","","","","Follow the Leader","","","","","MIT Press","","en","","","","","direct.mit.edu","","","","C:\Users\User\Documents\99_Papers\MaggioriniD et al\Maggiorini et al_2013_Follow the Leader.pdf","","","","","","","","","","","","","","","","","","","","","","","","","","","","","","","","","","ECAL 2013: The Twelfth European Conference on Artificial Life","","","","","","","","","","","","","","",""
"5G9RRCGM","conferencePaper","2013","Zahadat, Payam; Schmickl, Thomas; Crailsheim, Karl","Evolution of Spatial Pattern Formation by Autonomous Bio-Inspired Cellular Controllers","","","","10.1162/978-0-262-31709-2-ch103","https://dx.doi.org/10.1162/978-0-262-31709-2-ch103","","2013-09-01","2024-04-15 05:59:16","2024-04-15 05:59:16","2024-04-15 05:59:16","721-728","","","","","","","","","","","MIT Press","","en","","","","","direct.mit.edu","","","","C:\Users\User\Documents\99_Papers\ZahadatP et al\Zahadat et al_2013_Evolution of Spatial Pattern Formation by Autonomous Bio-Inspired Cellular.pdf","","","","","","","","","","","","","","","","","","","","","","","","","","","","","","","","","","ECAL 2013: The Twelfth European Conference on Artificial Life","","","","","","","","","","","","","","",""
"LAPYM5XG","conferencePaper","2013","Harada, Tomohiro; Takadama, Keiki","Analyzing Program Evolution in Genetic Programming using Asynchronous Evaluation","","","","10.1162/978-0-262-31709-2-ch102","https://dx.doi.org/10.1162/978-0-262-31709-2-ch102","","2013-09-01","2024-04-15 05:59:17","2024-04-15 05:59:17","2024-04-15 05:59:17","713-720","","","","","","","","","","","MIT Press","","en","","","","","direct.mit.edu","","","","C:\Users\User\Documents\99_Papers\HaradaT_TakadamaK\Harada_Takadama_2013_Analyzing Program Evolution in Genetic Programming using Asynchronous Evaluation.pdf","","","","","","","","","","","","","","","","","","","","","","","","","","","","","","","","","","ECAL 2013: The Twelfth European Conference on Artificial Life","","","","","","","","","","","","","","",""
"8TFYFQ3U","conferencePaper","2013","Niizato, Takayuki","Multiplicity of Interpretation in an Asynchronous Updating Rule: Emergence of Collective Cognition","","","","10.1162/978-0-262-31709-2-ch104","https://dx.doi.org/10.1162/978-0-262-31709-2-ch104","","2013-09-01","2024-04-15 05:59:18","2024-04-15 05:59:18","2024-04-15 05:59:18","729-736","","","","","","Multiplicity of Interpretation in an Asynchronous Updating Rule","","","","","MIT Press","","en","","","","","direct.mit.edu","","","","C:\Users\User\Documents\99_Papers\NiizatoT\Niizato_2013_Multiplicity of Interpretation in an Asynchronous Updating Rule.pdf","","","","","","","","","","","","","","","","","","","","","","","","","","","","","","","","","","ECAL 2013: The Twelfth European Conference on Artificial Life","","","","","","","","","","","","","","",""
"372M6FWG","conferencePaper","2013","Segerståhl, Margareta","Formal Model of Living Systems","","","","10.1162/978-0-262-31709-2-ch106","https://dx.doi.org/10.1162/978-0-262-31709-2-ch106","","2013-09-01","2024-04-15 05:59:19","2024-04-15 05:59:19","2024-04-15 05:59:19","745-749","","","","","","","","","","","MIT Press","","en","","","","","direct.mit.edu","","","","C:\Users\User\Documents\99_Papers\SegerståhlM\Segerståhl_2013_Formal Model of Living Systems.pdf","","","","","","","","","","","","","","","","","","","","","","","","","","","","","","","","","","ECAL 2013: The Twelfth European Conference on Artificial Life","","","","","","","","","","","","","","",""
"NRSDAZ55","conferencePaper","2013","Khaluf, Yara; Rammig, Franz","Task Allocation Strategy for Time-Constrained Tasks in Robots Swarms","","","","10.1162/978-0-262-31709-2-ch105","https://dx.doi.org/10.1162/978-0-262-31709-2-ch105","","2013-09-01","2024-04-15 05:59:20","2024-04-15 05:59:20","2024-04-15 05:59:20","737-744","","","","","","","","","","","MIT Press","","en","","","","","direct.mit.edu","","","","C:\Users\User\Documents\99_Papers\KhalufY_RammigF\Khaluf_Rammig_2013_Task Allocation Strategy for Time-Constrained Tasks in Robots Swarms.pdf","","","","","","","","","","","","","","","","","","","","","","","","","","","","","","","","","","ECAL 2013: The Twelfth European Conference on Artificial Life","","","","","","","","","","","","","","",""
"LK2PHNKI","conferencePaper","2013","Nogueira, Yuri; F. de Brito, Carlos; Vidal, Creto; Cavalcante-Neto, Joaquim","Emergence of Autonomous Behaviors of Virtual Characters through Simulated Reproduction","","","","10.1162/978-0-262-31709-2-ch107","https://dx.doi.org/10.1162/978-0-262-31709-2-ch107","","2013-09-01","2024-04-15 05:59:21","2024-04-15 05:59:21","2024-04-15 05:59:21","750-757","","","","","","","","","","","MIT Press","","en","","","","","direct.mit.edu","","","","","","","","","","","","","","","","","","","","","","","","","","","","","","","","","","","","","","ECAL 2013: The Twelfth European Conference on Artificial Life","","","","","","","","","","","","","","",""
"Y28YJI3B","conferencePaper","2013","Kato, Takeo; Sato, Koichiro; Matsuoka, Yoshiyuki","Robust Optimization of Adjustable Control Factors Using Particle Swarm Optimization","","","","10.1162/978-0-262-31709-2-ch108","https://dx.doi.org/10.1162/978-0-262-31709-2-ch108","","2013-09-01","2024-04-15 05:59:23","2024-04-15 05:59:23","2024-04-15 05:59:23","758-764","","","","","","","","","","","MIT Press","","en","","","","","direct.mit.edu","","","","C:\Users\User\Documents\99_Papers\KatoT et al\Kato et al_2013_Robust Optimization of Adjustable Control Factors Using Particle Swarm.pdf","","","","","","","","","","","","","","","","","","","","","","","","","","","","","","","","","","ECAL 2013: The Twelfth European Conference on Artificial Life","","","","","","","","","","","","","","",""
"GKE8UHWR","conferencePaper","2013","Arena, Paolo; Patane, Luca; Strauss, Roland","The Insect Mushroom Bodies: a Paradigm of Neural Reuse","","","","10.1162/978-0-262-31709-2-ch109","https://dx.doi.org/10.1162/978-0-262-31709-2-ch109","","2013-09-01","2024-04-15 05:59:23","2024-04-15 05:59:23","2024-04-15 05:59:23","765-772","","","","","","The Insect Mushroom Bodies","","","","","MIT Press","","en","","","","","direct.mit.edu","","","","C:\Users\User\Documents\99_Papers\ArenaP et al\Arena et al_2013_The Insect Mushroom Bodies.pdf","","","","","","","","","","","","","","","","","","","","","","","","","","","","","","","","","","ECAL 2013: The Twelfth European Conference on Artificial Life","","","","","","","","","","","","","","",""
"FJJPAPKR","conferencePaper","2013","Di Nuovo, Alessandro; Marocco, Davide; Di Nuovo, Santo; Cangelosi, Angelo","Ballistic Action Planning in Robotics by means of Artificial Imagery","","","","10.1162/978-0-262-31709-2-ch110","https://dx.doi.org/10.1162/978-0-262-31709-2-ch110","","2013-09-01","2024-04-15 05:59:25","2024-04-15 05:59:25","2024-04-15 05:59:25","773-774","","","","","","","","","","","MIT Press","","en","","","","","direct.mit.edu","","","","C:\Users\User\Documents\99_Papers\Di NuovoA et al\Di Nuovo et al_2013_Ballistic Action Planning in Robotics by means of Artificial Imagery.pdf","","","","","","","","","","","","","","","","","","","","","","","","","","","","","","","","","","ECAL 2013: The Twelfth European Conference on Artificial Life","","","","","","","","","","","","","","",""
"7728MUWB","conferencePaper","2013","Alers, Sjriek; Ranjbar-Sahraei, Bijan; May, Stefan; Tuyls, Karl; Weiss, Gerhard","Evaluation of an Experimental Framework for Exploiting Vision in Swarm Robotics","","","","10.1162/978-0-262-31709-2-ch111","https://dx.doi.org/10.1162/978-0-262-31709-2-ch111","","2013-09-01","2024-04-15 05:59:25","2024-04-15 05:59:25","2024-04-15 05:59:25","775-782","","","","","","","","","","","MIT Press","","en","","","","","direct.mit.edu","","","","C:\Users\User\Documents\99_Papers\AlersS et al\Alers et al_2013_Evaluation of an Experimental Framework for Exploiting Vision in Swarm Robotics.pdf","","","","","","","","","","","","","","","","","","","","","","","","","","","","","","","","","","ECAL 2013: The Twelfth European Conference on Artificial Life","","","","","","","","","","","","","","",""
"SZFCCK77","conferencePaper","2013","Garattoni, Lorenzo; Roli, Andrea; Amaducci, Matteo; Pinciroli, Carlo; Birattari, Mauro","Boolean Network Robotics as an Intermediate Step in the Synthesis of Finite State Machines for Robot Control","","","","10.1162/978-0-262-31709-2-ch112","https://dx.doi.org/10.1162/978-0-262-31709-2-ch112","","2013-09-01","2024-04-15 05:59:26","2024-04-15 05:59:26","2024-04-15 05:59:26","783-790","","","","","","","","","","","MIT Press","","en","","","","","direct.mit.edu","","","","C:\Users\User\Documents\99_Papers\GarattoniL et al\Garattoni et al_2013_Boolean Network Robotics as an Intermediate Step in the Synthesis of Finite.pdf","","","","","","","","","","","","","","","","","","","","","","","","","","","","","","","","","","ECAL 2013: The Twelfth European Conference on Artificial Life","","","","","","","","","","","","","","",""
"UMSTD2MQ","conferencePaper","2013","Padirac, Adrien; Baccouche, Alexandre; Teruo, Fujii; Estevez-Torres, Andre; Rondelez, Yannick","Predator prey molecular landscapes","","","","10.1162/978-0-262-31709-2-ch113","https://dx.doi.org/10.1162/978-0-262-31709-2-ch113","","2013-09-01","2024-04-15 05:59:27","2024-04-15 05:59:27","2024-04-15 05:59:27","791-792","","","","","","","","","","","MIT Press","","en","","","","","direct.mit.edu","","","","C:\Users\User\Documents\99_Papers\PadiracA et al\Padirac et al_2013_Predator prey molecular landscapes.pdf","","","","","","","","","","","","","","","","","","","","","","","","","","","","","","","","","","ECAL 2013: The Twelfth European Conference on Artificial Life","","","","","","","","","","","","","","",""
"UNA9BNFF","conferencePaper","2013","Filisetti, Alessandro; Graudenzi, Alex; Damiani, Chiara; Villani, Marco; Serra, Roberto","The role of backward reactions in a stochastic model of catalytic reaction networks","","","","10.1162/978-0-262-31709-2-ch114","https://dx.doi.org/10.1162/978-0-262-31709-2-ch114","","2013-09-01","2024-04-15 05:59:28","2024-04-15 05:59:28","2024-04-15 05:59:28","793-801","","","","","","","","","","","MIT Press","","en","","","","","direct.mit.edu","","","","C:\Users\User\Documents\99_Papers\FilisettiA et al\Filisetti et al_2013_The role of backward reactions in a stochastic model of catalytic reaction.pdf","","","","","","","","","","","","","","","","","","","","","","","","","","","","","","","","","","ECAL 2013: The Twelfth European Conference on Artificial Life","","","","","","","","","","","","","","",""
"XL5YB72M","conferencePaper","2013","Ducharme, Vincent; Egli, Richard; Jette, Sylvie","A cardiopulmonary system for a virtual patient","","","","10.1162/978-0-262-31709-2-ch115","https://dx.doi.org/10.1162/978-0-262-31709-2-ch115","","2013-09-01","2024-04-15 05:59:29","2024-04-15 05:59:29","2024-04-15 05:59:29","802-809","","","","","","","","","","","MIT Press","","en","","","","","direct.mit.edu","","","","C:\Users\User\Documents\99_Papers\DucharmeV et al\Ducharme et al_2013_A cardiopulmonary system for a virtual patient.pdf","","","","","","","","","","","","","","","","","","","","","","","","","","","","","","","","","","ECAL 2013: The Twelfth European Conference on Artificial Life","","","","","","","","","","","","","","",""
"A6RQZRDY","conferencePaper","2013","Gunji, Yukio-Pegio; Sakiyama, Tomoko; Wakisaka, Sohei; Fujii, Naotaka; Nakamura, Tomoaki","Artificial Causal Space-Time","","","","10.1162/978-0-262-31709-2-ch116","https://dx.doi.org/10.1162/978-0-262-31709-2-ch116","","2013-09-01","2024-04-15 05:59:29","2024-04-15 05:59:29","2024-04-15 05:59:29","810-817","","","","","","","","","","","MIT Press","","en","","","","","direct.mit.edu","","","","C:\Users\User\Documents\99_Papers\GunjiY et al\Gunji et al_2013_Artificial Causal Space-Time.pdf","","","","","","","","","","","","","","","","","","","","","","","","","","","","","","","","","","ECAL 2013: The Twelfth European Conference on Artificial Life","","","","","","","","","","","","","","",""
"W5SJBWBK","conferencePaper","2013","Čejková, Jitka; Haufová, Petra; Gorný, Damian; Štěpánek, František","""Artificial spores"" - hybrid alginate microcapsules with encapsulated yeast cells","","","","10.1162/978-0-262-31709-2-ch117","https://dx.doi.org/10.1162/978-0-262-31709-2-ch117","","2013-09-01","2024-04-15 05:59:30","2024-04-16 02:32:25","2024-04-15 05:59:30","818-823","","","","","","","","","","","MIT Press","","en","","","","","direct.mit.edu","","","","C:\Users\User\Documents\99_Papers\ČejkováJ et al\Čejková et al_2013_Artificial spores - hybrid alginate microcapsules with encapsulated yeast.pdf","","","","","","","","","","","","","","","","","","","","","","","","","","","","","","","","","","ECAL 2013: The Twelfth European Conference on Artificial Life","","","","","","","","","","","","","","",""
"PNHNC75E","conferencePaper","2013","Matsubayashi, Hideaki; Kuruma, Yutetsu; Ueda, Takuya","In vitro Synthesis of Membrane Protein Machinery toward the Construction of Artificial Cell","","","","10.1162/978-0-262-31709-2-ch118","https://dx.doi.org/10.1162/978-0-262-31709-2-ch118","","2013-09-01","2024-04-15 06:02:48","2024-04-15 06:02:48","2024-04-15 06:02:48","824-824","","","","","","","","","","","MIT Press","","en","","","","","direct.mit.edu","","","","C:\Users\User\Documents\99_Papers\MatsubayashiH et al\Matsubayashi et al_2013_In vitro Synthesis of Membrane Protein Machinery toward the Construction of.pdf","","","","","","","","","","","","","","","","","","","","","","","","","","","","","","","","","","ECAL 2013: The Twelfth European Conference on Artificial Life","","","","","","","","","","","","","","",""
"NMVIIYJ8","conferencePaper","2013","Maselko, Jerzy; Pantaleone, James; Kaminker, Vitaliy","Experimental studied on growing chemical organisms","","","","10.1162/978-0-262-31709-2-ch119","https://dx.doi.org/10.1162/978-0-262-31709-2-ch119","","2013-09-01","2024-04-15 06:02:49","2024-04-15 06:02:49","2024-04-15 06:02:49","825-826","","","","","","","","","","","MIT Press","","en","","","","","direct.mit.edu","","","","C:\Users\User\Documents\99_Papers\MaselkoJ et al\Maselko et al_2013_Experimental studied on growing chemical organisms.pdf","","","","","","","","","","","","","","","","","","","","","","","","","","","","","","","","","","ECAL 2013: The Twelfth European Conference on Artificial Life","","","","","","","","","","","","","","",""
"2ACVD7VJ","conferencePaper","2013","Arriaga, Julio; Kossan, George; Cody, Martin; Vallejo, Edgar; Taylor, Charles","Acoustic sensor arrays for understanding bird communication. Identifying Cassin’s Vireos using SVMs and HMMs","","","","10.1162/978-0-262-31709-2-ch120","https://dx.doi.org/10.1162/978-0-262-31709-2-ch120","","2013-09-01","2024-04-15 06:02:50","2024-04-15 06:02:50","2024-04-15 06:02:50","827-828","","","","","","","","","","","MIT Press","","en","","","","","direct.mit.edu","","","","C:\Users\User\Documents\99_Papers\ArriagaJ et al\Arriaga et al_2013_Acoustic sensor arrays for understanding bird communication.pdf","","","","","","","","","","","","","","","","","","","","","","","","","","","","","","","","","","ECAL 2013: The Twelfth European Conference on Artificial Life","","","","","","","","","","","","","","",""
"EF2VHFAE","conferencePaper","2013","Cleaves, Henderson; Anthony, Neil","Prebiotic Organic Microstructures as Model Protocells","","","","10.1162/978-0-262-31709-2-ch121","https://dx.doi.org/10.1162/978-0-262-31709-2-ch121","","2013-09-01","2024-04-15 06:02:50","2024-04-15 06:02:50","2024-04-15 06:02:50","829-829","","","","","","","","","","","MIT Press","","en","","","","","direct.mit.edu","","","","C:\Users\User\Documents\99_Papers\CleavesH_AnthonyN\Cleaves_Anthony_2013_Prebiotic Organic Microstructures as Model Protocells.pdf","","","","","","","","","","","","","","","","","","","","","","","","","","","","","","","","","","ECAL 2013: The Twelfth European Conference on Artificial Life","","","","","","","","","","","","","","",""
"KWNFE6F8","conferencePaper","2013","Thenius, Ronald; Zahadat, Payam; Schmickl, Thomas","EMANN - a model of emotions in an artificial neural network","","","","10.1162/978-0-262-31709-2-ch122","https://dx.doi.org/10.1162/978-0-262-31709-2-ch122","","2013-09-01","2024-04-15 06:02:51","2024-04-15 06:02:51","2024-04-15 06:02:51","830-837","","","","","","","","","","","MIT Press","","en","","","","","direct.mit.edu","","","","C:\Users\User\Documents\99_Papers\TheniusR et al\Thenius et al_2013_EMANN - a model of emotions in an artificial neural network.pdf","","","","","","","","","","","","","","","","","","","","","","","","","","","","","","","","","","ECAL 2013: The Twelfth European Conference on Artificial Life","","","","","","","","","","","","","","",""
"7FT9RWV6","conferencePaper","2013","Keijzers, Stein; Maandag, Peter; Marchiori, Elena; Sprinkhuizen-Kuyper, Ida","Image Similarity Search using a Negative Selection Algorithm","","","","10.1162/978-0-262-31709-2-ch123","https://dx.doi.org/10.1162/978-0-262-31709-2-ch123","","2013-09-01","2024-04-15 06:02:53","2024-04-15 06:02:53","2024-04-15 06:02:53","838-845","","","","","","","","","","","MIT Press","","en","","","","","direct.mit.edu","","","","C:\Users\User\Documents\99_Papers\KeijzersS et al\Keijzers et al_2013_Image Similarity Search using a Negative Selection Algorithm.pdf","","","","","","","","","","","","","","","","","","","","","","","","","","","","","","","","","","ECAL 2013: The Twelfth European Conference on Artificial Life","","","","","","","","","","","","","","",""
"MFF4LING","conferencePaper","2013","Lau, HuiKeng; Bate, Iain; Timmis, Jon","Immune-Inspired Error Detection for Multiple Faulty Robots in Swarm Robotics","","","","10.1162/978-0-262-31709-2-ch124","https://dx.doi.org/10.1162/978-0-262-31709-2-ch124","","2013-09-01","2024-04-15 06:02:54","2024-04-15 06:02:54","2024-04-15 06:02:54","846-853","","","","","","","","","","","MIT Press","","en","","","","","direct.mit.edu","","","","C:\Users\User\Documents\99_Papers\LauH et al\Lau et al_2013_Immune-Inspired Error Detection for Multiple Faulty Robots in Swarm Robotics.pdf","","","","","","","","","","","","","","","","","","","","","","","","","","","","","","","","","","ECAL 2013: The Twelfth European Conference on Artificial Life","","","","","","","","","","","","","","",""
"T567R5E2","conferencePaper","2013","Figueredo, Grazziela; Siebers, Peer-Olaf; Augusto, Douglas; Barbosa, Helio; Aickelin, Uwe","The use of Agent-based Simulation to Discover Extreme Cases in Immune-Interactions with Early-Stage Cancer Scenarios","","","","10.1162/978-0-262-31709-2-ch125","https://dx.doi.org/10.1162/978-0-262-31709-2-ch125","","2013-09-01","2024-04-15 06:02:54","2024-04-15 06:02:54","2024-04-15 06:02:54","854-855","","","","","","","","","","","MIT Press","","en","","","","","direct.mit.edu","","","","C:\Users\User\Documents\99_Papers\FigueredoG et al\Figueredo et al_2013_The use of Agent-based Simulation to Discover Extreme Cases in.pdf","","","","","","","","","","","","","","","","","","","","","","","","","","","","","","","","","","ECAL 2013: The Twelfth European Conference on Artificial Life","","","","","","","","","","","","","","",""
"GJRQZXQP","conferencePaper","2013","Sim, Kevin; Hart, Emma; Paechter, Ben","Learning to Solve Bin Packing Problems with an Immune Inspired Hyper-heuristic","","","","10.1162/978-0-262-31709-2-ch126","https://dx.doi.org/10.1162/978-0-262-31709-2-ch126","","2013-09-01","2024-04-15 06:02:56","2024-04-15 06:02:56","2024-04-15 06:02:56","856-863","","","","","","","","","","","MIT Press","","en","","","","","direct.mit.edu","","","","C:\Users\User\Documents\99_Papers\SimK et al\Sim et al_2013_Learning to Solve Bin Packing Problems with an Immune Inspired Hyper-heuristic.pdf","","","","","","","","","","","","","","","","","","","","","","","","","","","","","","","","","","ECAL 2013: The Twelfth European Conference on Artificial Life","","","","","","","","","","","","","","",""
"W87LGEF4","conferencePaper","2013","Capodieci, Nicola; Hart, Emma; Cabri, Giacomo","An immune network approach for self-adaptive ensembles of autonomic components: a case study in swarm robotics","","","","10.1162/978-0-262-31709-2-ch127","https://dx.doi.org/10.1162/978-0-262-31709-2-ch127","","2013-09-01","2024-04-15 06:02:57","2024-04-15 06:02:57","2024-04-15 06:02:57","864-871","","","","","","An immune network approach for self-adaptive ensembles of autonomic components","","","","","MIT Press","","en","","","","","direct.mit.edu","","","","C:\Users\User\Documents\99_Papers\CapodieciN et al\Capodieci et al_2013_An immune network approach for self-adaptive ensembles of autonomic components.pdf","","","","","","","","","","","","","","","","","","","","","","","","","","","","","","","","","","ECAL 2013: The Twelfth European Conference on Artificial Life","","","","","","","","","","","","","","",""
"Z3A2KMCP","conferencePaper","2013","Read, Mark; Tripp, Magnus; Leonova, Hannah; Rose, Louis; Timmis, Jon","Automated calibration of agent-based immunological simulations","","","","10.1162/978-0-262-31709-2-ch129","https://dx.doi.org/10.1162/978-0-262-31709-2-ch129","","2013-09-01","2024-04-15 06:02:58","2024-04-15 06:02:58","2024-04-15 06:02:58","874-875","","","","","","","","","","","MIT Press","","en","","","","","direct.mit.edu","","","","C:\Users\User\Documents\99_Papers\ReadM et al\Read et al_2013_Automated calibration of agent-based immunological simulations.pdf","","","","","","","","","","","","","","","","","","","","","","","","","","","","","","","","","","ECAL 2013: The Twelfth European Conference on Artificial Life","","","","","","","","","","","","","","",""
"RA872YDF","conferencePaper","2013","Gao, Shangce; Gong, Tao; Zhong, Weiya; Wang, Fang; Chen, Beibei","Enhancing the learning capacity of immunological algorithms: a comprehensive study of learning operators","","","","10.1162/978-0-262-31709-2-ch130","https://dx.doi.org/10.1162/978-0-262-31709-2-ch130","","2013-09-01","2024-04-15 06:02:59","2024-04-15 06:02:59","2024-04-15 06:02:59","876-883","","","","","","Enhancing the learning capacity of immunological algorithms","","","","","MIT Press","","en","","","","","direct.mit.edu","","","","C:\Users\User\Documents\99_Papers\GaoS et al\Gao et al_2013_Enhancing the learning capacity of immunological algorithms.pdf","","","","","","","","","","","","","","","","","","","","","","","","","","","","","","","","","","ECAL 2013: The Twelfth European Conference on Artificial Life","","","","","","","","","","","","","","",""
"XWY6EYT2","conferencePaper","2013","Tsang, Wilburn; Lau, Henry","An Artificial Immune System-based Many-Objective Optimization Algorithm with Network Activation Scheme","","","","10.1162/978-0-262-31709-2-ch128","https://dx.doi.org/10.1162/978-0-262-31709-2-ch128","","2013-09-01","2024-04-15 06:03:00","2024-04-15 06:03:00","2024-04-15 06:03:00","872-873","","","","","","","","","","","MIT Press","","en","","","","","direct.mit.edu","","","","C:\Users\User\Documents\99_Papers\TsangW_LauH\Tsang_Lau_2013_An Artificial Immune System-based Many-Objective Optimization Algorithm with.pdf","","","","","","","","","","","","","","","","","","","","","","","","","","","","","","","","","","ECAL 2013: The Twelfth European Conference on Artificial Life","","","","","","","","","","","","","","",""
"D3DF3SDZ","conferencePaper","2013","Zhao, Dongdong; Luo, Wenjian","Real-Valued Negative Databases","","","","10.1162/978-0-262-31709-2-ch131","https://dx.doi.org/10.1162/978-0-262-31709-2-ch131","","2013-09-01","2024-04-15 06:03:00","2024-04-15 06:03:00","2024-04-15 06:03:00","884-890","","","","","","","","","","","MIT Press","","en","","","","","direct.mit.edu","","","","C:\Users\User\Documents\99_Papers\ZhaoD_LuoW\Zhao_Luo_2013_Real-Valued Negative Databases.pdf","","","","","","","","","","","","","","","","","","","","","","","","","","","","","","","","","","ECAL 2013: The Twelfth European Conference on Artificial Life","","","","","","","","","","","","","","",""
"XSB6MPAM","conferencePaper","2013","Hart, Emma; Read, Mark; McEwan, Chris; Aickelin, Uwe; Greensmith, Julie","On the Role of the AIS Practitioner","","","","10.1162/978-0-262-31709-2-ch132","https://dx.doi.org/10.1162/978-0-262-31709-2-ch132","","2013-09-01","2024-04-15 06:03:02","2024-04-15 06:03:02","2024-04-15 06:03:02","891-892","","","","","","","","","","","MIT Press","","en","","","","","direct.mit.edu","","","","C:\Users\User\Documents\99_Papers\HartE et al\Hart et al_2013_On the Role of the AIS Practitioner.pdf","","","","","","","","","","","","","","","","","","","","","","","","","","","","","","","","","","ECAL 2013: The Twelfth European Conference on Artificial Life","","","","","","","","","","","","","","",""
"R4CXEI8S","conferencePaper","2013","Taylor, Paul; Polack, Fiona; Timmis, Jon","Accelerating Immunos 99","","","","10.1162/978-0-262-31709-2-ch133","https://dx.doi.org/10.1162/978-0-262-31709-2-ch133","","2013-09-01","2024-04-15 06:03:02","2024-04-15 06:03:02","2024-04-15 06:03:02","893-898","","","","","","","","","","","MIT Press","","en","","","","","direct.mit.edu","","","","C:\Users\User\Documents\99_Papers\TaylorP et al\Taylor et al_2013_Accelerating Immunos 99.pdf","","","","","","","","","","","","","","","","","","","","","","","","","","","","","","","","","","ECAL 2013: The Twelfth European Conference on Artificial Life","","","","","","","","","","","","","","",""
"93MULVI8","conferencePaper","2013","Yu, Lingli; Wu, Binglu; Gong, Tao","A hierarchical support vector machine based on feature-driven method for speech emotion recognition","","","","10.1162/978-0-262-31709-2-ch135","https://dx.doi.org/10.1162/978-0-262-31709-2-ch135","","2013-09-01","2024-04-15 06:03:03","2024-04-15 06:03:03","2024-04-15 06:03:03","901-908","","","","","","","","","","","MIT Press","","en","","","","","direct.mit.edu","","","","C:\Users\User\Documents\99_Papers\YuL et al\Yu et al_2013_A hierarchical support vector machine based on feature-driven method for speech.pdf","","","","","","","","","","","","","","","","","","","","","","","","","","","","","","","","","","ECAL 2013: The Twelfth European Conference on Artificial Life","","","","","","","","","","","","","","",""
"RCIA2IP6","conferencePaper","2013","Lee, N.; Lau, H.","Modelling the Migration and Maturation of Dendritic Cells for Automatic Optimization of Complex Engineering Problems","","","","10.1162/978-0-262-31709-2-ch134","https://dx.doi.org/10.1162/978-0-262-31709-2-ch134","","2013-09-01","2024-04-15 06:03:05","2024-04-15 06:03:05","2024-04-15 06:03:05","899-900","","","","","","","","","","","MIT Press","","en","","","","","direct.mit.edu","","","","C:\Users\User\Documents\99_Papers\LeeN_LauH\Lee_Lau_2013_Modelling the Migration and Maturation of Dendritic Cells for Automatic.pdf","","","","","","","","","","","","","","","","","","","","","","","","","","","","","","","","","","ECAL 2013: The Twelfth European Conference on Artificial Life","","","","","","","","","","","","","","",""
"8NC64DCD","conferencePaper","2013","Bazzan, Ana","Comparing Reinforcement Learning and Evolutionary Based Adaptation in Population Games","","","","10.1162/978-0-262-31709-2-ch136","https://dx.doi.org/10.1162/978-0-262-31709-2-ch136","","2013-09-01","2024-04-15 06:03:06","2024-04-15 06:03:06","2024-04-15 06:03:06","909-916","","","","","","","","","","","MIT Press","","en","","","","","direct.mit.edu","","","","C:\Users\User\Documents\99_Papers\BazzanA\Bazzan_2013_Comparing Reinforcement Learning and Evolutionary Based Adaptation in.pdf","","","","","","","","","","","","","","","","","","","","","","","","","","","","","","","","","","ECAL 2013: The Twelfth European Conference on Artificial Life","","","","","","","","","","","","","","",""
"6HLSRJKS","conferencePaper","2013","Zinflou, Arnaud; Gagné, Caroline; Gravel, Marc","A hybrid genetic/immune strategy to tackle the multiobjective quadratic assignment problem","","","","10.1162/978-0-262-31709-2-ch139","https://dx.doi.org/10.1162/978-0-262-31709-2-ch139","","2013-09-01","2024-04-15 06:03:07","2024-04-15 06:03:07","2024-04-15 06:03:07","933-939","","","","","","","","","","","MIT Press","","en","","","","","direct.mit.edu","","","","C:\Users\User\Documents\99_Papers\ZinflouA et al\Zinflou et al_2013_A hybrid genetic-immune strategy to tackle the multiobjective quadratic.pdf","","","","","","","","","","","","","","","","","","","","","","","","","","","","","","","","","","ECAL 2013: The Twelfth European Conference on Artificial Life","","","","","","","","","","","","","","",""
"7PVJL4LY","conferencePaper","2013","Urbano, Paulo; Georgiou, Loukas","Improving Grammatical Evolution in Santa Fe Trail using Novelty Search","","","","10.1162/978-0-262-31709-2-ch137","https://dx.doi.org/10.1162/978-0-262-31709-2-ch137","","2013-09-01","2024-04-15 06:03:08","2024-04-15 06:03:08","2024-04-15 06:03:08","917-924","","","","","","","","","","","MIT Press","","en","","","","","direct.mit.edu","","","","C:\Users\User\Documents\99_Papers\UrbanoP_GeorgiouL\Urbano_Georgiou_2013_Improving Grammatical Evolution in Santa Fe Trail using Novelty Search.pdf","","","","","","","","","","","","","","","","","","","","","","","","","","","","","","","","","","ECAL 2013: The Twelfth European Conference on Artificial Life","","","","","","","","","","","","","","",""
"DRPKSFTT","conferencePaper","2013","Crossley, Matthew; Nisbet, Andy; Amos, Martyn","Quantifying the Impact of Parameter Tuning on Nature-Inspired Algorithms","","","","10.1162/978-0-262-31709-2-ch138","https://dx.doi.org/10.1162/978-0-262-31709-2-ch138","","2013-09-01","2024-04-15 06:03:09","2024-04-15 06:03:09","2024-04-15 06:03:09","925-932","","","","","","","","","","","MIT Press","","en","","","","","direct.mit.edu","","","","","","","","","","","","","","","","","","","","","","","","","","","","","","","","","","","","","","ECAL 2013: The Twelfth European Conference on Artificial Life","","","","","","","","","","","","","","",""
"ZKRINU8K","conferencePaper","2013","Costa, Ariadne; Vargas, Patrícia; Tinós, Renato","Using explicit averaging fitness for studying the behaviour of rats in a maze","","","","10.1162/978-0-262-31709-2-ch140","https://dx.doi.org/10.1162/978-0-262-31709-2-ch140","","2013-09-01","2024-04-15 06:03:10","2024-04-15 06:03:10","2024-04-15 06:03:10","940-946","","","","","","","","","","","MIT Press","","en","","","","","direct.mit.edu","","","","C:\Users\User\Documents\99_Papers\CostaA et al\Costa et al_2013_Using explicit averaging fitness for studying the behaviour of rats in a maze.pdf","","","","","","","","","","","","","","","","","","","","","","","","","","","","","","","","","","ECAL 2013: The Twelfth European Conference on Artificial Life","","","","","","","","","","","","","","",""
"CR6CKVD5","conferencePaper","2013","Hamann, Heiko","Speciation Dynamics: Generating Selective Pressure Towards Diversity","","","","10.1162/978-0-262-31709-2-ch141","https://dx.doi.org/10.1162/978-0-262-31709-2-ch141","","2013-09-01","2024-04-15 06:03:11","2024-04-15 06:03:11","2024-04-15 06:03:11","947-954","","","","","","Speciation Dynamics","","","","","MIT Press","","en","","","","","direct.mit.edu","","","","C:\Users\User\Documents\99_Papers\HamannH\Hamann_2013_Speciation Dynamics.pdf","","","","","","","","","","","","","","","","","","","","","","","","","","","","","","","","","","ECAL 2013: The Twelfth European Conference on Artificial Life","","","","","","","","","","","","","","",""
"WLTXRYG2","conferencePaper","2013","Miyashita, Shuhei; Rus, Daniela","Multi-Crease Self-Folding by Uniform Heating","","","","10.1162/978-0-262-31709-2-ch142","https://dx.doi.org/10.1162/978-0-262-31709-2-ch142","","2013-09-01","2024-04-15 06:05:23","2024-04-15 06:05:23","2024-04-15 06:05:23","955-956","","","","","","","","","","","MIT Press","","en","","","","","direct.mit.edu","","","","C:\Users\User\Documents\99_Papers\MiyashitaS_RusD\Miyashita_Rus_2013_Multi-Crease Self-Folding by Uniform Heating.pdf","","","","","","","","","","","","","","","","","","","","","","","","","","","","","","","","","","ECAL 2013: The Twelfth European Conference on Artificial Life","","","","","","","","","","","","","","",""
"ZGF2K8WE","conferencePaper","2013","Gerrard, Claire; McCall, John; Macleod, Christopher; Coghill, George","Artificial Reaction Network Agents","","","","10.1162/978-0-262-31709-2-ch143","https://dx.doi.org/10.1162/978-0-262-31709-2-ch143","","2013-09-01","2024-04-15 06:05:24","2024-04-15 06:05:24","2024-04-15 06:05:24","957-964","","","","","","","","","","","MIT Press","","en","","","","","direct.mit.edu","","","","","","","","","","","","","","","","","","","","","","","","","","","","","","","","","","","","","","ECAL 2013: The Twelfth European Conference on Artificial Life","","","","","","","","","","","","","","",""
"J36YHRFE","conferencePaper","2013","Khazanov, Mark; Humphreys, Ben; Keat, Willam; Rieffel, John","Exploiting Dynamical Complexity in a Physical Tensegrity Robot to Achieve Locomotion","","","","10.1162/978-0-262-31709-2-ch144","https://dx.doi.org/10.1162/978-0-262-31709-2-ch144","","2013-09-01","2024-04-15 06:05:25","2024-04-15 06:05:25","2024-04-15 06:05:25","965-972","","","","","","","","","","","MIT Press","","en","","","","","direct.mit.edu","","","","C:\Users\User\Documents\99_Papers\KhazanovM et al\Khazanov et al_2013_Exploiting Dynamical Complexity in a Physical Tensegrity Robot to Achieve.pdf","","","","","","","","","","","","","","","","","","","","","","","","","","","","","","","","","","ECAL 2013: The Twelfth European Conference on Artificial Life","","","","","","","","","","","","","","",""
"ZXWMQ2T9","conferencePaper","2013","Stanton, Adam; Channon, Alastair","Heterogeneous complexification strategies robustly outperform homogeneous strategies for incremental evolution","","","","10.1162/978-0-262-31709-2-ch145","https://dx.doi.org/10.1162/978-0-262-31709-2-ch145","","2013-09-01","2024-04-15 06:05:26","2024-04-15 06:05:26","2024-04-15 06:05:26","973-980","","","","","","","","","","","MIT Press","","en","","","","","direct.mit.edu","","","","","","","","","","","","","","","","","","","","","","","","","","","","","","","","","","","","","","ECAL 2013: The Twelfth European Conference on Artificial Life","","","","","","","","","","","","","","",""
"I7Q4W27P","conferencePaper","2013","Vorobyev, Gregory; Vardy, Andrew; Banzhaf, Wolfgang","Conformity and Nonconformity in Collective Robotics: A Case Study","","","","10.1162/978-0-262-31709-2-ch146","https://dx.doi.org/10.1162/978-0-262-31709-2-ch146","","2013-09-01","2024-04-15 06:05:27","2024-04-15 06:05:27","2024-04-15 06:05:27","981-988","","","","","","Conformity and Nonconformity in Collective Robotics","","","","","MIT Press","","en","","","","","direct.mit.edu","","","","C:\Users\User\Documents\99_Papers\VorobyevG et al\Vorobyev et al_2013_Conformity and Nonconformity in Collective Robotics.pdf","","","","","","","","","","","","","","","","","","","","","","","","","","","","","","","","","","ECAL 2013: The Twelfth European Conference on Artificial Life","","","","","","","","","","","","","","",""
"GSM7UNRX","conferencePaper","2013","Xiong, Xiaofeng; Woergoetter, Florentin; Manoonpong, Poramate","A Neuromechanical Controller of a Hexapod Robot for Walking on Sponge, Gravel and Snow Surfaces","","","","10.1162/978-0-262-31709-2-ch147","https://dx.doi.org/10.1162/978-0-262-31709-2-ch147","","2013-09-01","2024-04-15 06:05:28","2024-04-15 06:05:28","2024-04-15 06:05:28","989-996","","","","","","","","","","","MIT Press","","en","","","","","direct.mit.edu","","","","","","","","","","","","","","","","","","","","","","","","","","","","","","","","","","","","","","ECAL 2013: The Twelfth European Conference on Artificial Life","","","","","","","","","","","","","","",""
"SHT4P5BH","conferencePaper","2013","Hervouet, Fabien; Bourreau, Eric","FIMO: Framework for Intrinsic Motivation","","","","10.1162/978-0-262-31709-2-ch148","https://dx.doi.org/10.1162/978-0-262-31709-2-ch148","","2013-09-01","2024-04-15 06:05:29","2024-04-15 06:05:29","2024-04-15 06:05:29","997-1004","","","","","","FIMO","","","","","MIT Press","","en","","","","","direct.mit.edu","","","","C:\Users\User\Documents\99_Papers\HervouetF_BourreauE\Hervouet_Bourreau_2013_FIMO.pdf","","","","","","","","","","","","","","","","","","","","","","","","","","","","","","","","","","ECAL 2013: The Twelfth European Conference on Artificial Life","","","","","","","","","","","","","","",""
"TZS2I8UU","conferencePaper","2013","Infantino, Ignazio; Pilato, Giovanni; Rizzo, Riccardo; Vella, Filippo","A practical approach to Humanoid Introspection","","","","10.1162/978-0-262-31709-2-ch149","https://dx.doi.org/10.1162/978-0-262-31709-2-ch149","","2013-09-01","2024-04-15 06:05:30","2024-04-15 06:05:30","2024-04-15 06:05:30","1005-1006","","","","","","","","","","","MIT Press","","en","","","","","direct.mit.edu","","","","","","","","","","","","","","","","","","","","","","","","","","","","","","","","","","","","","","ECAL 2013: The Twelfth European Conference on Artificial Life","","","","","","","","","","","","","","",""
"IJBDTWXF","conferencePaper","2013","Philippides, Andrew; Baddeley, Bart; Husbands, Philip; Graham, Paul","A Situated and Embodied Model of Ant Route Navigation","","","","10.1162/978-0-262-31709-2-ch150","https://dx.doi.org/10.1162/978-0-262-31709-2-ch150","","2013-09-01","2024-04-15 06:05:31","2024-04-15 06:05:31","2024-04-15 06:05:31","1007-1008","","","","","","","","","","","MIT Press","","en","","","","","direct.mit.edu","","","","C:\Users\User\Documents\99_Papers\PhilippidesA et al\Philippides et al_2013_A Situated and Embodied Model of Ant Route Navigation.pdf","","","","","","","","","","","","","","","","","","","","","","","","","","","","","","","","","","ECAL 2013: The Twelfth European Conference on Artificial Life","","","","","","","","","","","","","","",""
"ZFDUC5S7","conferencePaper","2013","Fricke, G. Matthew; Asperti-Boursin, François; Hecker, Joshua; Cannon, Judy; Moses, Melanie","From Microbiology to Microcontrollers: Robot Search Patterns Inspired by T Cell Movement","","","","10.1162/978-0-262-31709-2-ch151","https://dx.doi.org/10.1162/978-0-262-31709-2-ch151","","2013-09-01","2024-04-15 06:05:32","2024-04-15 06:05:32","2024-04-15 06:05:32","1009-1016","","","","","","From Microbiology to Microcontrollers","","","","","MIT Press","","en","","","","","direct.mit.edu","","","","C:\Users\User\Documents\99_Papers\FrickeG et al\Fricke et al_2013_From Microbiology to Microcontrollers.pdf","","","","","","","","","","","","","","","","","","","","","","","","","","","","","","","","","","ECAL 2013: The Twelfth European Conference on Artificial Life","","","","","","","","","","","","","","",""
"URLXDKUU","conferencePaper","2013","Clarke, Sebastian; Labrosse, Frederic; Trianni, Vito; Tuci, Elio","An evolutionary approach to road following: a simulated case study","","","","10.1162/978-0-262-31709-2-ch152","https://dx.doi.org/10.1162/978-0-262-31709-2-ch152","","2013-09-01","2024-04-15 06:05:32","2024-04-15 06:05:32","2024-04-15 06:05:32","1017-1024","","","","","","An evolutionary approach to road following","","","","","MIT Press","","en","","","","","direct.mit.edu","","","","","","","","","","","","","","","","","","","","","","","","","","","","","","","","","","","","","","ECAL 2013: The Twelfth European Conference on Artificial Life","","","","","","","","","","","","","","",""
"22IBSCKC","conferencePaper","2013","Hecker, Joshua; Stolleis, Karl; Swenson, Bjorn; Letendre, Kenneth; Moses, Melanie","Evolving Error Tolerance in Biologically-Inspired iAnt Robots","","","","10.1162/978-0-262-31709-2-ch153","https://dx.doi.org/10.1162/978-0-262-31709-2-ch153","","2013-09-01","2024-04-15 06:05:33","2024-04-15 06:05:33","2024-04-15 06:05:33","1025-1032","","","","","","","","","","","MIT Press","","en","","","","","direct.mit.edu","","","","C:\Users\User\Documents\99_Papers\HeckerJ et al\Hecker et al_2013_Evolving Error Tolerance in Biologically-Inspired iAnt Robots.pdf","","","","","","","","","","","","","","","","","","","","","","","","","","","","","","","","","","ECAL 2013: The Twelfth European Conference on Artificial Life","","","","","","","","","","","","","","",""
"LZWNMDS3","conferencePaper","2013","Schwarzer, Christopher; Michiels, Nico","Conditions for Outperformance of Recombination in Online Evolution of Swarm Robots","","","","10.1162/978-0-262-31709-2-ch154","https://dx.doi.org/10.1162/978-0-262-31709-2-ch154","","2013-09-01","2024-04-15 06:05:34","2024-04-15 06:05:34","2024-04-15 06:05:34","1033-1040","","","","","","","","","","","MIT Press","","en","","","","","direct.mit.edu","","","","","","","","","","","","","","","","","","","","","","","","","","","","","","","","","","","","","","ECAL 2013: The Twelfth European Conference on Artificial Life","","","","","","","","","","","","","","",""
"LLJT48AZ","conferencePaper","2013","Kengyel, Daniela; Thenius, Ronald; Crailsheim, Karl; Schmickl, Thomas","Influence of a Social Gradient on a Swarm of Agents Controlled by the BEECLUST Algorithm","","","","10.1162/978-0-262-31709-2-ch155","https://dx.doi.org/10.1162/978-0-262-31709-2-ch155","","2013-09-01","2024-04-15 06:05:35","2024-04-15 06:05:35","2024-04-15 06:05:35","1041-1048","","","","","","","","","","","MIT Press","","en","","","","","direct.mit.edu","","","","C:\Users\User\Documents\99_Papers\KengyelD et al\Kengyel et al_2013_Influence of a Social Gradient on a Swarm of Agents Controlled by the BEECLUST.pdf","","","","","","","","","","","","","","","","","","","","","","","","","","","","","","","","","","ECAL 2013: The Twelfth European Conference on Artificial Life","","","","","","","","","","","","","","",""
"FMDK6RD6","conferencePaper","2013","Ullrich, Martin; Haufová, Petra; Singh, Mandeep; Štěpánek, František","Radiofrequency triggered enzymatic reaction inside hydrogel microparticles","","","","10.1162/978-0-262-31709-2-ch158","https://dx.doi.org/10.1162/978-0-262-31709-2-ch158","","2013-09-01","2024-04-15 06:05:36","2024-04-15 06:05:36","2024-04-15 06:05:36","1064-1065","","","","","","","","","","","MIT Press","","en","","","","","direct.mit.edu","","","","C:\Users\User\Documents\99_Papers\UllrichM et al\Ullrich et al_2013_Radiofrequency triggered enzymatic reaction inside hydrogel microparticles.pdf","","","","","","","","","","","","","","","","","","","","","","","","","","","","","","","","","","ECAL 2013: The Twelfth European Conference on Artificial Life","","","","","","","","","","","","","","",""
"HWS9ABRD","conferencePaper","2013","Cronin, Leroy","Linking Evolution in Silico, Hardware, and Chemistry to discover or engineer Inorganic Biology","","","","10.1162/978-0-262-31709-2-ch159","https://dx.doi.org/10.1162/978-0-262-31709-2-ch159","","2013-09-01","2024-04-15 06:05:37","2024-04-15 06:05:37","2024-04-15 06:05:37","1066-1066","","","","","","","","","","","MIT Press","","en","","","","","direct.mit.edu","","","","C:\Users\User\Documents\99_Papers\CroninL\Cronin_2013_Linking Evolution in Silico, Hardware, and Chemistry to discover or engineer.pdf","","","","","","","","","","","","","","","","","","","","","","","","","","","","","","","","","","ECAL 2013: The Twelfth European Conference on Artificial Life","","","","","","","","","","","","","","",""
"NBHZDJYT","conferencePaper","2013","Chapman, Samuel; Knoester, David; Hintze, Arend; Adami, Christoph","Evolution of an artificial visual cortex for image recognition","","","","10.1162/978-0-262-31709-2-ch160","https://dx.doi.org/10.1162/978-0-262-31709-2-ch160","","2013-09-01","2024-04-15 06:05:38","2024-04-15 06:05:38","2024-04-15 06:05:38","1067-1074","","","","","","","","","","","MIT Press","","en","","","","","direct.mit.edu","","","","C:\Users\User\Documents\99_Papers\ChapmanS et al\Chapman et al_2013_Evolution of an artificial visual cortex for image recognition.pdf","","","","","","","","","","","","","","","","","","","","","","","","","","","","","","","","","","ECAL 2013: The Twelfth European Conference on Artificial Life","","","","","","","","","","","","","","",""
"6NNFKMBY","conferencePaper","2013","Matsuda, Eiko; Mita, Takeshi; Hubert, Julien; Oka, Mizuki; Bakkum, Douglas; Frey, Urs; Takahashi, Hirokazu; Ikegami, Takashi","Multiple Time Scales Observed in Spontaneously Evolved Neurons on High-density CMOS Electrode Array","","","","10.1162/978-0-262-31709-2-ch161","https://dx.doi.org/10.1162/978-0-262-31709-2-ch161","","2013-09-01","2024-04-15 06:05:39","2024-04-15 06:05:39","2024-04-15 06:05:39","1075-1082","","","","","","","","","","","MIT Press","","en","","","","","direct.mit.edu","","","","","","","","","","","","","","","","","","","","","","","","","","","","","","","","","","","","","","ECAL 2013: The Twelfth European Conference on Artificial Life","","","","","","","","","","","","","","",""
"BS4AWE5J","conferencePaper","2013","Rasmussen, Steen; Fellermann, Harold; Tanaka, Shinpei","Sequence selection and evolution in a binary polymer model","","","","10.1162/978-0-262-31709-2-ch162","https://dx.doi.org/10.1162/978-0-262-31709-2-ch162","","2013-09-01","2024-04-15 06:05:40","2024-04-15 06:05:40","2024-04-15 06:05:40","1083-1084","","","","","","","","","","","MIT Press","","en","","","","","direct.mit.edu","","","","C:\Users\User\Documents\99_Papers\RasmussenS et al\Rasmussen et al_2013_Sequence selection and evolution in a binary polymer model.pdf","","","","","","","","","","","","","","","","","","","","","","","","","","","","","","","","","","ECAL 2013: The Twelfth European Conference on Artificial Life","","","","","","","","","","","","","","",""
"8EU29AQ9","conferencePaper","2013","Ruz, Gonzalo; Montalva, Marco; Goles, Eric","On the preservation of limit cycles in Boolean networks under different updating schemes","","","","10.1162/978-0-262-31709-2-ch163","https://dx.doi.org/10.1162/978-0-262-31709-2-ch163","","2013-09-01","2024-04-15 06:05:41","2024-04-15 06:05:41","2024-04-15 06:05:41","1085-1090","","","","","","","","","","","MIT Press","","en","","","","","direct.mit.edu","","","","C:\Users\User\Documents\99_Papers\RuzG et al\Ruz et al_2013_On the preservation of limit cycles in Boolean networks under different.pdf","","","","","","","","","","","","","","","","","","","","","","","","","","","","","","","","","","ECAL 2013: The Twelfth European Conference on Artificial Life","","","","","","","","","","","","","","",""
"BXKT6KX8","conferencePaper","2013","Hessel, Jack; Goings, Sherri","Using Reproductive Altruism to Evolve Multicellularity in Digital Organisms","","","","10.1162/978-0-262-31709-2-ch164","https://dx.doi.org/10.1162/978-0-262-31709-2-ch164","","2013-09-01","2024-04-15 06:05:42","2024-04-15 06:05:42","2024-04-15 06:05:42","1091-1098","","","","","","","","","","","MIT Press","","en","","","","","direct.mit.edu","","","","","","","","","","","","","","","","","","","","","","","","","","","","","","","","","","","","","","ECAL 2013: The Twelfth European Conference on Artificial Life","","","","","","","","","","","","","","",""
"SPLKCDPE","conferencePaper","2013","Biehl, Martin; Polani, Daniel","Some ways to see two in one","","","","10.1162/978-0-262-31709-2-ch165","https://dx.doi.org/10.1162/978-0-262-31709-2-ch165","","2013-09-01","2024-04-15 06:05:44","2024-04-15 06:05:44","2024-04-15 06:05:44","1099-1106","","","","","","","","","","","MIT Press","","en","","","","","direct.mit.edu","","","","C:\Users\User\Documents\99_Papers\BiehlM_PolaniD\Biehl_Polani_2013_Some ways to see two in one.pdf","","","","","","","","","","","","","","","","","","","","","","","","","","","","","","","","","","ECAL 2013: The Twelfth European Conference on Artificial Life","","","","","","","","","","","","","","",""
"CN3BIYZ4","conferencePaper","2013","Calcraft, Paul; Husbands, Phil; Philippides, Andrew","An Environmental Model of Self-Compatibility Transitions in the Solanaceae Plant Family","","","","10.1162/978-0-262-31709-2-ch166","https://dx.doi.org/10.1162/978-0-262-31709-2-ch166","","2013-09-01","2024-04-15 06:05:44","2024-04-15 06:05:44","2024-04-15 06:05:44","1107-1113","","","","","","","","","","","MIT Press","","en","","","","","direct.mit.edu","","","","C:\Users\User\Documents\99_Papers\CalcraftP et al\Calcraft et al_2013_An Environmental Model of Self-Compatibility Transitions in the Solanaceae.pdf","","","","","","","","","","","","","","","","","","","","","","","","","","","","","","","","","","ECAL 2013: The Twelfth European Conference on Artificial Life","","","","","","","","","","","","","","",""
"3A6RZILX","conferencePaper","2013","Demsar, Jure; Bajec, Iztok","Family Bird: A Heterogeneous Simulated Flock","","","","10.1162/978-0-262-31709-2-ch167","https://dx.doi.org/10.1162/978-0-262-31709-2-ch167","","2013-09-01","2024-04-15 06:05:46","2024-04-15 06:05:46","2024-04-15 06:05:46","1114-1115","","","","","","Family Bird","","","","","MIT Press","","en","","","","","direct.mit.edu","","","","C:\Users\User\Documents\99_Papers\DemsarJ_BajecI\Demsar_Bajec_2013_Family Bird.pdf","","","","","","","","","","","","","","","","","","","","","","","","","","","","","","","","","","ECAL 2013: The Twelfth European Conference on Artificial Life","","","","","","","","","","","","","","",""
"Q52FUUWG","conferencePaper","2013","Mariano, Pedro; Correia, Luís","Population Dynamics of Centipede Game using an Energy Based Evolutionary Algorithm","","","","10.1162/978-0-262-31709-2-ch168","https://dx.doi.org/10.1162/978-0-262-31709-2-ch168","","2013-09-01","2024-04-15 06:05:46","2024-04-15 06:05:46","2024-04-15 06:05:46","1116-1123","","","","","","","","","","","MIT Press","","en","","","","","direct.mit.edu","","","","C:\Users\User\Documents\99_Papers\MarianoP_CorreiaL\Mariano_Correia_2013_Population Dynamics of Centipede Game using an Energy Based Evolutionary.pdf","","","","","","","","","","","","","","","","","","","","","","","","","","","","","","","","","","ECAL 2013: The Twelfth European Conference on Artificial Life","","","","","","","","","","","","","","",""
"JMFM9H52","conferencePaper","2013","Meister, Tobias; Thenius, Ronald; Kengyel, Daniela; Schmickl, Thomas","Cooperation of two different swarms controlled by BEECLUST algorithm","","","","10.1162/978-0-262-31709-2-ch169","https://dx.doi.org/10.1162/978-0-262-31709-2-ch169","","2013-09-01","2024-04-15 06:05:47","2024-04-15 06:05:47","2024-04-15 06:05:47","1124-1125","","","","","","","","","","","MIT Press","","en","","","","","direct.mit.edu","","","","","","","","","","","","","","","","","","","","","","","","","","","","","","","","","","","","","","ECAL 2013: The Twelfth European Conference on Artificial Life","","","","","","","","","","","","","","",""
"Q3DB9SUJ","conferencePaper","2013","Impett, Jonathan; Impett, Leonardo","The perception of potential: interference, dimensionality and knowledge","","","","10.1162/978-0-262-31709-2-ch170","https://dx.doi.org/10.1162/978-0-262-31709-2-ch170","","2013-09-01","2024-04-15 06:05:49","2024-04-15 06:05:49","2024-04-15 06:05:49","1126-1131","","","","","","The perception of potential","","","","","MIT Press","","en","","","","","direct.mit.edu","","","","","","","","","","","","","","","","","","","","","","","","","","","","","","","","","","","","","","ECAL 2013: The Twelfth European Conference on Artificial Life","","","","","","","","","","","","","","",""
"P42FUFH4","conferencePaper","2013","Cronin, Leroy","Programming the Assembly of Inorganic Nanomaterials Using Networked Chemical Reactions","","","","10.1162/978-0-262-31709-2-ch171","https://dx.doi.org/10.1162/978-0-262-31709-2-ch171","","2013-09-01","2024-04-15 06:05:50","2024-04-16 02:02:51","2024-04-15 06:05:50","1132-1133","","","","","","","","","","","MIT Press","","en","","","","","direct.mit.edu","","","","","","","","","","","","","","","","","","","","","","","","","","","","","","","","","","","","","","ECAL 2013: The Twelfth European Conference on Artificial Life","","","","","","","","","","","","","","",""
"GBVFNZGI","conferencePaper","2013","Stefanovic, Darko; Stojanovic, Milan; Olah, Mark; Semenov, Oleg","Catalytic Molecular Walkers: Aspects of Product Release","","","","10.1162/978-0-262-31709-2-ch172","https://dx.doi.org/10.1162/978-0-262-31709-2-ch172","","2013-09-01","2024-04-15 06:05:51","2024-04-16 02:02:54","2024-04-15 06:05:51","1134-1141","","","","","","Catalytic Molecular Walkers","","","","","MIT Press","","en","","","","","direct.mit.edu","","","","C:\Users\User\Documents\99_Papers\StefanovicD et al\Stefanovic et al_2013_Catalytic Molecular Walkers.pdf","","","","","","","","","","","","","","","","","","","","","","","","","","","","","","","","","","ECAL 2013: The Twelfth European Conference on Artificial Life","","","","","","","","","","","","","","",""
"6FIPGUKQ","conferencePaper","2013","Cronin, Leroy","Synthetic biology manipulations in 3D printed wet-ware","","","","10.1162/978-0-262-31709-2-ch173","https://dx.doi.org/10.1162/978-0-262-31709-2-ch173","","2013-09-01","2024-04-15 06:05:53","2024-04-16 02:03:03","2024-04-15 06:05:53","1142-1142","","","","","","","","","","","MIT Press","","en","","","","","direct.mit.edu","","","","C:\Users\User\Documents\99_Papers\CroninL\Cronin_2013_Synthetic biology manipulations in 3D printed wet-ware.pdf","","","","","","","","","","","","","","","","","","","","","","","","","","","","","","","","","","ECAL 2013: The Twelfth European Conference on Artificial Life","","","","","","","","","","","","","","",""
"75EA44NH","conferencePaper","2013","Aubert, Nathanael; Dinh, Quang; Hagiya, Masami; Fujii, Teruo; Iba, Hitoshi; Bredeche, Nicolas; Rondelez, Yannick","Evolving cheating DNA networks: a Case Study with the Rock–Paper–Scissors Game","","","","10.1162/978-0-262-31709-2-ch174","https://dx.doi.org/10.1162/978-0-262-31709-2-ch174","","2013-09-01","2024-04-15 06:07:55","2024-04-15 06:07:55","2024-04-15 06:07:55","1143-1150","","","","","","Evolving cheating DNA networks","","","","","MIT Press","","en","","","","","direct.mit.edu","","","","C:\Users\User\Documents\99_Papers\AubertN et al\Aubert et al_2013_Evolving cheating DNA networks.pdf","","","","","","","","","","","","","","","","","","","","","","","","","","","","","","","","","","ECAL 2013: The Twelfth European Conference on Artificial Life","","","","","","","","","","","","","","",""
"5BARZR9M","conferencePaper","2013","Flamm, Christoph; Hemmingsen, Chris; Merkle, Daniel","Barrier Trees for Metabolic Adjustment Landscapes","","","","10.1162/978-0-262-31709-2-ch175","https://dx.doi.org/10.1162/978-0-262-31709-2-ch175","","2013-09-01","2024-04-15 06:07:56","2024-04-15 06:07:56","2024-04-15 06:07:56","1151-1158","","","","","","","","","","","MIT Press","","en","","","","","direct.mit.edu","","","","C:\Users\User\Documents\99_Papers\FlammC et al\Flamm et al_2013_Barrier Trees for Metabolic Adjustment Landscapes.pdf","","","","","","","","","","","","","","","","","","","","","","","","","","","","","","","","","","ECAL 2013: The Twelfth European Conference on Artificial Life","","","","","","","","","","","","","","",""
"L8BJVZGX","conferencePaper","2013","Shimizu, Yoshihiro; Tanaka, Yo","Reconstitution of the protein synthesis system on a glass microchip","","","","10.1162/978-0-262-31709-2-ch176","https://dx.doi.org/10.1162/978-0-262-31709-2-ch176","","2013-09-01","2024-04-15 06:07:58","2024-04-15 06:07:58","2024-04-15 06:07:58","1159-1159","","","","","","","","","","","MIT Press","","en","","","","","direct.mit.edu","","","","C:\Users\User\Documents\99_Papers\ShimizuY_TanakaY\Shimizu_Tanaka_2013_Reconstitution of the protein synthesis system on a glass microchip.pdf","","","","","","","","","","","","","","","","","","","","","","","","","","","","","","","","","","ECAL 2013: The Twelfth European Conference on Artificial Life","","","","","","","","","","","","","","",""
"JV4DU4CK","conferencePaper","2013","Stano, Pasquale; D’Aguanno, Erica; Carrara, Paolo; Fahr, Alfred; Luisi, Pier","Recent advancements in synthetic cells research","","","","10.1162/978-0-262-31709-2-ch177","https://dx.doi.org/10.1162/978-0-262-31709-2-ch177","","2013-09-01","2024-04-15 06:07:59","2024-04-15 06:07:59","2024-04-15 06:07:59","1160-1161","","","","","","","","","","","MIT Press","","en","","","","","direct.mit.edu","","","","","","","","","","","","","","","","","","","","","","","","","","","","","","","","","","","","","","ECAL 2013: The Twelfth European Conference on Artificial Life","","","","","","","","","","","","","","",""
"ESU5VEDV","conferencePaper","2013","Shirt-Ediss, Ben; Solé, Ricard; Ruiz-Mirazo, Kepa","Steady state analysis of a vesicle bioreactor with mechanosensitive channels","","","","10.1162/978-0-262-31709-2-ch178","https://dx.doi.org/10.1162/978-0-262-31709-2-ch178","","2013-09-01","2024-04-15 06:08:00","2024-04-15 06:08:00","2024-04-15 06:08:00","1162-1169","","","","","","","","","","","MIT Press","","en","","","","","direct.mit.edu","","","","C:\Users\User\Documents\99_Papers\Shirt-EdissB et al\Shirt-Ediss et al_2013_Steady state analysis of a vesicle bioreactor with mechanosensitive channels.pdf","","","","","","","","","","","","","","","","","","","","","","","","","","","","","","","","","","ECAL 2013: The Twelfth European Conference on Artificial Life","","","","","","","","","","","","","","",""
"YYEX43BJ","conferencePaper","2013","Harvey, Inman","How Fast Can We Evolve Something?","","","","10.1162/978-0-262-31709-2-ch179","https://dx.doi.org/10.1162/978-0-262-31709-2-ch179","","2013-09-01","2024-04-15 06:08:02","2024-04-15 06:08:02","2024-04-15 06:08:02","1170-1171","","","","","","","","","","","MIT Press","","en","","","","","direct.mit.edu","","","","C:\Users\User\Documents\99_Papers\HarveyI\Harvey_2013_How Fast Can We Evolve Something.pdf","","","","","","","","","","","","","","","","","","","","","","","","","","","","","","","","","","ECAL 2013: The Twelfth European Conference on Artificial Life","","","","","","","","","","","","","","",""
"89HBPTXV","conferencePaper","2013","Gürcan, Önder","An Emergent Model for Mimicking Human Neuronal Pathways in Silico","","","","10.1162/978-0-262-31709-2-ch180","https://dx.doi.org/10.1162/978-0-262-31709-2-ch180","","2013-09-01","2024-04-15 06:08:02","2024-04-15 06:08:02","2024-04-15 06:08:02","1172-1173","","","","","","","","","","","MIT Press","","en","","","","","direct.mit.edu","","","","C:\Users\User\Documents\99_Papers\GürcanÖ\Gürcan_2013_An Emergent Model for Mimicking Human Neuronal Pathways in Silico.pdf","","","","","","","","","","","","","","","","","","","","","","","","","","","","","","","","","","ECAL 2013: The Twelfth European Conference on Artificial Life","","","","","","","","","","","","","","",""
"KFIXGWXL","conferencePaper","2013","Tran, Huy; Ribeiro, Andre","Effects of inducer intake kinetics on the dynamics of gene expression","","","","10.1162/978-0-262-31709-2-ch181","https://dx.doi.org/10.1162/978-0-262-31709-2-ch181","","2013-09-01","2024-04-15 06:08:04","2024-04-15 06:08:04","2024-04-15 06:08:04","1174-1181","","","","","","","","","","","MIT Press","","en","","","","","direct.mit.edu","","","","","","","","","","","","","","","","","","","","","","","","","","","","","","","","","","","","","","ECAL 2013: The Twelfth European Conference on Artificial Life","","","","","","","","","","","","","","",""
"ISYWE9VX","conferencePaper","2013","Li, Cai; Lowe, Robert; Ziemke, Tom","Crawling Posture Learning in Humanoid Robots using a Natural-Actor-Critic CPG Architecture","","","","10.1162/978-0-262-31709-2-ch182","https://dx.doi.org/10.1162/978-0-262-31709-2-ch182","","2013-09-01","2024-04-15 06:08:05","2024-04-15 06:08:05","2024-04-15 06:08:05","1182-1190","","","","","","","","","","","MIT Press","","en","","","","","direct.mit.edu","","","","C:\Users\User\Documents\99_Papers\LiC et al\Li et al_2013_Crawling Posture Learning in Humanoid Robots using a Natural-Actor-Critic CPG.pdf","","","","","","","","","","","","","","","","","","","","","","","","","","","","","","","","","","ECAL 2013: The Twelfth European Conference on Artificial Life","","","","","","","","","","","","","","",""
"H3F9JV93","conferencePaper","2013","Infantino, Ignazio; Rizzo, Riccardo","An Artificial Behavioral Immune System for cognitive robotics","","","","10.1162/978-0-262-31709-2-ch183","https://dx.doi.org/10.1162/978-0-262-31709-2-ch183","","2013-09-01","2024-04-15 06:08:08","2024-04-15 06:08:08","2024-04-15 06:08:08","1191-1198","","","","","","","","","","","MIT Press","","en","","","","","direct.mit.edu","","","","C:\Users\User\Documents\99_Papers\InfantinoI_RizzoR\Infantino_Rizzo_2013_An Artificial Behavioral Immune System for cognitive robotics.pdf","","","","","","","","","","","","","","","","","","","","","","","","","","","","","","","","","","ECAL 2013: The Twelfth European Conference on Artificial Life","","","","","","","","","","","","","","",""
"JJM9PJUS","conferencePaper","2013","Abi Haidar, Alaa; Six, Adrien; Ganascia, Jean-Gabriel; Thomas-Vaslin, Veronique","The Artificial Immune Systems Domain: Identifying Progress and Main Contributors Using Publication and Co-Authorship Analyses","","","","10.1162/978-0-262-31709-2-ch185","https://dx.doi.org/10.1162/978-0-262-31709-2-ch185","","2013-09-01","2024-04-15 06:08:08","2024-04-15 06:08:08","2024-04-15 06:08:08","1206-1217","","","","","","The Artificial Immune Systems Domain","","","","","MIT Press","","en","","","","","direct.mit.edu","","","","C:\Users\User\Documents\99_Papers\Abi HaidarA et al\Abi Haidar et al_2013_The Artificial Immune Systems Domain.pdf","","","","","","","","","","","","","","","","","","","","","","","","","","","","","","","","","","ECAL 2013: The Twelfth European Conference on Artificial Life","","","","","","","","","","","","","","",""
"Q25BA2BG","conferencePaper","2013","Spranger, Michael","Evolutionary Explanations for Spatial Language - A Case Study on Landmarks","","","","10.1162/978-0-262-31709-2-ch184","https://dx.doi.org/10.1162/978-0-262-31709-2-ch184","","2013-09-01","2024-04-15 06:08:09","2024-04-15 06:08:09","2024-04-15 06:08:09","1199-1205","","","","","","","","","","","MIT Press","","en","","","","","direct.mit.edu","","","","","","","","","","","","","","","","","","","","","","","","","","","","","","","","","","","","","","ECAL 2013: The Twelfth European Conference on Artificial Life","","","","","","","","","","","","","","",""
"NUV6YG7I","conferencePaper","2013","Nitschke, Geoff; Witkowski, Olaf","The Transmission of Migratory Behaviors","","","","10.1162/978-0-262-31709-2-ch186","https://dx.doi.org/10.1162/978-0-262-31709-2-ch186","","2013-09-01","2024-04-15 06:08:10","2024-04-15 06:08:10","2024-04-15 06:08:10","1218-1219","","","","","","","","","","","MIT Press","","en","","","","","direct.mit.edu","","","","C:\Users\User\Documents\99_Papers\NitschkeG_WitkowskiO\Nitschke_Witkowski_2013_The Transmission of Migratory Behaviors.pdf","","","","","","","","","","","","","","","","","","","","","","","","","","","","","","","","","","ECAL 2013: The Twelfth European Conference on Artificial Life","","","","","","","","","","","","","","",""
"VM4BGRYI","conferencePaper","2013","Ichinose, Genki; Saito, Masaya; Sayama, Hiroki; Wilson, David","Adaptive long-range migration promotes cooperation under tempting conditions","","","","10.1162/978-0-262-31709-2-ch187","https://dx.doi.org/10.1162/978-0-262-31709-2-ch187","","2013-09-01","2024-04-15 06:08:11","2024-04-15 06:08:11","2024-04-15 06:08:11","1220-1221","","","","","","","","","","","MIT Press","","en","","","","","direct.mit.edu","","","","C:\Users\User\Documents\99_Papers\IchinoseG et al\Ichinose et al_2013_Adaptive long-range migration promotes cooperation under tempting conditions.pdf","","","","","","","","","","","","","","","","","","","","","","","","","","","","","","","","","","ECAL 2013: The Twelfth European Conference on Artificial Life","","","","","","","","","","","","","","",""
"STCNMNVD","conferencePaper","2013","Zenil, Hector; Ball, Gordon; Tegnr, Jesper","Testing Biological Models for Non-linear Sensitivity with a Programmability Test","","","","10.1162/978-0-262-31709-2-ch188","https://dx.doi.org/10.1162/978-0-262-31709-2-ch188","","2013-09-01","2024-04-15 06:08:12","2024-04-15 06:08:12","2024-04-15 06:08:12","1222-1223","","","","","","","","","","","MIT Press","","en","","","","","direct.mit.edu","","","","C:\Users\User\Documents\99_Papers\ZenilH et al\Zenil et al_2013_Testing Biological Models for Non-linear Sensitivity with a Programmability Test.pdf","","","","","","","","","","","","","","","","","","","","","","","","","","","","","","","","","","ECAL 2013: The Twelfth European Conference on Artificial Life","","","","","","","","","","","","","","",""
"94CJCZN8","conferencePaper","2013","Gordon-Smith, Chris","SimSoup: Molecules Designed for Switchable Autocatalytic Memory","","","","10.1162/978-0-262-31709-2-ch189","https://dx.doi.org/10.1162/978-0-262-31709-2-ch189","","2013-09-01","2024-04-15 06:08:13","2024-04-15 06:08:13","2024-04-15 06:08:13","1224-1231","","","","","","SimSoup","","","","","MIT Press","","en","","","","","direct.mit.edu","","","","","","","","","","","","","","","","","","","","","","","","","","","","","","","","","","","","","","ECAL 2013: The Twelfth European Conference on Artificial Life","","","","","","","","","","","","","","",""
"5VFM4GJJ","conferencePaper","2013","Cazalis, Roland","The emergence of life and evolution: Towards a categorial approach","","","","10.1162/978-0-262-31709-2-ch190","https://dx.doi.org/10.1162/978-0-262-31709-2-ch190","","2013-09-01","2024-04-15 06:08:16","2024-04-15 06:08:16","2024-04-15 06:08:16","1232-1233","","","","","","The emergence of life and evolution","","","","","MIT Press","","en","","","","","direct.mit.edu","","","","C:\Users\User\Documents\99_Papers\CazalisR\Cazalis_2013_The emergence of life and evolution.pdf","","","","","","","","","","","","","","","","","","","","","","","","","","","","","","","","","","ECAL 2013: The Twelfth European Conference on Artificial Life","","","","","","","","","","","","","","",""
"M2C67U9R","conferencePaper","2013","Yao, Yao; Marchal, Kathleen; Van de Peer, Yves","Using novel bio-inspired principles to improve adaptability of evolutionary robots in dynamically changing environments","","","","10.1162/978-0-262-31709-2-ch191","https://dx.doi.org/10.1162/978-0-262-31709-2-ch191","","2013-09-01","2024-04-15 06:08:17","2024-04-15 06:08:17","2024-04-15 06:08:17","1234-1234","","","","","","","","","","","MIT Press","","en","","","","","direct.mit.edu","","","","C:\Users\User\Documents\99_Papers\YaoY et al\Yao et al_2013_Using novel bio-inspired principles to improve adaptability of evolutionary.pdf","","","","","","","","","","","","","","","","","","","","","","","","","","","","","","","","","","ECAL 2013: The Twelfth European Conference on Artificial Life","","","","","","","","","","","","","","",""
"FVLT8PBJ","conferencePaper","2013","","Preface","","","","10.1162/978-0-262-31709-2-ch00a","https://dx.doi.org/10.1162/978-0-262-31709-2-ch00a","","2013-09-01","2024-04-15 06:08:18","2024-04-15 06:08:18","2024-04-15 06:08:18","xiv-xxvi","","","","","","","","","","","MIT Press","","en","","","","","direct.mit.edu","","","","C:\Users\User\Documents\99_Papers\_\2013_Preface.pdf","","","","","","","","","","","","","","","","","","","","","","","","","","","","","","","","","","ECAL 2013: The Twelfth European Conference on Artificial Life","","","","","","","","","","","","","","",""
"6BLFAJC2","conferencePaper","2013","Scully, Peter; Song, Jingping; Disso, Jules; Neal, Mark","CARDINAL-E: AIS Extensions to CARDINAL for Decentralised Self-Organisation for Network Security","","","","10.1162/978-0-262-31709-2-ch192","https://dx.doi.org/10.1162/978-0-262-31709-2-ch192","","2013-09-01","2024-04-15 06:08:19","2024-04-15 06:08:19","2024-04-15 06:08:19","1235-1236","","","","","","CARDINAL-E","","","","","MIT Press","","en","","","","","direct.mit.edu","","","","C:\Users\User\Documents\99_Papers\ScullyP et al\Scully et al_2013_CARDINAL-E.pdf","","","","","","","","","","","","","","","","","","","","","","","","","","","","","","","","","","ECAL 2013: The Twelfth European Conference on Artificial Life","","","","","","","","","","","","","","",""
"5X6LJ9AQ","conferencePaper","2013","","Title","","","","10.1162/978-0-262-31709-2-ch193","https://dx.doi.org/10.1162/978-0-262-31709-2-ch193","","2013-09-01","2024-04-15 06:08:20","2024-04-15 06:08:20","2024-04-15 06:08:20","1237-1238","","","","","","","","","","","MIT Press","","en","","","","","direct.mit.edu","","","","","","","","","","","","","","","","","","","","","","","","","","","","","","","","","","","","","","ECAL 2013: The Twelfth European Conference on Artificial Life","","","","","","","","","","","","","","",""
"NXBT6K7K","conferencePaper","2013","Weaver, Iain; Dyke, James","Tipping points in Complex Coupled Life-Environment Systems","","","","10.1162/978-0-262-31709-2-ch056","https://dx.doi.org/10.1162/978-0-262-31709-2-ch056","","2013-09-01","2024-04-16 02:37:58","2024-04-16 02:37:58","2024-04-16 02:37:58","387-394","","","","","","","","","","","MIT Press","","en","","","","","direct.mit.edu","","","","C:\Users\User\Documents\99_Papers\WeaverI_DykeJ\Weaver_Dyke_2013_Tipping points in Complex Coupled Life-Environment Systems.pdf","","","","","","","","","","","","","","","","","","","","","","","","","","","","","","","","","","ECAL 2013: The Twelfth European Conference on Artificial Life","","","","","","","","","","","","","","",""