"Key","Item Type","Publication Year","Author","Title","Publication Title","ISBN","ISSN","DOI","Url","Abstract Note","Date","Date Added","Date Modified","Access Date","Pages","Num Pages","Issue","Volume","Number Of Volumes","Journal Abbreviation","Short Title","Series","Series Number","Series Text","Series Title","Publisher","Place","Language","Rights","Type","Archive","Archive Location","Library Catalog","Call Number","Extra","Notes","File Attachments","Link Attachments","Manual Tags","Automatic Tags","Editor","Series Editor","Translator","Contributor","Attorney Agent","Book Author","Cast Member","Commenter","Composer","Cosponsor","Counsel","Interviewer","Producer","Recipient","Reviewed Author","Scriptwriter","Words By","Guest","Number","Edition","Running Time","Scale","Medium","Artwork Size","Filing Date","Application Number","Assignee","Issuing Authority","Country","Meeting Name","Conference Name","Court","References","Reporter","Legal Status","Priority Numbers","Programming Language","Version","System","Code","Code Number","Section","Session","Committee","History","Legislative Body"
"CC78P9F9","conferencePaper","2014","Cronin, Leroy","Hybrid Chemo-Robotic Systems for Embodied Chemical Evolution","","","","10.1162/978-0-262-32621-6-ch001","https://dx.doi.org/10.1162/978-0-262-32621-6-ch001","","2014-07-01","2024-04-16 01:20:26","2024-04-16 01:20:26","2024-04-16 01:20:26","3-5","","","","","","","","","","","MIT Press","","en","","","","","direct.mit.edu","","","","C:\Users\User\Documents\99_Papers\CroninL\Cronin_2014_Hybrid Chemo-Robotic Systems for Embodied Chemical Evolution.pdf","","","","","","","","","","","","","","","","","","","","","","","","","","","","","","","","","","ALIFE 14: The Fourteenth International Conference on the Synthesis and Simulation of Living Systems","","","","","","","","","","","","","","",""
"4SGJDDW9","conferencePaper","2014","Mutoh, Atsuko; Kato, Shohei; Inuzuka, Nobuhiro","Evolution of Frequency-Dependent Sexual Selection Using Agent-Based Model","","","","10.1162/978-0-262-32621-6-ch002","https://dx.doi.org/10.1162/978-0-262-32621-6-ch002","","2014-07-01","2024-04-16 01:20:46","2024-04-16 01:20:46","2024-04-16 01:20:46","10-15","","","","","","","","","","","MIT Press","","en","","","","","direct.mit.edu","","","","C:\Users\User\Documents\99_Papers\MutohA et al\Mutoh et al_2014_Evolution of Frequency-Dependent Sexual Selection Using Agent-Based Model.pdf","","","","","","","","","","","","","","","","","","","","","","","","","","","","","","","","","","ALIFE 14: The Fourteenth International Conference on the Synthesis and Simulation of Living Systems","","","","","","","","","","","","","","",""
"LD2XTHQA","conferencePaper","2014","Rawal, Aditya; Boughman, Janette; Miikkulainen, Risto","Evolution of Communication in Mate Selection","","","","10.1162/978-0-262-32621-6-ch003","https://dx.doi.org/10.1162/978-0-262-32621-6-ch003","","2014-07-01","2024-04-16 01:20:47","2024-04-16 01:20:47","2024-04-16 01:20:47","16-22","","","","","","","","","","","MIT Press","","en","","","","","direct.mit.edu","","","","C:\Users\User\Documents\99_Papers\RawalA et al\Rawal et al_2014_Evolution of Communication in Mate Selection.pdf","","","","","","","","","","","","","","","","","","","","","","","","","","","","","","","","","","ALIFE 14: The Fourteenth International Conference on the Synthesis and Simulation of Living Systems","","","","","","","","","","","","","","",""
"UU9KW7PD","conferencePaper","2014","Frénoy, Antonine; Taddei, François; Misevic, Dusan","Constrained Genetic Architecture Promotes Cooperation","","","","10.1162/978-0-262-32621-6-ch004","https://dx.doi.org/10.1162/978-0-262-32621-6-ch004","","2014-07-01","2024-04-16 01:20:48","2024-04-16 01:20:48","2024-04-16 01:20:48","23-24","","","","","","","","","","","MIT Press","","en","","","","","direct.mit.edu","","","","C:\Users\User\Documents\99_Papers\FrénoyA et al\Frénoy et al_2014_Constrained Genetic Architecture Promotes Cooperation.pdf","","","","","","","","","","","","","","","","","","","","","","","","","","","","","","","","","","ALIFE 14: The Fourteenth International Conference on the Synthesis and Simulation of Living Systems","","","","","","","","","","","","","","",""
"8NCCBUDL","conferencePaper","2014","Harrington, Kyle","Coevolution in Hide and Seek: Camouflage and Vision","","","","10.1162/978-0-262-32621-6-ch005","https://dx.doi.org/10.1162/978-0-262-32621-6-ch005","","2014-07-01","2024-04-16 01:20:49","2024-04-16 01:20:49","2024-04-16 01:20:49","25-32","","","","","","Coevolution in Hide and Seek","","","","","MIT Press","","en","","","","","direct.mit.edu","","","","C:\Users\User\Documents\99_Papers\HarringtonK\Harrington_2014_Coevolution in Hide and Seek.pdf","","","","","","","","","","","","","","","","","","","","","","","","","","","","","","","","","","ALIFE 14: The Fourteenth International Conference on the Synthesis and Simulation of Living Systems","","","","","","","","","","","","","","",""
"RZ5VQ4AK","conferencePaper","2014","Knibbe, Carole","What Happened to My Genes? Insights on Gene Family Dynamics from Digital Genetics Experiments","","","","10.1162/978-0-262-32621-6-ch006","https://dx.doi.org/10.1162/978-0-262-32621-6-ch006","","2014-07-01","2024-04-16 01:20:51","2024-04-16 01:20:51","2024-04-16 01:20:51","33-40","","","","","","What Happened to My Genes?","","","","","MIT Press","","en","","","","","direct.mit.edu","","","","C:\Users\User\Documents\99_Papers\KnibbeC\Knibbe_2014_What Happened to My Genes.pdf","","","","","","","","","","","","","","","","","","","","","","","","","","","","","","","","","","ALIFE 14: The Fourteenth International Conference on the Synthesis and Simulation of Living Systems","","","","","","","","","","","","","","",""
"L8AB6M2F","conferencePaper","2014","Clune, Jeff; Mouret, Jean-Baptiste; Lipson, Hod","Summary of “The Evolutionary Origins of Modularity”","","","","10.1162/978-0-262-32621-6-ch007","https://dx.doi.org/10.1162/978-0-262-32621-6-ch007","","2014-07-01","2024-04-16 01:20:53","2024-04-16 01:20:53","2024-04-16 01:20:53","41-42","","","","","","","","","","","MIT Press","","en","","","","","direct.mit.edu","","","","C:\Users\User\Documents\99_Papers\CluneJ et al\Clune et al_2014_Summary of “The Evolutionary Origins of Modularity”.pdf","","","","","","","","","","","","","","","","","","","","","","","","","","","","","","","","","","ALIFE 14: The Fourteenth International Conference on the Synthesis and Simulation of Living Systems","","","","","","","","","","","","","","",""
"49W9IUV6","conferencePaper","2014","Weissman, Daniel","Stress-Induced Variation Can Cause Average Mutation and Recombination Rates to Be Positively Correlated with Fitness","","","","10.1162/978-0-262-32621-6-ch008","https://dx.doi.org/10.1162/978-0-262-32621-6-ch008","","2014-07-01","2024-04-16 01:20:57","2024-04-16 01:20:57","2024-04-16 01:20:57","43-44","","","","","","","","","","","MIT Press","","en","","","","","direct.mit.edu","","","","C:\Users\User\Documents\99_Papers\WeissmanD\Weissman_2014_Stress-Induced Variation Can Cause Average Mutation and Recombination Rates to.pdf","","","","","","","","","","","","","","","","","","","","","","","","","","","","","","","","","","ALIFE 14: The Fourteenth International Conference on the Synthesis and Simulation of Living Systems","","","","","","","","","","","","","","",""
"JIF3KG7S","conferencePaper","2014","Blount, Drew","Identifying Adaptations by Measuring the Trait Derivative of Fitness","","","","10.1162/978-0-262-32621-6-ch009","https://dx.doi.org/10.1162/978-0-262-32621-6-ch009","","2014-07-01","2024-04-16 01:21:00","2024-04-16 01:21:00","2024-04-16 01:21:00","45-46","","","","","","","","","","","MIT Press","","en","","","","","direct.mit.edu","","","","C:\Users\User\Documents\99_Papers\BlountD\Blount_2014_Identifying Adaptations by Measuring the Trait Derivative of Fitness.pdf","","","","","","","","","","","","","","","","","","","","","","","","","","","","","","","","","","ALIFE 14: The Fourteenth International Conference on the Synthesis and Simulation of Living Systems","","","","","","","","","","","","","","",""
"AKYML7X5","conferencePaper","2014","Wang, Yifei; Bryson, Joanna; Matthews, Stephen","Evolving Evolvability in the Context of Environmental Change: A Gene Regulatory Network (GRN) Approach","","","","10.1162/978-0-262-32621-6-ch010","https://dx.doi.org/10.1162/978-0-262-32621-6-ch010","","2014-07-01","2024-04-16 01:21:02","2024-04-16 01:21:02","2024-04-16 01:21:02","47-53","","","","","","Evolving Evolvability in the Context of Environmental Change","","","","","MIT Press","","en","","","","","direct.mit.edu","","","","C:\Users\User\Documents\99_Papers\WangY et al\Wang et al_2014_Evolving Evolvability in the Context of Environmental Change.pdf","","","","","","","","","","","","","","","","","","","","","","","","","","","","","","","","","","ALIFE 14: The Fourteenth International Conference on the Synthesis and Simulation of Living Systems","","","","","","","","","","","","","","",""
"NXIWC2GZ","conferencePaper","2014","Tarapore, Danesh; Mouret, Jean-Baptiste","Comparing the Evolvability of Generative Encoding Schemes","","","","10.1162/978-0-262-32621-6-ch011","https://dx.doi.org/10.1162/978-0-262-32621-6-ch011","","2014-07-01","2024-04-16 01:21:06","2024-04-16 01:21:06","2024-04-16 01:21:06","55-62","","","","","","","","","","","MIT Press","","en","","","","","direct.mit.edu","","","","C:\Users\User\Documents\99_Papers\TaraporeD_MouretJ\Tarapore_Mouret_2014_Comparing the Evolvability of Generative Encoding Schemes.pdf","","","","","","","","","","","","","","","","","","","","","","","","","","","","","","","","","","ALIFE 14: The Fourteenth International Conference on the Synthesis and Simulation of Living Systems","","","","","","","","","","","","","","",""
"5N8KB9YT","conferencePaper","2014","Rajagopalan, Padmini; Holekamp, Kay; Miikkulainen, Risto","The Evolution of General Intelligence","","","","10.1162/978-0-262-32621-6-ch012","https://dx.doi.org/10.1162/978-0-262-32621-6-ch012","","2014-07-01","2024-04-16 01:21:06","2024-04-16 01:21:06","2024-04-16 01:21:07","63-70","","","","","","","","","","","MIT Press","","en","","","","","direct.mit.edu","","","","C:\Users\User\Documents\99_Papers\RajagopalanP et al\Rajagopalan et al_2014_The Evolution of General Intelligence.pdf","","","","","","","","","","","","","","","","","","","","","","","","","","","","","","","","","","ALIFE 14: The Fourteenth International Conference on the Synthesis and Simulation of Living Systems","","","","","","","","","","","","","","",""
"TCT33U2N","conferencePaper","2014","Timperley, Christopher; Stepney, Susan","Reflective Grammatical Evolution","","","","10.1162/978-0-262-32621-6-ch013","https://dx.doi.org/10.1162/978-0-262-32621-6-ch013","","2014-07-01","2024-04-16 01:21:09","2024-04-16 01:21:09","2024-04-16 01:21:09","71-78","","","","","","","","","","","MIT Press","","en","","","","","direct.mit.edu","","","","C:\Users\User\Documents\99_Papers\TimperleyC_StepneyS\Timperley_Stepney_2014_Reflective Grammatical Evolution.pdf","","","","","","","","","","","","","","","","","","","","","","","","","","","","","","","","","","ALIFE 14: The Fourteenth International Conference on the Synthesis and Simulation of Living Systems","","","","","","","","","","","","","","",""
"CVLRGHZP","conferencePaper","2014","Webb, Andrew; Knowles, Joshua","Studying the Evolvability of of Self-Encoding Genotype-Phenotype Maps","","","","10.1162/978-0-262-32621-6-ch014","https://dx.doi.org/10.1162/978-0-262-32621-6-ch014","","2014-07-01","2024-04-16 01:21:12","2024-04-16 01:21:12","2024-04-16 01:21:12","79-86","","","","","","","","","","","MIT Press","","en","","","","","direct.mit.edu","","","","C:\Users\User\Documents\99_Papers\WebbA_KnowlesJ\Webb_Knowles_2014_Studying the Evolvability of of Self-Encoding Genotype-Phenotype Maps.pdf","","","","","","","","","","","","","","","","","","","","","","","","","","","","","","","","","","ALIFE 14: The Fourteenth International Conference on the Synthesis and Simulation of Living Systems","","","","","","","","","","","","","","",""
"64SXKZ6J","conferencePaper","2014","Power, Daniel; Szathmáry, Eörs; Watson, Richard","Ecosystem Memory Is Emergent from Local-Level Natural Selection","","","","10.1162/978-0-262-32621-6-ch015","https://dx.doi.org/10.1162/978-0-262-32621-6-ch015","","2014-07-01","2024-04-16 01:21:13","2024-04-16 01:21:13","2024-04-16 01:21:13","87-88","","","","","","","","","","","MIT Press","","en","","","","","direct.mit.edu","","","","C:\Users\User\Documents\99_Papers\PowerD et al\Power et al_2014_Ecosystem Memory Is Emergent from Local-Level Natural Selection.pdf","","","","","","","","","","","","","","","","","","","","","","","","","","","","","","","","","","ALIFE 14: The Fourteenth International Conference on the Synthesis and Simulation of Living Systems","","","","","","","","","","","","","","",""
"4FEDKXE5","conferencePaper","2014","Chu, Dominique; Barnes, David","Evolving Biological Systems: Evolutionary Pressure to Inefficiency","","","","10.1162/978-0-262-32621-6-ch016","https://dx.doi.org/10.1162/978-0-262-32621-6-ch016","","2014-07-01","2024-04-16 01:21:14","2024-04-16 01:21:14","2024-04-16 01:21:14","89-96","","","","","","Evolving Biological Systems","","","","","MIT Press","","en","","","","","direct.mit.edu","","","","C:\Users\User\Documents\99_Papers\ChuD_BarnesD\Chu_Barnes_2014_Evolving Biological Systems.pdf","","","","","","","","","","","","","","","","","","","","","","","","","","","","","","","","","","ALIFE 14: The Fourteenth International Conference on the Synthesis and Simulation of Living Systems","","","","","","","","","","","","","","",""
"9ELBNGQ5","conferencePaper","2014","Auerbach, Joshua; Aydin, Deniz; Maesani, Andrea; Kornatowski, Przemyslaw; Cieslewski, Titus; Heitz, Grégoire; Fernando, Pradeep; Loshchilov, Ilya; Daler, Ludovic; Floreano, Dario","RoboGen: Robot Generation through Artificial Evolution","","","","10.1162/978-0-262-32621-6-ch022","https://dx.doi.org/10.1162/978-0-262-32621-6-ch022","","2014-07-01","2024-04-16 01:21:17","2024-04-16 01:21:17","2024-04-16 01:21:17","136-137","","","","","","RoboGen","","","","","MIT Press","","en","","","","","direct.mit.edu","","","","C:\Users\User\Documents\99_Papers\AuerbachJ et al\Auerbach et al_2014_RoboGen.pdf","","","","","","","","","","","","","","","","","","","","","","","","","","","","","","","","","","ALIFE 14: The Fourteenth International Conference on the Synthesis and Simulation of Living Systems","","","","","","","","","","","","","","",""
"XPJG7MGT","conferencePaper","2014","Erdei, Joachim; Wróbel, Borys","Evolution of Animats Following a Moving Target in an Artificial Ecosystem","","","","10.1162/978-0-262-32621-6-ch017","https://dx.doi.org/10.1162/978-0-262-32621-6-ch017","","2014-07-01","2024-04-16 01:21:20","2024-04-16 01:21:20","2024-04-16 01:21:20","98-104","","","","","","","","","","","MIT Press","","en","","","","","direct.mit.edu","","","","C:\Users\User\Documents\99_Papers\ErdeiJ_WróbelB\Erdei_Wróbel_2014_Evolution of Animats Following a Moving Target in an Artificial Ecosystem.pdf","","","","","","","","","","","","","","","","","","","","","","","","","","","","","","","","","","ALIFE 14: The Fourteenth International Conference on the Synthesis and Simulation of Living Systems","","","","","","","","","","","","","","",""
"DAU97T8H","conferencePaper","2014","Ito, Takashi; Pilat, Marcin; Suzuki, Reiji; Arita, Takaya","Population and Evolutionary Dynamics Based on Predator-Prey Relationship in 3D Physical Simulation","","","","10.1162/978-0-262-32621-6-ch018","https://dx.doi.org/10.1162/978-0-262-32621-6-ch018","","2014-07-01","2024-04-16 01:21:22","2024-04-16 01:21:22","2024-04-16 01:21:22","105-112","","","","","","","","","","","MIT Press","","en","","","","","direct.mit.edu","","","","C:\Users\User\Documents\99_Papers\ItoT et al\Ito et al_2014_Population and Evolutionary Dynamics Based on Predator-Prey Relationship in 3D.pdf","","","","","","","","","","","","","","","","","","","","","","","","","","","","","","","","","","ALIFE 14: The Fourteenth International Conference on the Synthesis and Simulation of Living Systems","","","","","","","","","","","","","","",""
"XGP78XL9","conferencePaper","2014","Grabowski, Laura; Magaña, Javier","Building on Simplicity: Multi-stage Evolution of Digital Organisms","","","","10.1162/978-0-262-32621-6-ch019","https://dx.doi.org/10.1162/978-0-262-32621-6-ch019","","2014-07-01","2024-04-16 01:21:28","2024-04-16 01:21:28","2024-04-16 01:21:28","113-120","","","","","","Building on Simplicity","","","","","MIT Press","","en","","","","","direct.mit.edu","","","","C:\Users\User\Documents\99_Papers\GrabowskiL_MagañaJ\Grabowski_Magaña_2014_Building on Simplicity.pdf","","","","","","","","","","","","","","","","","","","","","","","","","","","","","","","","","","ALIFE 14: The Fourteenth International Conference on the Synthesis and Simulation of Living Systems","","","","","","","","","","","","","","",""
"Y8CY59X3","conferencePaper","2014","Haasdijk, Evert; Bredeche, Nicolas; Eiben, A. E.","Making MONEE","","","","10.1162/978-0-262-32621-6-ch027","https://dx.doi.org/10.1162/978-0-262-32621-6-ch027","","2014-07-01","2024-04-16 01:21:30","2024-04-16 01:21:30","2024-04-16 01:21:30","158-159","","","","","","","","","","","MIT Press","","en","","","","","direct.mit.edu","","","","C:\Users\User\Documents\99_Papers\HaasdijkE et al\Haasdijk et al_2014_Making MONEE.pdf","","","","","","","","","","","","","","","","","","","","","","","","","","","","","","","","","","ALIFE 14: The Fourteenth International Conference on the Synthesis and Simulation of Living Systems","","","","","","","","","","","","","","",""
"2XALSMMT","conferencePaper","2014","Johnson, Anya; Strauss, Eli; Pickett, Rodney; Adami, Christoph; Dworkin, Ian; Goldsby, Heather","More Bang For Your Buck: Quorum-Sensing Capabilities Improve the Efficacy of Suicidal Altruism","","","","10.1162/978-0-262-32621-6-ch020","https://dx.doi.org/10.1162/978-0-262-32621-6-ch020","","2014-07-01","2024-04-16 01:21:34","2024-04-16 01:21:34","2024-04-16 01:21:34","120-128","","","","","","More Bang For Your Buck","","","","","MIT Press","","en","","","","","direct.mit.edu","","","","C:\Users\User\Documents\99_Papers\JohnsonA et al\Johnson et al_2014_More Bang For Your Buck.pdf","","","","","","","","","","","","","","","","","","","","","","","","","","","","","","","","","","ALIFE 14: The Fourteenth International Conference on the Synthesis and Simulation of Living Systems","","","","","","","","","","","","","","",""
"CJJHWBUU","conferencePaper","2014","Covert III, Arthur; McFetridge, Siena; DeLord, Evan","Structured Populations with Limited Resources Exhibit Higher Rates of Complex Function Evolution","","","","10.1162/978-0-262-32621-6-ch021","https://dx.doi.org/10.1162/978-0-262-32621-6-ch021","","2014-07-01","2024-04-16 01:21:36","2024-04-16 01:21:36","2024-04-16 01:21:36","129-134","","","","","","","","","","","MIT Press","","en","","","","","direct.mit.edu","","","","C:\Users\User\Documents\99_Papers\Covert IIIA et al\Covert III et al_2014_Structured Populations with Limited Resources Exhibit Higher Rates of Complex.pdf","","","","","","","","","","","","","","","","","","","","","","","","","","","","","","","","","","ALIFE 14: The Fourteenth International Conference on the Synthesis and Simulation of Living Systems","","","","","","","","","","","","","","",""
"6WK5GS2Q","conferencePaper","2014","Lones, John; Lewis, Matthew; Cañamero, Lola","Hormonal Modulation of Development and Behaviour Permits a Robot to Adapt to Novel Interactions","","","","10.1162/978-0-262-32621-6-ch031","https://dx.doi.org/10.1162/978-0-262-32621-6-ch031","","2014-07-01","2024-04-16 01:21:38","2024-04-16 01:21:38","2024-04-16 01:21:38","184-191","","","","","","","","","","","MIT Press","","en","","","","","direct.mit.edu","","","","C:\Users\User\Documents\99_Papers\LonesJ et al\Lones et al_2014_Hormonal Modulation of Development and Behaviour Permits a Robot to Adapt to.pdf","","","","","","","","","","","","","","","","","","","","","","","","","","","","","","","","","","ALIFE 14: The Fourteenth International Conference on the Synthesis and Simulation of Living Systems","","","","","","","","","","","","","","",""
"LV6MHHYJ","conferencePaper","2014","Wagy, Mark; Bongard, Joshua","Collective Design of Robot Locomotion","","","","10.1162/978-0-262-32621-6-ch023","https://dx.doi.org/10.1162/978-0-262-32621-6-ch023","","2014-07-01","2024-04-16 01:21:40","2024-04-16 01:21:40","2024-04-16 01:21:40","138-145","","","","","","","","","","","MIT Press","","en","","","","","direct.mit.edu","","","","C:\Users\User\Documents\99_Papers\WagyM_BongardJ\Wagy_Bongard_2014_Collective Design of Robot Locomotion.pdf","","","","","","","","","","","","","","","","","","","","","","","","","","","","","","","","","","ALIFE 14: The Fourteenth International Conference on the Synthesis and Simulation of Living Systems","","","","","","","","","","","","","","",""
"77A27LTD","conferencePaper","2014","Cully, Antoine; Mouret, Jean-Baptiste","Learning to Walk in Every Direction with the TBR-Learning algorithm","","","","10.1162/978-0-262-32621-6-ch024","https://dx.doi.org/10.1162/978-0-262-32621-6-ch024","","2014-07-01","2024-04-16 01:21:44","2024-04-16 01:21:44","2024-04-16 01:21:44","146-147","","","","","","","","","","","MIT Press","","en","","","","","direct.mit.edu","","","","C:\Users\User\Documents\99_Papers\CullyA_MouretJ\Cully_Mouret_2014_Learning to Walk in Every Direction with the TBR-Learning algorithm.pdf","","","","","","","","","","","","","","","","","","","","","","","","","","","","","","","","","","ALIFE 14: The Fourteenth International Conference on the Synthesis and Simulation of Living Systems","","","","","","","","","","","","","","",""
"CQJR935Z","conferencePaper","2014","Moore, Jared; McKinley, Philip","Investigating Modular Coupling of Morphology and Control with Digital Muscles","","","","10.1162/978-0-262-32621-6-ch025","https://dx.doi.org/10.1162/978-0-262-32621-6-ch025","","2014-07-01","2024-04-16 01:21:47","2024-04-16 01:21:47","2024-04-16 01:21:47","148-155","","","","","","","","","","","MIT Press","","en","","","","","direct.mit.edu","","","","C:\Users\User\Documents\99_Papers\MooreJ_McKinleyP\Moore_McKinley_2014_Investigating Modular Coupling of Morphology and Control with Digital Muscles.pdf","","","","","","","","","","","","","","","","","","","","","","","","","","","","","","","","","","ALIFE 14: The Fourteenth International Conference on the Synthesis and Simulation of Living Systems","","","","","","","","","","","","","","",""
"PKPKWQJ8","conferencePaper","2014","Koos, Sylvain; Cully, Antoine; Mouret, Jean-Baptiste","Abstract of: “Fast Damage Recovery in Robotics with the T-Resilience Algorithm”","","","","10.1162/978-0-262-32621-6-ch026","https://dx.doi.org/10.1162/978-0-262-32621-6-ch026","","2014-07-01","2024-04-16 01:21:49","2024-04-16 01:21:49","2024-04-16 01:21:49","156-157","","","","","","Abstract of","","","","","MIT Press","","en","","","","","direct.mit.edu","","","","C:\Users\User\Documents\99_Papers\KoosS et al\Koos et al_2014_Abstract of.pdf","","","","","","","","","","","","","","","","","","","","","","","","","","","","","","","","","","ALIFE 14: The Fourteenth International Conference on the Synthesis and Simulation of Living Systems","","","","","","","","","","","","","","",""
"KI662S5Y","conferencePaper","2014","Mazac, Sébastien; Armetta, Frédéric; Hassas, Salima","On Bootstrapping Sensori-Motor Patterns for a Constructivist Learning System in Continuous Environments","","","","10.1162/978-0-262-32621-6-ch028","https://dx.doi.org/10.1162/978-0-262-32621-6-ch028","","2014-07-01","2024-04-16 01:21:54","2024-04-16 01:21:54","2024-04-16 01:21:54","160-167","","","","","","","","","","","MIT Press","","en","","","","","direct.mit.edu","","","","C:\Users\User\Documents\99_Papers\MazacS et al\Mazac et al_2014_On Bootstrapping Sensori-Motor Patterns for a Constructivist Learning System in.pdf","","","","","","","","","","","","","","","","","","","","","","","","","","","","","","","","","","ALIFE 14: The Fourteenth International Conference on the Synthesis and Simulation of Living Systems","","","","","","","","","","","","","","",""
"F2L4ALV8","conferencePaper","2014","Egbert, Matthew; Cañamero, Lola","Habit-Based Regulation of Essential Variables","","","","10.1162/978-0-262-32621-6-ch029","https://dx.doi.org/10.1162/978-0-262-32621-6-ch029","","2014-07-01","2024-04-16 01:21:55","2024-04-16 01:21:55","2024-04-16 01:21:55","168-175","","","","","","","","","","","MIT Press","","en","","","","","direct.mit.edu","","","","C:\Users\User\Documents\99_Papers\EgbertM_CañameroL\Egbert_Cañamero_2014_Habit-Based Regulation of Essential Variables.pdf","","","","","","","","","","","","","","","","","","","","","","","","","","","","","","","","","","ALIFE 14: The Fourteenth International Conference on the Synthesis and Simulation of Living Systems","","","","","","","","","","","","","","",""
"U4G88HEM","conferencePaper","2014","Johnson, Christopher; Philippides, Andrew; Husbands, Philip","Active Shape Discrimination with Physical Reservoir Computers","","","","10.1162/978-0-262-32621-6-ch030","https://dx.doi.org/10.1162/978-0-262-32621-6-ch030","","2014-07-01","2024-04-16 01:21:55","2024-04-16 01:21:55","2024-04-16 01:21:55","176-183","","","","","","","","","","","MIT Press","","en","","","","","direct.mit.edu","","","","C:\Users\User\Documents\99_Papers\JohnsonC et al\Johnson et al_2014_Active Shape Discrimination with Physical Reservoir Computers.pdf","","","","","","","","","","","","","","","","","","","","","","","","","","","","","","","","","","ALIFE 14: The Fourteenth International Conference on the Synthesis and Simulation of Living Systems","","","","","","","","","","","","","","",""
"N663Z7IQ","conferencePaper","2014","Capodieci, Nicola; Hart, Emma; Cabri, Giacomo","Idiotypic Networks for Evolutionary Controllers in Virtual Creatures","","","","10.1162/978-0-262-32621-6-ch032","https://dx.doi.org/10.1162/978-0-262-32621-6-ch032","","2014-07-01","2024-04-16 01:22:02","2024-04-16 01:22:02","2024-04-16 01:22:02","192-199","","","","","","","","","","","MIT Press","","en","","","","","direct.mit.edu","","","","C:\Users\User\Documents\99_Papers\CapodieciN et al\Capodieci et al_2014_Idiotypic Networks for Evolutionary Controllers in Virtual Creatures.pdf","","","","","","","","","","","","","","","","","","","","","","","","","","","","","","","","","","ALIFE 14: The Fourteenth International Conference on the Synthesis and Simulation of Living Systems","","","","","","","","","","","","","","",""
"AZZE7RV4","conferencePaper","2014","Moore, Jared; Clark, Anthony","Hold the Spot: Evolution of Generalized Station Keeping for an Aquatic Robot","","","","10.1162/978-0-262-32621-6-ch033","https://dx.doi.org/10.1162/978-0-262-32621-6-ch033","","2014-07-01","2024-04-16 01:25:23","2024-04-16 01:25:23","2024-04-16 01:25:23","200-201","","","","","","Hold the Spot","","","","","MIT Press","","en","","","","","direct.mit.edu","","","","C:\Users\User\Documents\99_Papers\MooreJ_ClarkA\Moore_Clark_2014_Hold the Spot.pdf","","","","","","","","","","","","","","","","","","","","","","","","","","","","","","","","","","ALIFE 14: The Fourteenth International Conference on the Synthesis and Simulation of Living Systems","","","","","","","","","","","","","","",""
"IEY3ZI7X","conferencePaper","2014","Pugh, Justin; Soltoggio, Andrea; Stanley, Kenneth","Real-time Hebbian Learning from Autoencoder Features for Control Tasks","","","","10.1162/978-0-262-32621-6-ch034","https://dx.doi.org/10.1162/978-0-262-32621-6-ch034","","2014-07-01","2024-04-16 01:25:25","2024-04-16 01:25:25","2024-04-16 01:25:25","202-209","","","","","","","","","","","MIT Press","","en","","","","","direct.mit.edu","","","","C:\Users\User\Documents\99_Papers\PughJ et al\Pugh et al_2014_Real-time Hebbian Learning from Autoencoder Features for Control Tasks.pdf","","","","","","","","","","","","","","","","","","","","","","","","","","","","","","","","","","ALIFE 14: The Fourteenth International Conference on the Synthesis and Simulation of Living Systems","","","","","","","","","","","","","","",""
"R9K3KUNR","conferencePaper","2014","Duarte, Miguel; Silva, Fernando; Rodrigues, Tiago; Moura Oliveira, Sancho; Christensen, Anders","JBotEvolver: A Versatile Simulation Program for Evolutionary Robotics","","","","10.1162/978-0-262-32621-6-ch035","https://dx.doi.org/10.1162/978-0-262-32621-6-ch035","","2014-07-01","2024-04-16 01:25:26","2024-04-16 01:25:26","2024-04-16 01:25:26","210-211","","","","","","JBotEvolver","","","","","MIT Press","","en","","","","","direct.mit.edu","","","","C:\Users\User\Documents\99_Papers\DuarteM et al\Duarte et al_2014_JBotEvolver.pdf","","","","","","","","","","","","","","","","","","","","","","","","","","","","","","","","","","ALIFE 14: The Fourteenth International Conference on the Synthesis and Simulation of Living Systems","","","","","","","","","","","","","","",""
"JP83LWY3","conferencePaper","2014","Gomes, Jorge; Mariano, Pedro; Christensen, Anders","Systematic Derivation of Behaviour Characterisations in Evolutionary Robotics","","","","10.1162/978-0-262-32621-6-ch036","https://dx.doi.org/10.1162/978-0-262-32621-6-ch036","","2014-07-01","2024-04-16 01:25:28","2024-04-16 01:25:28","2024-04-16 01:25:28","212-219","","","","","","","","","","","MIT Press","","en","","","","","direct.mit.edu","","","","C:\Users\User\Documents\99_Papers\GomesJ et al\Gomes et al_2014_Systematic Derivation of Behaviour Characterisations in Evolutionary Robotics.pdf","","","","","","","","","","","","","","","","","","","","","","","","","","","","","","","","","","ALIFE 14: The Fourteenth International Conference on the Synthesis and Simulation of Living Systems","","","","","","","","","","","","","","",""
"T63SN3Y9","conferencePaper","2014","Cheney, Nicholas; Clune, Jeff; Lipson, Hod","Evolved Electrophysiological Soft Robots","","","","10.1162/978-0-262-32621-6-ch037","https://dx.doi.org/10.1162/978-0-262-32621-6-ch037","","2014-07-01","2024-04-16 01:25:30","2024-04-16 01:25:30","2024-04-16 01:25:30","222-229","","","","","","","","","","","MIT Press","","en","","","","","direct.mit.edu","","","","C:\Users\User\Documents\99_Papers\CheneyN et al\Cheney et al_2014_Evolved Electrophysiological Soft Robots.pdf","","","","","","","","","","","","","","","","","","","","","","","","","","","","","","","","","","ALIFE 14: The Fourteenth International Conference on the Synthesis and Simulation of Living Systems","","","","","","","","","","","","","","",""
"5K6D38ZN","conferencePaper","2014","Cacucciolo, Vito; Cianchetti, Matteo; Laschi, Cecilia","A Model-Based Framework to Investigate Morphological Computation in Muscular Hydrostats and to Design Soft Robotic Arms","","","","10.1162/978-0-262-32621-6-ch038","https://dx.doi.org/10.1162/978-0-262-32621-6-ch038","","2014-07-01","2024-04-16 01:25:31","2024-04-16 01:25:31","2024-04-16 01:25:31","230-231","","","","","","","","","","","MIT Press","","en","","","","","direct.mit.edu","","","","C:\Users\User\Documents\99_Papers\CacuccioloV et al\Cacucciolo et al_2014_A Model-Based Framework to Investigate Morphological Computation in Muscular.pdf","","","","","","","","","","","","","","","","","","","","","","","","","","","","","","","","","","ALIFE 14: The Fourteenth International Conference on the Synthesis and Simulation of Living Systems","","","","","","","","","","","","","","",""
"TLU86XPR","conferencePaper","2014","Joachimczak, Michal; Suzuki, Reji; Arita, Takaya","Fine Grained Artificial Development for Body-Controller Coevolution of Soft-Bodied Animats","","","","10.1162/978-0-262-32621-6-ch040","https://dx.doi.org/10.1162/978-0-262-32621-6-ch040","","2014-07-01","2024-04-16 01:25:37","2024-04-16 01:25:37","2024-04-16 01:25:37","239-246","","","","","","","","","","","MIT Press","","en","","","","","direct.mit.edu","","","","C:\Users\User\Documents\99_Papers\JoachimczakM et al\Joachimczak et al_2014_Fine Grained Artificial Development for Body-Controller Coevolution of.pdf","","","","","","","","","","","","","","","","","","","","","","","","","","","","","","","","","","ALIFE 14: The Fourteenth International Conference on the Synthesis and Simulation of Living Systems","","","","","","","","","","","","","","",""
"GIABUJNY","conferencePaper","2014","Khazanov, Mark; Jocque, Julian; Rieffel, John","Evolution of Locomotion on a Physical Tensegrity Robot","","","","10.1162/978-0-262-32621-6-ch039","https://dx.doi.org/10.1162/978-0-262-32621-6-ch039","","2014-07-01","2024-04-16 01:25:41","2024-04-16 01:25:41","2024-04-16 01:25:41","232-238","","","","","","","","","","","MIT Press","","en","","","","","direct.mit.edu","","","","C:\Users\User\Documents\99_Papers\KhazanovM et al\Khazanov et al_2014_Evolution of Locomotion on a Physical Tensegrity Robot.pdf","","","","","","","","","","","","","","","","","","","","","","","","","","","","","","","","","","ALIFE 14: The Fourteenth International Conference on the Synthesis and Simulation of Living Systems","","","","","","","","","","","","","","",""
"37A9GDH6","conferencePaper","2014","Lessin, Dan; Fussell, Don; Miikkulainen, Risto","Adopting Morphology to Multiple Tasks in Evolved Virtual Creatures","","","","10.1162/978-0-262-32621-6-ch041","https://dx.doi.org/10.1162/978-0-262-32621-6-ch041","","2014-07-01","2024-04-16 01:25:43","2024-04-16 01:25:43","2024-04-16 01:25:43","247-254","","","","","","","","","","","MIT Press","","en","","","","","direct.mit.edu","","","","C:\Users\User\Documents\99_Papers\LessinD et al\Lessin et al_2014_Adopting Morphology to Multiple Tasks in Evolved Virtual Creatures.pdf","","","","","","","","","","","","","","","","","","","","","","","","","","","","","","","","","","ALIFE 14: The Fourteenth International Conference on the Synthesis and Simulation of Living Systems","","","","","","","","","","","","","","",""
"5RI8WTJA","conferencePaper","2014","Richards, Daniel; Amos, Martyn","Evolving Morphologies with CPPN-NEAT and a Dynamic Substrate","","","","10.1162/978-0-262-32621-6-ch042","https://dx.doi.org/10.1162/978-0-262-32621-6-ch042","","2014-07-01","2024-04-16 01:25:45","2024-04-16 01:25:45","2024-04-16 01:25:45","255-262","","","","","","","","","","","MIT Press","","en","","","","","direct.mit.edu","","","","C:\Users\User\Documents\99_Papers\RichardsD_AmosM\Richards_Amos_2014_Evolving Morphologies with CPPN-NEAT and a Dynamic Substrate.pdf","","","","","","","","","","","","","","","","","","","","","","","","","","","","","","","","","","ALIFE 14: The Fourteenth International Conference on the Synthesis and Simulation of Living Systems","","","","","","","","","","","","","","",""
"J6H4VYDW","conferencePaper","2014","Pitonakova, Lenka; Crowder, Richard; Bullock, Seth","Understanding the Role of Recruitment in Collective Robot Foraging","","","","10.1162/978-0-262-32621-6-ch043","https://dx.doi.org/10.1162/978-0-262-32621-6-ch043","","2014-07-01","2024-04-16 01:25:47","2024-04-16 01:25:47","2024-04-16 01:25:47","264-271","","","","","","","","","","","MIT Press","","en","","","","","direct.mit.edu","","","","C:\Users\User\Documents\99_Papers\PitonakovaL et al\Pitonakova et al_2014_Understanding the Role of Recruitment in Collective Robot Foraging.pdf","","","","","","","","","","","","","","","","","","","","","","","","","","","","","","","","","","ALIFE 14: The Fourteenth International Conference on the Synthesis and Simulation of Living Systems","","","","","","","","","","","","","","",""
"45WZQUB8","conferencePaper","2014","Bredeche, Nicolas","Embodied Evolutionary Robotics with Large Number of Robots","","","","10.1162/978-0-262-32621-6-ch044","https://dx.doi.org/10.1162/978-0-262-32621-6-ch044","","2014-07-01","2024-04-16 01:25:49","2024-04-16 01:25:49","2024-04-16 01:25:49","272-273","","","","","","","","","","","MIT Press","","en","","","","","direct.mit.edu","","","","C:\Users\User\Documents\99_Papers\BredecheN\Bredeche_2014_Embodied Evolutionary Robotics with Large Number of Robots.pdf","","","","","","","","","","","","","","","","","","","","","","","","","","","","","","","","","","ALIFE 14: The Fourteenth International Conference on the Synthesis and Simulation of Living Systems","","","","","","","","","","","","","","",""
"M2B6UEAN","conferencePaper","2014","Ivanov, Plamen; Shell, Dylan","Associating Nearby Robots to Their Voices","","","","10.1162/978-0-262-32621-6-ch045","https://dx.doi.org/10.1162/978-0-262-32621-6-ch045","","2014-07-01","2024-04-16 01:25:50","2024-04-16 01:25:50","2024-04-16 01:25:50","274-281","","","","","","","","","","","MIT Press","","en","","","","","direct.mit.edu","","","","C:\Users\User\Documents\99_Papers\IvanovP_ShellD\Ivanov_Shell_2014_Associating Nearby Robots to Their Voices.pdf","","","","","","","","","","","","","","","","","","","","","","","","","","","","","","","","","","ALIFE 14: The Fourteenth International Conference on the Synthesis and Simulation of Living Systems","","","","","","","","","","","","","","",""
"9YV94JAU","conferencePaper","2014","Haley, Patrick; Olson, Randal; Dyer, Fred; Adami, Christoph","Exploring Conditions That Select for the Evolution of Cooperative Group Foraging","","","","10.1162/978-0-262-32621-6-ch050","https://dx.doi.org/10.1162/978-0-262-32621-6-ch050","","2014-07-01","2024-04-16 01:25:50","2024-04-16 01:25:50","2024-04-16 01:25:50","310-311","","","","","","","","","","","MIT Press","","en","","","","","direct.mit.edu","","","","C:\Users\User\Documents\99_Papers\HaleyP et al\Haley et al_2014_Exploring Conditions That Select for the Evolution of Cooperative Group Foraging.pdf","","","","","","","","","","","","","","","","","","","","","","","","","","","","","","","","","","ALIFE 14: The Fourteenth International Conference on the Synthesis and Simulation of Living Systems","","","","","","","","","","","","","","",""
"7JJN4XVJ","conferencePaper","2014","Fernández Pérez, Iñaki; Boumaza, Amine; Charpillet, François","Comparison of Selection Methods in On-Line Distributed Evolutionary Robotics","","","","10.1162/978-0-262-32621-6-ch046","https://dx.doi.org/10.1162/978-0-262-32621-6-ch046","","2014-07-01","2024-04-16 01:25:55","2024-04-16 01:25:55","2024-04-16 01:25:55","282-289","","","","","","","","","","","MIT Press","","en","","","","","direct.mit.edu","","","","C:\Users\User\Documents\99_Papers\Fernández PérezI et al\Fernández Pérez et al_2014_Comparison of Selection Methods in On-Line Distributed Evolutionary Robotics.pdf","","","","","","","","","","","","","","","","","","","","","","","","","","","","","","","","","","ALIFE 14: The Fourteenth International Conference on the Synthesis and Simulation of Living Systems","","","","","","","","","","","","","","",""
"X9W99NQD","conferencePaper","2014","Naylor, Becky; Read, Mark; Timmis, Jon; Tyrell, Andy","The Relay Chain: A Scalable Dynamic Communication Link between an Exploratory Underwater Shoal and a Surface Vehicle","","","","10.1162/978-0-262-32621-6-ch047","https://dx.doi.org/10.1162/978-0-262-32621-6-ch047","","2014-07-01","2024-04-16 01:25:58","2024-04-16 01:25:58","2024-04-16 01:25:58","290-297","","","","","","The Relay Chain","","","","","MIT Press","","en","","","","","direct.mit.edu","","","","C:\Users\User\Documents\99_Papers\NaylorB et al\Naylor et al_2014_The Relay Chain.pdf","","","","","","","","","","","","","","","","","","","","","","","","","","","","","","","","","","ALIFE 14: The Fourteenth International Conference on the Synthesis and Simulation of Living Systems","","","","","","","","","","","","","","",""
"WS27CENA","conferencePaper","2014","Witkowski, Olaf; Ikegami, Takashi","Emergence of Signal-Based Swarmimg","","","","10.1162/978-0-262-32621-6-ch049","https://dx.doi.org/10.1162/978-0-262-32621-6-ch049","","2014-07-01","2024-04-16 01:26:02","2024-04-16 01:26:02","2024-04-16 01:26:02","302-309","","","","","","","","","","","MIT Press","","en","","","","","direct.mit.edu","","","","C:\Users\User\Documents\99_Papers\WitkowskiO_IkegamiT\Witkowski_Ikegami_2014_Emergence of Signal-Based Swarmimg.pdf","","","","","","","","","","","","","","","","","","","","","","","","","","","","","","","","","","ALIFE 14: The Fourteenth International Conference on the Synthesis and Simulation of Living Systems","","","","","","","","","","","","","","",""
"SWLTS83J","conferencePaper","2014","von Mammen, Sebastein; Edenhofer, Sarah","Swarm Grammars GD: Interactive Exploration of Swarm Dynamics and Structural Development","","","","10.1162/978-0-262-32621-6-ch051","https://dx.doi.org/10.1162/978-0-262-32621-6-ch051","","2014-07-01","2024-04-16 01:26:04","2024-04-16 01:26:04","2024-04-16 01:26:04","312-319","","","","","","Swarm Grammars GD","","","","","MIT Press","","en","","","","","direct.mit.edu","","","","C:\Users\User\Documents\99_Papers\von MammenS_EdenhoferS\von Mammen_Edenhofer_2014_Swarm Grammars GD.pdf","","","","","","","","","","","","","","","","","","","","","","","","","","","","","","","","","","ALIFE 14: The Fourteenth International Conference on the Synthesis and Simulation of Living Systems","","","","","","","","","","","","","","",""
"IBHQ73ZF","conferencePaper","2014","Sayama, Hiroki","Four Classes of Morphogenetic Collective Systems","","","","10.1162/978-0-262-32621-6-ch052","https://dx.doi.org/10.1162/978-0-262-32621-6-ch052","","2014-07-01","2024-04-16 01:26:07","2024-04-16 01:26:07","2024-04-16 01:26:07","320-327","","","","","","","","","","","MIT Press","","en","","","","","direct.mit.edu","","","","C:\Users\User\Documents\99_Papers\SayamaH\Sayama_2014_Four Classes of Morphogenetic Collective Systems.pdf","","","","","","","","","","","","","","","","","","","","","","","","","","","","","","","","","","ALIFE 14: The Fourteenth International Conference on the Synthesis and Simulation of Living Systems","","","","","","","","","","","","","","",""
"5CB3FEAC","conferencePaper","2014","Bentley, Katie; Harrington, Kyle; Regan, Erzsébet","Can Active Perception Generate Bistability? Heterogeneous Collective Dynamics and Vascular Patterning","","","","10.1162/978-0-262-32621-6-ch053","https://dx.doi.org/10.1162/978-0-262-32621-6-ch053","","2014-07-01","2024-04-16 01:26:10","2024-04-16 01:26:10","2024-04-16 01:26:10","328-335","","","","","","Can Active Perception Generate Bistability?","","","","","MIT Press","","en","","","","","direct.mit.edu","","","","C:\Users\User\Documents\99_Papers\BentleyK et al\Bentley et al_2014_Can Active Perception Generate Bistability.pdf","","","","","","","","","","","","","","","","","","","","","","","","","","","","","","","","","","ALIFE 14: The Fourteenth International Conference on the Synthesis and Simulation of Living Systems","","","","","","","","","","","","","","",""
"9CDPLLWE","conferencePaper","2014","Antonioni, Alberto; Bullock, Seth; Tomassini, Marco","REDS: An Energy-Constrained Spatial Social Network Model","","","","10.1162/978-0-262-32621-6-ch059","https://dx.doi.org/10.1162/978-0-262-32621-6-ch059","","2014-07-01","2024-04-16 01:26:12","2024-04-16 01:26:12","2024-04-16 01:26:12","368-375","","","","","","REDS","","","","","MIT Press","","en","","","","","direct.mit.edu","","","","C:\Users\User\Documents\99_Papers\AntonioniA et al\Antonioni et al_2014_REDS.pdf","","","","","","","","","","","","","","","","","","","","","","","","","","","","","","","","","","ALIFE 14: The Fourteenth International Conference on the Synthesis and Simulation of Living Systems","","","","","","","","","","","","","","",""
"PE6TK6XQ","conferencePaper","2014","Hrolenok, Brian; Maddali, Hanuma; Novitzky, Michael; Balch, Tucker","Inferring Social Structure of Animal Groups from Tracking Data","","","","10.1162/978-0-262-32621-6-ch054","https://dx.doi.org/10.1162/978-0-262-32621-6-ch054","","2014-07-01","2024-04-16 01:26:15","2024-04-16 01:26:15","2024-04-16 01:26:15","336-343","","","","","","","","","","","MIT Press","","en","","","","","direct.mit.edu","","","","C:\Users\User\Documents\99_Papers\HrolenokB et al\Hrolenok et al_2014_Inferring Social Structure of Animal Groups from Tracking Data.pdf","","","","","","","","","","","","","","","","","","","","","","","","","","","","","","","","","","ALIFE 14: The Fourteenth International Conference on the Synthesis and Simulation of Living Systems","","","","","","","","","","","","","","",""
"R8DW9HCI","conferencePaper","2014","Witkowski, Olaf; Aubert, Nathanael","Pseudo-Static Cooperators: Moving Isn't Always about Going Somewhere","","","","10.1162/978-0-262-32621-6-ch062","https://dx.doi.org/10.1162/978-0-262-32621-6-ch062","","2014-07-01","2024-04-16 01:26:17","2024-04-16 01:26:17","2024-04-16 01:26:17","392-397","","","","","","Pseudo-Static Cooperators","","","","","MIT Press","","en","","","","","direct.mit.edu","","","","C:\Users\User\Documents\99_Papers\WitkowskiO_AubertN\Witkowski_Aubert_2014_Pseudo-Static Cooperators.pdf","","","","","","","","","","","","","","","","","","","","","","","","","","","","","","","","","","ALIFE 14: The Fourteenth International Conference on the Synthesis and Simulation of Living Systems","","","","","","","","","","","","","","",""
"BM82UJZL","conferencePaper","2014","Hamann, Heiko","Evolution of Collective Behaviors by Minimizing Surprise","","","","10.1162/978-0-262-32621-6-ch055","https://dx.doi.org/10.1162/978-0-262-32621-6-ch055","","2014-07-01","2024-04-16 01:26:21","2024-04-16 01:26:21","2024-04-16 01:26:21","344-351","","","","","","","","","","","MIT Press","","en","","","","","direct.mit.edu","","","","C:\Users\User\Documents\99_Papers\HamannH\Hamann_2014_Evolution of Collective Behaviors by Minimizing Surprise.pdf","","","","","","","","","","","","","","","","","","","","","","","","","","","","","","","","","","ALIFE 14: The Fourteenth International Conference on the Synthesis and Simulation of Living Systems","","","","","","","","","","","","","","",""
"UHFSDMUM","conferencePaper","2014","Burgos, Andrés; Polani, Daniel","An Informational Study of the Evolution of Codes in Different Population Structures","","","","10.1162/978-0-262-32621-6-ch056","https://dx.doi.org/10.1162/978-0-262-32621-6-ch056","","2014-07-01","2024-04-16 01:26:28","2024-04-16 01:26:28","2024-04-16 01:26:29","352-359","","","","","","","","","","","MIT Press","","en","","","","","direct.mit.edu","","","","C:\Users\User\Documents\99_Papers\BurgosA_PolaniD\Burgos_Polani_2014_An Informational Study of the Evolution of Codes in Different Population.pdf","","","","","","","","","","","","","","","","","","","","","","","","","","","","","","","","","","ALIFE 14: The Fourteenth International Conference on the Synthesis and Simulation of Living Systems","","","","","","","","","","","","","","",""
"PEZKWBN6","conferencePaper","2014","Bersini, Hughes","In Between Schelling and Maynard-Smith","","","","10.1162/978-0-262-32621-6-ch057","https://dx.doi.org/10.1162/978-0-262-32621-6-ch057","","2014-07-01","2024-04-16 01:26:36","2024-04-16 01:26:36","2024-04-16 01:26:36","360-364","","","","","","","","","","","MIT Press","","en","","","","","direct.mit.edu","","","","C:\Users\User\Documents\99_Papers\BersiniH\Bersini_2014_In Between Schelling and Maynard-Smith.pdf","","","","","","","","","","","","","","","","","","","","","","","","","","","","","","","","","","ALIFE 14: The Fourteenth International Conference on the Synthesis and Simulation of Living Systems","","","","","","","","","","","","","","",""
"7M3IMQCA","conferencePaper","2014","Hintze, Arend; Mirmomeni, Masoud","Evolution of Autonomous Hierarchy Formation and Maintenance","","","","10.1162/978-0-262-32621-6-ch058","https://dx.doi.org/10.1162/978-0-262-32621-6-ch058","","2014-07-01","2024-04-16 01:26:38","2024-04-16 01:26:38","2024-04-16 01:26:38","366-367","","","","","","","","","","","MIT Press","","en","","","","","direct.mit.edu","","","","C:\Users\User\Documents\99_Papers\HintzeA_MirmomeniM\Hintze_Mirmomeni_2014_Evolution of Autonomous Hierarchy Formation and Maintenance.pdf","","","","","","","","","","","","","","","","","","","","","","","","","","","","","","","","","","ALIFE 14: The Fourteenth International Conference on the Synthesis and Simulation of Living Systems","","","","","","","","","","","","","","",""
"G48XV7FJ","conferencePaper","2014","Ranjbar-Sahraei, Bijan; Bloembergen, Dean; Ammar, Haitham; Tuyls, Karl; Weiss, Gerhard","Effects of Evolution on the Emergence of Scale Free Networks","","","","10.1162/978-0-262-32621-6-ch060","https://dx.doi.org/10.1162/978-0-262-32621-6-ch060","","2014-07-01","2024-04-16 01:26:42","2024-04-16 01:26:42","2024-04-16 01:26:42","376-383","","","","","","","","","","","MIT Press","","en","","","","","direct.mit.edu","","","","C:\Users\User\Documents\99_Papers\Ranjbar-SahraeiB et al\Ranjbar-Sahraei et al_2014_Effects of Evolution on the Emergence of Scale Free Networks.pdf","","","","","","","","","","","","","","","","","","","","","","","","","","","","","","","","","","ALIFE 14: The Fourteenth International Conference on the Synthesis and Simulation of Living Systems","","","","","","","","","","","","","","",""
"45IQAZFG","conferencePaper","2014","Gladden, Matthew","The Artificial Life-Form As Entrepreneur: Synthetic Organism-Enterprises and the Reconceptualization of Business","","","","10.1162/978-0-262-32621-6-ch067","https://dx.doi.org/10.1162/978-0-262-32621-6-ch067","","2014-07-01","2024-04-16 01:26:44","2024-04-16 01:26:44","2024-04-16 01:26:44","417-418","","","","","","The Artificial Life-Form As Entrepreneur","","","","","MIT Press","","en","","","","","direct.mit.edu","","","","C:\Users\User\Documents\99_Papers\GladdenM\Gladden_2014_The Artificial Life-Form As Entrepreneur.pdf","","","","","","","","","","","","","","","","","","","","","","","","","","","","","","","","","","ALIFE 14: The Fourteenth International Conference on the Synthesis and Simulation of Living Systems","","","","","","","","","","","","","","",""
"XXHHMXJ5","conferencePaper","2014","Haruna, Taichi; Tanaka, Sayaka","On the Relationship between Local Rewiring Rules and Stationary Out-Degree Distributions in Adaptive Random Boolean Network Models","","","","10.1162/978-0-262-32621-6-ch068","https://dx.doi.org/10.1162/978-0-262-32621-6-ch068","","2014-07-01","2024-04-16 01:26:45","2024-04-16 01:26:45","2024-04-16 01:26:45","420-426","","","","","","","","","","","MIT Press","","en","","","","","direct.mit.edu","","","","C:\Users\User\Documents\99_Papers\HarunaT_TanakaS\Haruna_Tanaka_2014_On the Relationship between Local Rewiring Rules and Stationary Out-Degree.pdf","","","","","","","","","","","","","","","","","","","","","","","","","","","","","","","","","","ALIFE 14: The Fourteenth International Conference on the Synthesis and Simulation of Living Systems","","","","","","","","","","","","","","",""
"YZ9TTGUH","conferencePaper","2014","Silverman, Eric; Bijak, Jakub; Courgeau, Daniel; Franck, Robert","Advancing Social Simulation: Lessons from Demography","","","","10.1162/978-0-262-32621-6-ch061","https://dx.doi.org/10.1162/978-0-262-32621-6-ch061","","2014-07-01","2024-04-16 01:26:47","2024-04-16 01:26:47","2024-04-16 01:26:47","384-391","","","","","","Advancing Social Simulation","","","","","MIT Press","","en","","","","","direct.mit.edu","","","","C:\Users\User\Documents\99_Papers\SilvermanE et al\Silverman et al_2014_Advancing Social Simulation.pdf","","","","","","","","","","","","","","","","","","","","","","","","","","","","","","","","","","ALIFE 14: The Fourteenth International Conference on the Synthesis and Simulation of Living Systems","","","","","","","","","","","","","","",""
"XDK2GIBL","conferencePaper","2014","Ichinose, Genki; Sayama, Hiroki","Invasion of Cooperation in Scale-Free Networks: Accumulated vs. Average Payoffs","","","","10.1162/978-0-262-32621-6-ch063","https://dx.doi.org/10.1162/978-0-262-32621-6-ch063","","2014-07-01","2024-04-16 01:26:50","2024-04-16 01:26:50","2024-04-16 01:26:50","398-399","","","","","","Invasion of Cooperation in Scale-Free Networks","","","","","MIT Press","","en","","","","","direct.mit.edu","","","","C:\Users\User\Documents\99_Papers\IchinoseG_SayamaH\Ichinose_Sayama_2014_Invasion of Cooperation in Scale-Free Networks.pdf","","","","","","","","","","","","","","","","","","","","","","","","","","","","","","","","","","ALIFE 14: The Fourteenth International Conference on the Synthesis and Simulation of Living Systems","","","","","","","","","","","","","","",""
"XS4YVPCL","conferencePaper","2014","Jung, Jiin; Bramson, Aaron","An Agent-Based Model of Indirect Minority Influence on Social Change","","","","10.1162/978-0-262-32621-6-ch064","https://dx.doi.org/10.1162/978-0-262-32621-6-ch064","","2014-07-01","2024-04-16 01:26:53","2024-04-16 01:26:53","2024-04-16 01:26:53","400-407","","","","","","","","","","","MIT Press","","en","","","","","direct.mit.edu","","","","C:\Users\User\Documents\99_Papers\JungJ_BramsonA\Jung_Bramson_2014_An Agent-Based Model of Indirect Minority Influence on Social Change.pdf","","","","","","","","","","","","","","","","","","","","","","","","","","","","","","","","","","ALIFE 14: The Fourteenth International Conference on the Synthesis and Simulation of Living Systems","","","","","","","","","","","","","","",""
"BJ9AAYP5","conferencePaper","2014","Gonzalez, Miguel; Watson, Richard; Noble, Jason; Bullock, Seth","The Origin of Culture: Selective Conditions for Horizontal Information Transfer","","","","10.1162/978-0-262-32621-6-ch065","https://dx.doi.org/10.1162/978-0-262-32621-6-ch065","","2014-07-01","2024-04-16 01:26:58","2024-04-16 01:26:58","2024-04-16 01:26:58","408-414","","","","","","The Origin of Culture","","","","","MIT Press","","en","","","","","direct.mit.edu","","","","C:\Users\User\Documents\99_Papers\GonzalezM et al\Gonzalez et al_2014_The Origin of Culture.pdf","","","","","","","","","","","","","","","","","","","","","","","","","","","","","","","","","","ALIFE 14: The Fourteenth International Conference on the Synthesis and Simulation of Living Systems","","","","","","","","","","","","","","",""
"6KXENKRR","conferencePaper","2014","Azumagakito, Tsubasa; Suzuki, Reiji; Arita, Takaya","Gene-Culture Coevolution of Language: Measurement-Interval Dependence of Evolutionary Rate","","","","10.1162/978-0-262-32621-6-ch066","https://dx.doi.org/10.1162/978-0-262-32621-6-ch066","","2014-07-01","2024-04-16 01:27:02","2024-04-16 01:27:02","2024-04-16 01:27:02","415-416","","","","","","Gene-Culture Coevolution of Language","","","","","MIT Press","","en","","","","","direct.mit.edu","","","","C:\Users\User\Documents\99_Papers\AzumagakitoT et al\Azumagakito et al_2014_Gene-Culture Coevolution of Language.pdf","","","","","","","","","","","","","","","","","","","","","","","","","","","","","","","","","","ALIFE 14: The Fourteenth International Conference on the Synthesis and Simulation of Living Systems","","","","","","","","","","","","","","",""
"JZIRZEHV","conferencePaper","2014","Lakhman, Konstantin; Burtsev, Mikhail","Evolution, Development and Learning with Predictor Neural Networks","","","","10.1162/978-0-262-32621-6-ch075","https://dx.doi.org/10.1162/978-0-262-32621-6-ch075","","2014-07-01","2024-04-16 01:27:03","2024-04-16 01:27:03","2024-04-16 01:27:03","457-464","","","","","","","","","","","MIT Press","","en","","","","","direct.mit.edu","","","","C:\Users\User\Documents\99_Papers\LakhmanK_BurtsevM\Lakhman_Burtsev_2014_Evolution, Development and Learning with Predictor Neural Networks.pdf","","","","","","","","","","","","","","","","","","","","","","","","","","","","","","","","","","ALIFE 14: The Fourteenth International Conference on the Synthesis and Simulation of Living Systems","","","","","","","","","","","","","","",""
"DSET6C2U","conferencePaper","2014","Auerbach, Joshua; Fernando, Chrisantha; Floreano, Dario","Online Extreme Evolutionary Learning Machines","","","","10.1162/978-0-262-32621-6-ch076","https://dx.doi.org/10.1162/978-0-262-32621-6-ch076","","2014-07-01","2024-04-16 01:27:05","2024-04-16 01:27:05","2024-04-16 01:27:05","465-472","","","","","","","","","","","MIT Press","","en","","","","","direct.mit.edu","","","","C:\Users\User\Documents\99_Papers\AuerbachJ et al\Auerbach et al_2014_Online Extreme Evolutionary Learning Machines.pdf","","","","","","","","","","","","","","","","","","","","","","","","","","","","","","","","","","ALIFE 14: The Fourteenth International Conference on the Synthesis and Simulation of Living Systems","","","","","","","","","","","","","","",""
"G5XRBKH5","conferencePaper","2014","Zapata, Octavio; Gershenson, Carlos","Random Fuzzy Networks","","","","10.1162/978-0-262-32621-6-ch069","https://dx.doi.org/10.1162/978-0-262-32621-6-ch069","","2014-07-01","2024-04-16 01:27:08","2024-04-16 01:27:08","2024-04-16 01:27:08","427-428","","","","","","","","","","","MIT Press","","en","","","","","direct.mit.edu","","","","C:\Users\User\Documents\99_Papers\ZapataO_GershensonC\Zapata_Gershenson_2014_Random Fuzzy Networks.pdf","","","","","","","","","","","","","","","","","","","","","","","","","","","","","","","","","","ALIFE 14: The Fourteenth International Conference on the Synthesis and Simulation of Living Systems","","","","","","","","","","","","","","",""
"2UBGUADR","conferencePaper","2014","Gates, Alexander; Rocha, Luis","Structure and Dynamics Affect the Controlability of Complex Systems: A Preliminary Study","","","","10.1162/978-0-262-32621-6-ch070","https://dx.doi.org/10.1162/978-0-262-32621-6-ch070","","2014-07-01","2024-04-16 01:27:12","2024-04-16 01:27:12","2024-04-16 01:27:12","429-430","","","","","","Structure and Dynamics Affect the Controlability of Complex Systems","","","","","MIT Press","","en","","","","","direct.mit.edu","","","","C:\Users\User\Documents\99_Papers\GatesA_RochaL\Gates_Rocha_2014_Structure and Dynamics Affect the Controlability of Complex Systems.pdf","","","","","","","","","","","","","","","","","","","","","","","","","","","","","","","","","","ALIFE 14: The Fourteenth International Conference on the Synthesis and Simulation of Living Systems","","","","","","","","","","","","","","",""
"KRXBRGHE","conferencePaper","2014","Howard, David; Elfes, Alberto","Evolving Spiking Networks for Turbulence-Tolerant Quadrotor Control","","","","10.1162/978-0-262-32621-6-ch071","https://dx.doi.org/10.1162/978-0-262-32621-6-ch071","","2014-07-01","2024-04-16 01:27:17","2024-04-16 01:27:17","2024-04-16 01:27:17","431-438","","","","","","","","","","","MIT Press","","en","","","","","direct.mit.edu","","","","C:\Users\User\Documents\99_Papers\HowardD_ElfesA\Howard_Elfes_2014_Evolving Spiking Networks for Turbulence-Tolerant Quadrotor Control.pdf","","","","","","","","","","","","","","","","","","","","","","","","","","","","","","","","","","ALIFE 14: The Fourteenth International Conference on the Synthesis and Simulation of Living Systems","","","","","","","","","","","","","","",""
"B5KM9TQM","conferencePaper","2014","Li, Xun; Miikkulainen, Risto","Evolving Multimodal Behavior Through Subtask and Switch Neural Networks","","","","10.1162/978-0-262-32621-6-ch072","https://dx.doi.org/10.1162/978-0-262-32621-6-ch072","","2014-07-01","2024-04-16 01:27:18","2024-04-16 01:27:18","2024-04-16 01:27:18","439-446","","","","","","","","","","","MIT Press","","en","","","","","direct.mit.edu","","","","C:\Users\User\Documents\99_Papers\LiX_MiikkulainenR\Li_Miikkulainen_2014_Evolving Multimodal Behavior Through Subtask and Switch Neural Networks.pdf","","","","","","","","","","","","","","","","","","","","","","","","","","","","","","","","","","ALIFE 14: The Fourteenth International Conference on the Synthesis and Simulation of Living Systems","","","","","","","","","","","","","","",""
"364ZJ7AU","conferencePaper","2014","Fontana, Alessandro; Soltoggio, Andrea; Wróbel, Borys","POET: An Evo-Devo Method to Optimize the Weights of Large Artificial Neural Networks","","","","10.1162/978-0-262-32621-6-ch073","https://dx.doi.org/10.1162/978-0-262-32621-6-ch073","","2014-07-01","2024-04-16 01:27:21","2024-04-16 01:27:21","2024-04-16 01:27:21","447-454","","","","","","POET","","","","","MIT Press","","en","","","","","direct.mit.edu","","","","C:\Users\User\Documents\99_Papers\FontanaA et al\Fontana et al_2014_POET.pdf","","","","","","","","","","","","","","","","","","","","","","","","","","","","","","","","","","ALIFE 14: The Fourteenth International Conference on the Synthesis and Simulation of Living Systems","","","","","","","","","","","","","","",""
"ZE6WE5KV","conferencePaper","2014","Mouret, Jean-Baptiste; Tonelli, Paul","Abstract of: “On the Relationship between Generative Encodings, Regularity, and Learning Abilities when Evolving Plastic Artificial Networks”","","","","10.1162/978-0-262-32621-6-ch074","https://dx.doi.org/10.1162/978-0-262-32621-6-ch074","","2014-07-01","2024-04-16 01:27:26","2024-04-16 01:27:26","2024-04-16 01:27:26","455-456","","","","","","Abstract of","","","","","MIT Press","","en","","","","","direct.mit.edu","","","","C:\Users\User\Documents\99_Papers\MouretJ_TonelliP\Mouret_Tonelli_2014_Abstract of.pdf","","","","","","","","","","","","","","","","","","","","","","","","","","","","","","","","","","ALIFE 14: The Fourteenth International Conference on the Synthesis and Simulation of Living Systems","","","","","","","","","","","","","","",""
"KAR5ERZT","conferencePaper","2014","Headleand, Christopher; Cenydd, Llyr; Teahan, William","Berry Eaters: Learning Color Concepts with Template Based Evolution","","","","10.1162/978-0-262-32621-6-ch077","https://dx.doi.org/10.1162/978-0-262-32621-6-ch077","","2014-07-01","2024-04-16 01:31:33","2024-04-16 01:31:33","2024-04-16 01:31:33","473-480","","","","","","Berry Eaters","","","","","MIT Press","","en","","","","","direct.mit.edu","","","","C:\Users\User\Documents\99_Papers\HeadleandC et al\Headleand et al_2014_Berry Eaters.pdf","","","","","","","","","","","","","","","","","","","","","","","","","","","","","","","","","","ALIFE 14: The Fourteenth International Conference on the Synthesis and Simulation of Living Systems","","","","","","","","","","","","","","",""
"RMLG6NC5","conferencePaper","2014","Banda, Peter; Teuscher, Christof","An Analog Chemical Circuit with Parallel-Accessible Delay Line for Learning Temporal Tasks","","","","10.1162/978-0-262-32621-6-ch078","https://dx.doi.org/10.1162/978-0-262-32621-6-ch078","","2014-07-01","2024-04-16 01:31:35","2024-04-16 01:31:35","2024-04-16 01:31:35","482-489","","","","","","","","","","","MIT Press","","en","","","","","direct.mit.edu","","","","C:\Users\User\Documents\99_Papers\BandaP_TeuscherC\Banda_Teuscher_2014_An Analog Chemical Circuit with Parallel-Accessible Delay Line for Learning.pdf","","","","","","","","","","","","","","","","","","","","","","","","","","","","","","","","","","ALIFE 14: The Fourteenth International Conference on the Synthesis and Simulation of Living Systems","","","","","","","","","","","","","","",""
"4A7DRUU2","conferencePaper","2014","Kauffman, Louis; Buliga, Marius","Chemlambda, Universality and Self-Multiplication","","","","10.1162/978-0-262-32621-6-ch079","https://dx.doi.org/10.1162/978-0-262-32621-6-ch079","","2014-07-01","2024-04-16 01:31:37","2024-04-16 01:31:37","2024-04-16 01:31:37","490-497","","","","","","","","","","","MIT Press","","en","","","","","direct.mit.edu","","","","C:\Users\User\Documents\99_Papers\KauffmanL_BuligaM\Kauffman_Buliga_2014_Chemlambda, Universality and Self-Multiplication.pdf","","","","","","","","","","","","","","","","","","","","","","","","","","","","","","","","","","ALIFE 14: The Fourteenth International Conference on the Synthesis and Simulation of Living Systems","","","","","","","","","","","","","","",""
"9B34J67J","conferencePaper","2014","Virgo, Nathaniel; McGregor, Simon; Ikegami, Takashi","Self-Organising Autocatalysis","","","","10.1162/978-0-262-32621-6-ch080","https://dx.doi.org/10.1162/978-0-262-32621-6-ch080","","2014-07-01","2024-04-16 01:31:38","2024-04-16 01:31:38","2024-04-16 01:31:38","498-505","","","","","","","","","","","MIT Press","","en","","","","","direct.mit.edu","","","","C:\Users\User\Documents\99_Papers\VirgoN et al\Virgo et al_2014_Self-Organising Autocatalysis.pdf","","","","","","","","","","","","","","","","","","","","","","","","","","","","","","","","","","ALIFE 14: The Fourteenth International Conference on the Synthesis and Simulation of Living Systems","","","","","","","","","","","","","","",""
"84DHRZI6","conferencePaper","2014","Nellis, Adam; Stepney, Susan","Phenomena, Mechanisms, Worlds","","","","10.1162/978-0-262-32621-6-ch081","https://dx.doi.org/10.1162/978-0-262-32621-6-ch081","","2014-07-01","2024-04-16 01:31:41","2024-04-16 01:31:41","2024-04-16 01:31:41","506-513","","","","","","","","","","","MIT Press","","en","","","","","direct.mit.edu","","","","C:\Users\User\Documents\99_Papers\NellisA_StepneyS\Nellis_Stepney_2014_Phenomena, Mechanisms, Worlds.pdf","","","","","","","","","","","","","","","","","","","","","","","","","","","","","","","","","","ALIFE 14: The Fourteenth International Conference on the Synthesis and Simulation of Living Systems","","","","","","","","","","","","","","",""
"UEX4JKVG","conferencePaper","2014","Agmon, Eran; Gates, Alexander; Churavy, Valentin; Beer, Randall","Quantifying Robustness in a Spatial Model of Metabolism-Boundary Co-Construction","","","","10.1162/978-0-262-32621-6-ch082","https://dx.doi.org/10.1162/978-0-262-32621-6-ch082","","2014-07-01","2024-04-16 01:31:47","2024-04-16 01:31:47","2024-04-16 01:31:47","514-521","","","","","","","","","","","MIT Press","","en","","","","","direct.mit.edu","","","","C:\Users\User\Documents\99_Papers\AgmonE et al\Agmon et al_2014_Quantifying Robustness in a Spatial Model of Metabolism-Boundary Co-Construction.pdf","","","","","","","","","","","","","","","","","","","","","","","","","","","","","","","","","","ALIFE 14: The Fourteenth International Conference on the Synthesis and Simulation of Living Systems","","","","","","","","","","","","","","",""
"LKSGDT99","conferencePaper","2014","Pavlic, Theodore; Adams, Alyssa; Davies, Paul; Walker, Sara","Self-Referencing Cellular Automata: A Model of the Evolution of Information Control in Biological Systems","","","","10.1162/978-0-262-32621-6-ch083","https://dx.doi.org/10.1162/978-0-262-32621-6-ch083","","2014-07-01","2024-04-16 01:31:49","2024-04-16 01:31:49","2024-04-16 01:31:49","522-529","","","","","","Self-Referencing Cellular Automata","","","","","MIT Press","","en","","","","","direct.mit.edu","","","","C:\Users\User\Documents\99_Papers\PavlicT et al\Pavlic et al_2014_Self-Referencing Cellular Automata.pdf","","","","","","","","","","","","","","","","","","","","","","","","","","","","","","","","","","ALIFE 14: The Fourteenth International Conference on the Synthesis and Simulation of Living Systems","","","","","","","","","","","","","","",""
"68FCMXZ8","conferencePaper","2014","Disset, Jean; Cussat-Blanc, Sylvain; Duthen, Yves","Self-Organization of Symbiotic Multicellular Structures","","","","10.1162/978-0-262-32621-6-ch087","https://dx.doi.org/10.1162/978-0-262-32621-6-ch087","","2014-07-01","2024-04-16 01:31:50","2024-04-16 01:31:50","2024-04-16 01:31:50","541-548","","","","","","","","","","","MIT Press","","en","","","","","direct.mit.edu","","","","C:\Users\User\Documents\99_Papers\DissetJ et al\Disset et al_2014_Self-Organization of Symbiotic Multicellular Structures.pdf","","","","","","","","","","","","","","","","","","","","","","","","","","","","","","","","","","ALIFE 14: The Fourteenth International Conference on the Synthesis and Simulation of Living Systems","","","","","","","","","","","","","","",""
"EZVLDQ9H","conferencePaper","2014","Virgo, Nathaniel; Ikegami, Takashi","There Can Be Only One: Reversible Cellular Automata and the Conservation of Genki","","","","10.1162/978-0-262-32621-6-ch084","https://dx.doi.org/10.1162/978-0-262-32621-6-ch084","","2014-07-01","2024-04-16 01:31:51","2024-04-16 01:31:51","2024-04-16 01:31:51","530-531","","","","","","There Can Be Only One","","","","","MIT Press","","en","","","","","direct.mit.edu","","","","C:\Users\User\Documents\99_Papers\VirgoN_IkegamiT\Virgo_Ikegami_2014_There Can Be Only One.pdf","","","","","","","","","","","","","","","","","","","","","","","","","","","","","","","","","","ALIFE 14: The Fourteenth International Conference on the Synthesis and Simulation of Living Systems","","","","","","","","","","","","","","",""
"N47452ZG","conferencePaper","2014","Wang, Oliver; Doursat, Rene; Bourgine, Paul","A Hybrid Off/On-Lattice Model of Emergence and Maintenance Autopoiesis","","","","10.1162/978-0-262-32621-6-ch085","https://dx.doi.org/10.1162/978-0-262-32621-6-ch085","","2014-07-01","2024-04-16 01:31:53","2024-04-16 01:31:53","2024-04-16 01:31:53","532-538","","","","","","","","","","","MIT Press","","en","","","","","direct.mit.edu","","","","C:\Users\User\Documents\99_Papers\WangO et al\Wang et al_2014_A Hybrid Off-On-Lattice Model of Emergence and Maintenance Autopoiesis.pdf","","","","","","","","","","","","","","","","","","","","","","","","","","","","","","","","","","ALIFE 14: The Fourteenth International Conference on the Synthesis and Simulation of Living Systems","","","","","","","","","","","","","","",""
"EH4BW4B6","conferencePaper","2014","Mitsui, Masayoshi; Masumori, Atsushi; Asakura, Ryo; Tanaka, Hiroya","Applying Self-Assembly and Self-Reconfigurable Systems for Printer","","","","10.1162/978-0-262-32621-6-ch086","https://dx.doi.org/10.1162/978-0-262-32621-6-ch086","","2014-07-01","2024-04-16 01:31:54","2024-04-16 01:31:54","2024-04-16 01:31:54","539-540","","","","","","","","","","","MIT Press","","en","","","","","direct.mit.edu","","","","C:\Users\User\Documents\99_Papers\MitsuiM et al\Mitsui et al_2014_Applying Self-Assembly and Self-Reconfigurable Systems for Printer.pdf","","","","","","","","","","","","","","","","","","","","","","","","","","","","","","","","","","ALIFE 14: The Fourteenth International Conference on the Synthesis and Simulation of Living Systems","","","","","","","","","","","","","","",""
"TTQVWR5K","conferencePaper","2014","Kim, Hyunju; Davies, Paul; Walker, Sara","Informational Architecture of the Fission Yeast Cell Cycle Regulatory Network","","","","10.1162/978-0-262-32621-6-ch092","https://dx.doi.org/10.1162/978-0-262-32621-6-ch092","","2014-07-01","2024-04-16 01:31:56","2024-04-16 01:31:56","2024-04-16 01:31:56","569-570","","","","","","","","","","","MIT Press","","en","","","","","direct.mit.edu","","","","C:\Users\User\Documents\99_Papers\KimH et al\Kim et al_2014_Informational Architecture of the Fission Yeast Cell Cycle Regulatory Network.pdf","","","","","","","","","","","","","","","","","","","","","","","","","","","","","","","","","","ALIFE 14: The Fourteenth International Conference on the Synthesis and Simulation of Living Systems","","","","","","","","","","","","","","",""
"8CH6IUWN","conferencePaper","2014","Pentz, Jennifer; Travisano, Michael; Ratcliff, William","Clonal Development is Evolutionarily Superior to Aggregation in Wild-Collected Saccharomyces cerevisiae","","","","10.1162/978-0-262-32621-6-ch088","https://dx.doi.org/10.1162/978-0-262-32621-6-ch088","","2014-07-01","2024-04-16 01:32:00","2024-04-16 01:32:00","2024-04-16 01:32:00","550-554","","","","","","","","","","","MIT Press","","en","","","","","direct.mit.edu","","","","C:\Users\User\Documents\99_Papers\PentzJ et al\Pentz et al_2014_Clonal Development is Evolutionarily Superior to Aggregation in Wild-Collected.pdf","","","","","","","","","","","","","","","","","","","","","","","","","","","","","","","","","","ALIFE 14: The Fourteenth International Conference on the Synthesis and Simulation of Living Systems","","","","","","","","","","","","","","",""
"VLIN5MX8","conferencePaper","2014","Caschera, Filippo; Noireaux, Vincent","A Novel in Vitro Metabolic Scheme for the Construction of a Minimal Biological Cell","","","","10.1162/978-0-262-32621-6-ch089","https://dx.doi.org/10.1162/978-0-262-32621-6-ch089","","2014-07-01","2024-04-16 01:32:04","2024-04-16 01:32:04","2024-04-16 01:32:04","555-556","","","","","","","","","","","MIT Press","","en","","","","","direct.mit.edu","","","","C:\Users\User\Documents\99_Papers\CascheraF_NoireauxV\Caschera_Noireaux_2014_A Novel in Vitro Metabolic Scheme for the Construction of a Minimal Biological.pdf","","","","","","","","","","","","","","","","","","","","","","","","","","","","","","","","","","ALIFE 14: The Fourteenth International Conference on the Synthesis and Simulation of Living Systems","","","","","","","","","","","","","","",""
"JCVIGCQS","conferencePaper","2014","Andersen, Jakob; Flamm, Christoph; Hanczyc, Martin; Merkle, Daniel","Towards an Optimal DNA-Templated Molecular Assembler","","","","10.1162/978-0-262-32621-6-ch090","https://dx.doi.org/10.1162/978-0-262-32621-6-ch090","","2014-07-01","2024-04-16 01:32:07","2024-04-16 01:32:07","2024-04-16 01:32:07","557-564","","","","","","","","","","","MIT Press","","en","","","","","direct.mit.edu","","","","C:\Users\User\Documents\99_Papers\AndersenJ et al\Andersen et al_2014_Towards an Optimal DNA-Templated Molecular Assembler.pdf","","","","","","","","","","","","","","","","","","","","","","","","","","","","","","","","","","ALIFE 14: The Fourteenth International Conference on the Synthesis and Simulation of Living Systems","","","","","","","","","","","","","","",""
"P7TZT2U3","conferencePaper","2014","Suzuki, Tomohiro; Suzuki, Yasuhiro","Modeling and Evaluating the Process of Creating Paintings with Evolution Computing","","","","10.1162/978-0-262-32621-6-ch093","https://dx.doi.org/10.1162/978-0-262-32621-6-ch093","","2014-07-01","2024-04-16 01:32:10","2024-04-16 01:32:10","2024-04-16 01:32:10","572-579","","","","","","","","","","","MIT Press","","en","","","","","direct.mit.edu","","","","C:\Users\User\Documents\99_Papers\SuzukiT_SuzukiY\Suzuki_Suzuki_2014_Modeling and Evaluating the Process of Creating Paintings with Evolution.pdf","","","","","","","","","","","","","","","","","","","","","","","","","","","","","","","","","","ALIFE 14: The Fourteenth International Conference on the Synthesis and Simulation of Living Systems","","","","","","","","","","","","","","",""
"3C8YLR4U","conferencePaper","2014","García, Rubén; García Sánchez, Pablo; Mora, Antonio; Merelo, J.","My Life as a Sim: Evolving Unique and Engaging Life Stories Using Virtual Worlds","","","","10.1162/978-0-262-32621-6-ch094","https://dx.doi.org/10.1162/978-0-262-32621-6-ch094","","2014-07-01","2024-04-16 01:32:12","2024-04-16 01:32:12","2024-04-16 01:32:12","580-587","","","","","","My Life as a Sim","","","","","MIT Press","","en","","","","","direct.mit.edu","","","","C:\Users\User\Documents\99_Papers\GarcíaR et al\García et al_2014_My Life as a Sim.pdf","","","","","","","","","","","","","","","","","","","","","","","","","","","","","","","","","","ALIFE 14: The Fourteenth International Conference on the Synthesis and Simulation of Living Systems","","","","","","","","","","","","","","",""
"IJH8GJNY","conferencePaper","2014","Barreto, Nuno; Macedo, Luís; Roque, Licínio","MultiAgent System Architecture in Orphibs II","","","","10.1162/978-0-262-32621-6-ch095","https://dx.doi.org/10.1162/978-0-262-32621-6-ch095","","2014-07-01","2024-04-16 01:32:14","2024-04-16 01:32:14","2024-04-16 01:32:14","588-595","","","","","","","","","","","MIT Press","","en","","","","","direct.mit.edu","","","","C:\Users\User\Documents\99_Papers\BarretoN et al\Barreto et al_2014_MultiAgent System Architecture in Orphibs II.pdf","","","","","","","","","","","","","","","","","","","","","","","","","","","","","","","","","","ALIFE 14: The Fourteenth International Conference on the Synthesis and Simulation of Living Systems","","","","","","","","","","","","","","",""
"FUV37U62","conferencePaper","2014","Fahmy, Mostafa","Artificial Life and the Philosophy of Science","","","","10.1162/978-0-262-32621-6-ch096","https://dx.doi.org/10.1162/978-0-262-32621-6-ch096","","2014-07-01","2024-04-16 01:32:17","2024-04-16 01:32:17","2024-04-16 01:32:17","596-601","","","","","","","","","","","MIT Press","","en","","","","","direct.mit.edu","","","","C:\Users\User\Documents\99_Papers\FahmyM\Fahmy_2014_Artificial Life and the Philosophy of Science.pdf","","","","","","","","","","","","","","","","","","","","","","","","","","","","","","","","","","ALIFE 14: The Fourteenth International Conference on the Synthesis and Simulation of Living Systems","","","","","","","","","","","","","","",""
"IS8EGX5F","conferencePaper","2014","Ackley, David; Small, Trent","Indefinitely Scalable Computing = Artificial Life Engineering","","","","10.1162/978-0-262-32621-6-ch098","https://dx.doi.org/10.1162/978-0-262-32621-6-ch098","","2014-07-01","2024-04-16 01:32:25","2024-04-16 01:32:25","2024-04-16 01:32:25","606-613","","","","","","","","","","","MIT Press","","en","","","","","direct.mit.edu","","","","C:\Users\User\Documents\99_Papers\AckleyD_SmallT\Ackley_Small_2014_Indefinitely Scalable Computing = Artificial Life Engineering.pdf","","","","","","","","","","","","","","","","","","","","","","","","","","","","","","","","","","ALIFE 14: The Fourteenth International Conference on the Synthesis and Simulation of Living Systems","","","","","","","","","","","","","","",""
"8VYD2FMW","conferencePaper","2014","Stettiner, Orly","Complex ALife Simulations: From Generating Life-like Behaviors to Predicting Real-life Phenomena","","","","10.1162/978-0-262-32621-6-ch097","https://dx.doi.org/10.1162/978-0-262-32621-6-ch097","","2014-07-01","2024-04-16 01:32:29","2024-04-16 01:32:29","2024-04-16 01:32:30","602-603","","","","","","Complex ALife Simulations","","","","","MIT Press","","en","","","","","direct.mit.edu","","","","C:\Users\User\Documents\99_Papers\StettinerO\Stettiner_2014_Complex ALife Simulations.pdf","","","","","","","","","","","","","","","","","","","","","","","","","","","","","","","","","","ALIFE 14: The Fourteenth International Conference on the Synthesis and Simulation of Living Systems","","","","","","","","","","","","","","",""
"BIHHNILS","conferencePaper","2014","Butler, James; Alden, Kieran; Fernandes, Henrique; Timmis, Jon; Coles, Mark","Novel Approaches to the Visualization and Quantification of Biological Simulations by Emulating Experimental Techniques","","","","10.1162/978-0-262-32621-6-ch099","https://dx.doi.org/10.1162/978-0-262-32621-6-ch099","","2014-07-01","2024-04-16 01:32:31","2024-04-16 01:32:31","2024-04-16 01:32:31","614-621","","","","","","","","","","","MIT Press","","en","","","","","direct.mit.edu","","","","C:\Users\User\Documents\99_Papers\ButlerJ et al\Butler et al_2014_Novel Approaches to the Visualization and Quantification of Biological.pdf","","","","","","","","","","","","","","","","","","","","","","","","","","","","","","","","","","ALIFE 14: The Fourteenth International Conference on the Synthesis and Simulation of Living Systems","","","","","","","","","","","","","","",""
"ZA4E4KPG","conferencePaper","2014","Alden, Kieran; Timmis, Jon; Coles, Mark","Easing Parameter Sensitivity Analysis of Netlogo Simulations Using SPARTAN","","","","10.1162/978-0-262-32621-6-ch100","https://dx.doi.org/10.1162/978-0-262-32621-6-ch100","","2014-07-01","2024-04-16 01:32:33","2024-04-16 01:32:33","2024-04-16 01:32:33","622-628","","","","","","","","","","","MIT Press","","en","","","","","direct.mit.edu","","","","C:\Users\User\Documents\99_Papers\AldenK et al\Alden et al_2014_Easing Parameter Sensitivity Analysis of Netlogo Simulations Using SPARTAN.pdf","","","","","","","","","","","","","","","","","","","","","","","","","","","","","","","","","","ALIFE 14: The Fourteenth International Conference on the Synthesis and Simulation of Living Systems","","","","","","","","","","","","","","",""
"9FIR6N9G","conferencePaper","2014","Grouchy, Paul; D'Eleuterio, Gabrielle","Evolving Autonomous Agent Controllers as Analytical Mathematical Models","","","","10.1162/978-0-262-32621-6-ch108","https://dx.doi.org/10.1162/978-0-262-32621-6-ch108","","2014-07-01","2024-04-16 01:32:34","2024-04-16 01:32:34","2024-04-16 01:32:34","681-688","","","","","","","","","","","MIT Press","","en","","","","","direct.mit.edu","","","","C:\Users\User\Documents\99_Papers\GrouchyP_D'EleuterioG\Grouchy_D'Eleuterio_2014_Evolving Autonomous Agent Controllers as Analytical Mathematical Models.pdf","","","","","","","","","","","","","","","","","","","","","","","","","","","","","","","","","","ALIFE 14: The Fourteenth International Conference on the Synthesis and Simulation of Living Systems","","","","","","","","","","","","","","",""
"FZ8WBRHU","conferencePaper","2014","Ma, Xinpei; Sayama, Hiroki","Hierarchical Heterogeneuous Particle Swarm Optimization","","","","10.1162/978-0-262-32621-6-ch101","https://dx.doi.org/10.1162/978-0-262-32621-6-ch101","","2014-07-01","2024-04-16 01:32:36","2024-04-16 01:32:36","2024-04-16 01:32:36","629-638","","","","","","","","","","","MIT Press","","en","","","","","direct.mit.edu","","","","C:\Users\User\Documents\99_Papers\MaX_SayamaH\Ma_Sayama_2014_Hierarchical Heterogeneuous Particle Swarm Optimization.pdf","","","","","","","","","","","","","","","","","","","","","","","","","","","","","","","","","","ALIFE 14: The Fourteenth International Conference on the Synthesis and Simulation of Living Systems","","","","","","","","","","","","","","",""
"MV74ZG3V","conferencePaper","2014","Eita, Mohammed; Shoukry, Amine; Iba, Hitoshi","Constrained Group Counseling Optimization","","","","10.1162/978-0-262-32621-6-ch102","https://dx.doi.org/10.1162/978-0-262-32621-6-ch102","","2014-07-01","2024-04-16 01:32:38","2024-04-16 01:32:38","2024-04-16 01:32:38","631-638","","","","","","","","","","","MIT Press","","en","","","","","direct.mit.edu","","","","C:\Users\User\Documents\99_Papers\EitaM et al\Eita et al_2014_Constrained Group Counseling Optimization.pdf","","","","","","","","","","","","","","","","","","","","","","","","","","","","","","","","","","ALIFE 14: The Fourteenth International Conference on the Synthesis and Simulation of Living Systems","","","","","","","","","","","","","","",""
"YBUSYB3T","conferencePaper","2014","Biswas, Ritwik; Bryson, David; Ofria, Charles; Wagner, Aaron","Causes vs Benefits in the Evolution of Prey Grouping","","","","10.1162/978-0-262-32621-6-ch103","https://dx.doi.org/10.1162/978-0-262-32621-6-ch103","","2014-07-01","2024-04-16 01:32:43","2024-04-16 01:32:43","2024-04-16 01:32:43","641-648","","","","","","","","","","","MIT Press","","en","","","","","direct.mit.edu","","","","C:\Users\User\Documents\99_Papers\BiswasR et al\Biswas et al_2014_Causes vs Benefits in the Evolution of Prey Grouping.pdf","","","","","","","","","","","","","","","","","","","","","","","","","","","","","","","","","","ALIFE 14: The Fourteenth International Conference on the Synthesis and Simulation of Living Systems","","","","","","","","","","","","","","",""
"HRSISGFC","conferencePaper","2014","Ellefsen, Kai","The Evolution of Learning Under Environmental Variability","","","","10.1162/978-0-262-32621-6-ch104","https://dx.doi.org/10.1162/978-0-262-32621-6-ch104","","2014-07-01","2024-04-16 01:32:47","2024-04-16 01:32:47","2024-04-16 01:32:47","649-656","","","","","","","","","","","MIT Press","","en","","","","","direct.mit.edu","","","","C:\Users\User\Documents\99_Papers\EllefsenK\Ellefsen_2014_The Evolution of Learning Under Environmental Variability.pdf","","","","","","","","","","","","","","","","","","","","","","","","","","","","","","","","","","ALIFE 14: The Fourteenth International Conference on the Synthesis and Simulation of Living Systems","","","","","","","","","","","","","","",""
"SBP9X4GR","conferencePaper","2014","Duarte, Miguel; Oliveira, Sancho; Christensen, Anders","Evolution of Hierarchical Controllers for Multirobot Systems","","","","10.1162/978-0-262-32621-6-ch105","https://dx.doi.org/10.1162/978-0-262-32621-6-ch105","","2014-07-01","2024-04-16 01:32:49","2024-04-16 01:32:49","2024-04-16 01:32:49","657-664","","","","","","","","","","","MIT Press","","en","","","","","direct.mit.edu","","","","C:\Users\User\Documents\99_Papers\DuarteM et al\Duarte et al_2014_Evolution of Hierarchical Controllers for Multirobot Systems.pdf","","","","","","","","","","","","","","","","","","","","","","","","","","","","","","","","","","ALIFE 14: The Fourteenth International Conference on the Synthesis and Simulation of Living Systems","","","","","","","","","","","","","","",""
"Z4BCQE6H","conferencePaper","2014","Shalygo, Yuri","The Kinetic Basis of Self-Organized Pattern Formation","","","","10.1162/978-0-262-32621-6-ch106","https://dx.doi.org/10.1162/978-0-262-32621-6-ch106","","2014-07-01","2024-04-16 01:32:51","2024-04-16 01:32:51","2024-04-16 01:32:51","665-672","","","","","","","","","","","MIT Press","","en","","","","","direct.mit.edu","","","","C:\Users\User\Documents\99_Papers\ShalygoY\Shalygo_2014_The Kinetic Basis of Self-Organized Pattern Formation.pdf","","","","","","","","","","","","","","","","","","","","","","","","","","","","","","","","","","ALIFE 14: The Fourteenth International Conference on the Synthesis and Simulation of Living Systems","","","","","","","","","","","","","","",""
"HSZBB2ZC","conferencePaper","2014","Gigliotta, Onofrio; Mirolli, Marco","Evolution of Communication-Based Collaborative Behavior in Homogeneous Robots","","","","10.1162/978-0-262-32621-6-ch107","https://dx.doi.org/10.1162/978-0-262-32621-6-ch107","","2014-07-01","2024-04-16 01:32:53","2024-04-16 01:32:53","2024-04-16 01:32:53","673-680","","","","","","","","","","","MIT Press","","en","","","","","direct.mit.edu","","","","C:\Users\User\Documents\99_Papers\GigliottaO_MirolliM\Gigliotta_Mirolli_2014_Evolution of Communication-Based Collaborative Behavior in Homogeneous Robots.pdf","","","","","","","","","","","","","","","","","","","","","","","","","","","","","","","","","","ALIFE 14: The Fourteenth International Conference on the Synthesis and Simulation of Living Systems","","","","","","","","","","","","","","",""
"9FSVNAJI","conferencePaper","2014","Montalva, Marco; Ruz, Gonzalo; Goles, Eric","Attraction Basins in a Lac Operon Model Under Different Update Schedules","","","","10.1162/978-0-262-32621-6-ch109","https://dx.doi.org/10.1162/978-0-262-32621-6-ch109","","2014-07-01","2024-04-16 01:32:57","2024-04-16 01:32:57","2024-04-16 01:32:58","689-690","","","","","","","","","","","MIT Press","","en","","","","","direct.mit.edu","","","","C:\Users\User\Documents\99_Papers\MontalvaM et al\Montalva et al_2014_Attraction Basins in a Lac Operon Model Under Different Update Schedules.pdf","","","","","","","","","","","","","","","","","","","","","","","","","","","","","","","","","","ALIFE 14: The Fourteenth International Conference on the Synthesis and Simulation of Living Systems","","","","","","","","","","","","","","",""
"WVUASDI4","conferencePaper","2014","Schneider, Eugenia; Mangold, Michael","Problems During Cell Cycle in Artificial Cell Modeling","","","","10.1162/978-0-262-32621-6-ch110","https://dx.doi.org/10.1162/978-0-262-32621-6-ch110","","2014-07-01","2024-04-16 01:33:01","2024-04-16 01:33:01","2024-04-16 01:33:01","691-692","","","","","","","","","","","MIT Press","","en","","","","","direct.mit.edu","","","","C:\Users\User\Documents\99_Papers\SchneiderE_MangoldM\Schneider_Mangold_2014_Problems During Cell Cycle in Artificial Cell Modeling.pdf","","","","","","","","","","","","","","","","","","","","","","","","","","","","","","","","","","ALIFE 14: The Fourteenth International Conference on the Synthesis and Simulation of Living Systems","","","","","","","","","","","","","","",""
"RV39LCYQ","conferencePaper","2014","Mahayekhi, Morteza; Golestani, Abbas; Farahani, Yasaman; Gras, Robin","n Enhanced Artificial Ecosystem: Investigating Emergence of Ecological Niches","","","","10.1162/978-0-262-32621-6-ch111","https://dx.doi.org/10.1162/978-0-262-32621-6-ch111","","2014-07-01","2024-04-16 01:33:05","2024-04-16 01:33:05","2024-04-16 01:33:05","693-700","","","","","","n Enhanced Artificial Ecosystem","","","","","MIT Press","","en","","","","","direct.mit.edu","","","","C:\Users\User\Documents\99_Papers\MahayekhiM et al\Mahayekhi et al_2014_n Enhanced Artificial Ecosystem.pdf","","","","","","","","","","","","","","","","","","","","","","","","","","","","","","","","","","ALIFE 14: The Fourteenth International Conference on the Synthesis and Simulation of Living Systems","","","","","","","","","","","","","","",""
"QNTTV93Z","conferencePaper","2014","Calcott, Brett","Chaining Distinct Tasks Drives the Evolution of Modularity","","","","10.1162/978-0-262-32621-6-ch112","https://dx.doi.org/10.1162/978-0-262-32621-6-ch112","","2014-07-01","2024-04-16 01:35:26","2024-04-16 01:35:26","2024-04-16 01:35:26","701-702","","","","","","","","","","","MIT Press","","en","","","","","direct.mit.edu","","","","C:\Users\User\Documents\99_Papers\CalcottB\Calcott_2014_Chaining Distinct Tasks Drives the Evolution of Modularity.pdf","","","","","","","","","","","","","","","","","","","","","","","","","","","","","","","","","","ALIFE 14: The Fourteenth International Conference on the Synthesis and Simulation of Living Systems","","","","","","","","","","","","","","",""
"NSEHVRUW","conferencePaper","2014","Silva, Fernando; Duarte, Miguel; Oliveira, Sancho; Correia, Luís; Christensen, Anders","The Case for Engineering the Evolution of Robot Controllers","","","","10.1162/978-0-262-32621-6-ch113","https://dx.doi.org/10.1162/978-0-262-32621-6-ch113","","2014-07-01","2024-04-16 01:35:27","2024-04-16 01:35:27","2024-04-16 01:35:27","703-710","","","","","","","","","","","MIT Press","","en","","","","","direct.mit.edu","","","","C:\Users\User\Documents\99_Papers\SilvaF et al\Silva et al_2014_The Case for Engineering the Evolution of Robot Controllers.pdf","","","","","","","","","","","","","","","","","","","","","","","","","","","","","","","","","","ALIFE 14: The Fourteenth International Conference on the Synthesis and Simulation of Living Systems","","","","","","","","","","","","","","",""
"6JR9JZFU","conferencePaper","2014","Williams, Lance","Self-Replicating Distributed Virtual Machines","","","","10.1162/978-0-262-32621-6-ch114","https://dx.doi.org/10.1162/978-0-262-32621-6-ch114","","2014-07-01","2024-04-16 01:35:29","2024-04-16 01:35:29","2024-04-16 01:35:29","711-718","","","","","","","","","","","MIT Press","","en","","","","","direct.mit.edu","","","","C:\Users\User\Documents\99_Papers\WilliamsL\Williams_2014_Self-Replicating Distributed Virtual Machines.pdf","","","","","","","","","","","","","","","","","","","","","","","","","","","","","","","","","","ALIFE 14: The Fourteenth International Conference on the Synthesis and Simulation of Living Systems","","","","","","","","","","","","","","",""
"GPZ6S3RS","conferencePaper","2014","Scott, Ryan; Gras, Robin","Testing the Effects of Speciation and Mutation Rates on Distance-Based Phylogenetic Tree Construction Accuracy Using EcoSim","","","","10.1162/978-0-262-32621-6-ch115","https://dx.doi.org/10.1162/978-0-262-32621-6-ch115","","2014-07-01","2024-04-16 01:35:30","2024-04-16 01:35:30","2024-04-16 01:35:30","719-725","","","","","","","","","","","MIT Press","","en","","","","","direct.mit.edu","","","","C:\Users\User\Documents\99_Papers\ScottR_GrasR\Scott_Gras_2014_Testing the Effects of Speciation and Mutation Rates on Distance-Based.pdf","","","","","","","","","","","","","","","","","","","","","","","","","","","","","","","","","","ALIFE 14: The Fourteenth International Conference on the Synthesis and Simulation of Living Systems","","","","","","","","","","","","","","",""
"WXPVPUSP","conferencePaper","2014","Stovold, James; O'Keefe, Simon; Timmis, Jon","Preserving Swarm Identity Over Time","","","","10.1162/978-0-262-32621-6-ch116","https://dx.doi.org/10.1162/978-0-262-32621-6-ch116","","2014-07-01","2024-04-16 01:35:32","2024-04-16 01:35:32","2024-04-16 01:35:32","726-733","","","","","","","","","","","MIT Press","","en","","","","","direct.mit.edu","","","","C:\Users\User\Documents\99_Papers\StovoldJ et al\Stovold et al_2014_Preserving Swarm Identity Over Time.pdf","","","","","","","","","","","","","","","","","","","","","","","","","","","","","","","","","","ALIFE 14: The Fourteenth International Conference on the Synthesis and Simulation of Living Systems","","","","","","","","","","","","","","",""
"PZJGIFN3","conferencePaper","2014","Tarapore, Danesh; Lima, Pedro; Carneiro, Jorge; Christensen, Anders","Optimizing the Crossregulation Model for Scalable Abnormality Detection","","","","10.1162/978-0-262-32621-6-ch117","https://dx.doi.org/10.1162/978-0-262-32621-6-ch117","","2014-07-01","2024-04-16 01:35:35","2024-04-16 01:35:35","2024-04-16 01:35:35","734-735","","","","","","","","","","","MIT Press","","en","","","","","direct.mit.edu","","","","C:\Users\User\Documents\99_Papers\TaraporeD et al\Tarapore et al_2014_Optimizing the Crossregulation Model for Scalable Abnormality Detection.pdf","","","","","","","","","","","","","","","","","","","","","","","","","","","","","","","","","","ALIFE 14: The Fourteenth International Conference on the Synthesis and Simulation of Living Systems","","","","","","","","","","","","","","",""
"4YDHYFSD","conferencePaper","2014","Kayama, Yoshihiko; Imamura, Yasumasa","Self-Organizing Process and Cluster Network in the Game of Life","","","","10.1162/978-0-262-32621-6-ch119","https://dx.doi.org/10.1162/978-0-262-32621-6-ch119","","2014-07-01","2024-04-16 01:35:37","2024-04-16 01:35:37","2024-04-16 01:35:37","744-749","","","","","","","","","","","MIT Press","","en","","","","","direct.mit.edu","","","","","","","","","","","","","","","","","","","","","","","","","","","","","","","","","","","","","","ALIFE 14: The Fourteenth International Conference on the Synthesis and Simulation of Living Systems","","","","","","","","","","","","","","",""
"UQEXSUT4","conferencePaper","2014","Marriott, Chris; Chebib, Jobran","The Effect of Social Learning on Individual Learning","","","","10.1162/978-0-262-32621-6-ch118","https://dx.doi.org/10.1162/978-0-262-32621-6-ch118","","2014-07-01","2024-04-16 01:35:39","2024-04-16 01:35:39","2024-04-16 01:35:39","736-743","","","","","","","","","","","MIT Press","","en","","","","","direct.mit.edu","","","","C:\Users\User\Documents\99_Papers\MarriottC_ChebibJ\Marriott_Chebib_2014_The Effect of Social Learning on Individual Learning.pdf","","","","","","","","","","","","","","","","","","","","","","","","","","","","","","","","","","ALIFE 14: The Fourteenth International Conference on the Synthesis and Simulation of Living Systems","","","","","","","","","","","","","","",""
"VPCXV7IT","conferencePaper","2014","Lee, Wonki; Kim, Daeeun","Adaptive Division of Labor in Multi-Robot System with Minimum Task Switching","","","","10.1162/978-0-262-32621-6-ch120","https://dx.doi.org/10.1162/978-0-262-32621-6-ch120","","2014-07-01","2024-04-16 01:35:43","2024-04-16 01:35:43","2024-04-16 01:35:43","750-756","","","","","","","","","","","MIT Press","","en","","","","","direct.mit.edu","","","","C:\Users\User\Documents\99_Papers\LeeW_KimD\Lee_Kim_2014_Adaptive Division of Labor in Multi-Robot System with Minimum Task Switching.pdf","","","","","","","","","","","","","","","","","","","","","","","","","","","","","","","","","","ALIFE 14: The Fourteenth International Conference on the Synthesis and Simulation of Living Systems","","","","","","","","","","","","","","",""
"29MC3R4L","conferencePaper","2014","Maruyama, Norihiro; Masumori, Atsushi; Hubert, Julien; Mita, Takeshi; Bakkum, Douglas; Takahashi, Hirokazu; Ikegami, Takashi","Designing a Robotic Platform Controlled by Cultured Neural Cells","","","","10.1162/978-0-262-32621-6-ch124","https://dx.doi.org/10.1162/978-0-262-32621-6-ch124","","2014-07-01","2024-04-16 01:35:45","2024-04-16 01:35:45","2024-04-16 01:35:45","769-770","","","","","","","","","","","MIT Press","","en","","","","","direct.mit.edu","","","","C:\Users\User\Documents\99_Papers\MaruyamaN et al\Maruyama et al_2014_Designing a Robotic Platform Controlled by Cultured Neural Cells.pdf","","","","","","","","","","","","","","","","","","","","","","","","","","","","","","","","","","ALIFE 14: The Fourteenth International Conference on the Synthesis and Simulation of Living Systems","","","","","","","","","","","","","","",""
"Y2CH2KA7","conferencePaper","2014","Shibai, Atsushi; Tsuru, Saburo; Ying, Bei-Wen; Motooka, Daisuke; Gotoh, Kazuyoshi; Nakamura, Shota; Yomo, Tetsuya","Mutation Accumulation in Bacteria Exposed to UV Radiation","","","","10.1162/978-0-262-32621-6-ch121","https://dx.doi.org/10.1162/978-0-262-32621-6-ch121","","2014-07-01","2024-04-16 01:35:48","2024-04-16 01:35:48","2024-04-16 01:35:48","757-758","","","","","","","","","","","MIT Press","","en","","","","","direct.mit.edu","","","","C:\Users\User\Documents\99_Papers\ShibaiA et al\Shibai et al_2014_Mutation Accumulation in Bacteria Exposed to UV Radiation.pdf","","","","","","","","","","","","","","","","","","","","","","","","","","","","","","","","","","ALIFE 14: The Fourteenth International Conference on the Synthesis and Simulation of Living Systems","","","","","","","","","","","","","","",""
"VGJ2659I","conferencePaper","2014","Duarte, Miguel; Oliveira, Sancho; Christensen, Anders","Hybrid Control for Large Swarms of Aquatic Drones","","","","10.1162/978-0-262-32621-6-ch127","https://dx.doi.org/10.1162/978-0-262-32621-6-ch127","","2014-07-01","2024-04-16 01:35:50","2024-04-16 01:35:50","2024-04-16 01:35:50","785-792","","","","","","","","","","","MIT Press","","en","","","","","direct.mit.edu","","","","C:\Users\User\Documents\99_Papers\DuarteM et al\Duarte et al_2014_Hybrid Control for Large Swarms of Aquatic Drones.pdf","","","","","","","","","","","","","","","","","","","","","","","","","","","","","","","","","","ALIFE 14: The Fourteenth International Conference on the Synthesis and Simulation of Living Systems","","","","","","","","","","","","","","",""
"4TE39295","conferencePaper","2014","Lee, Wonki; Kim, DaeEun","Task Partitioning Based on Response Threshold Model in Robot Harvesting Task","","","","10.1162/978-0-262-32621-6-ch122","https://dx.doi.org/10.1162/978-0-262-32621-6-ch122","","2014-07-01","2024-04-16 01:35:51","2024-04-16 01:35:51","2024-04-16 01:35:51","759-760","","","","","","","","","","","MIT Press","","en","","","","","direct.mit.edu","","","","C:\Users\User\Documents\99_Papers\LeeW_KimD\Lee_Kim_2014_Task Partitioning Based on Response Threshold Model in Robot Harvesting Task.pdf","","","","","","","","","","","","","","","","","","","","","","","","","","","","","","","","","","ALIFE 14: The Fourteenth International Conference on the Synthesis and Simulation of Living Systems","","","","","","","","","","","","","","",""
"BMB72VMG","conferencePaper","2014","Alers, Sjriek; Tuyls, Karl; Ranjbar-Sahraei, Bijan; Claes, Daniel; Weiss, Gerhard","Insect-Inspired Robot Coordination: Foraging and Coverage","","","","10.1162/978-0-262-32621-6-ch123","https://dx.doi.org/10.1162/978-0-262-32621-6-ch123","","2014-07-01","2024-04-16 01:35:55","2024-04-16 01:35:55","2024-04-16 01:35:55","761-768","","","","","","Insect-Inspired Robot Coordination","","","","","MIT Press","","en","","","","","direct.mit.edu","","","","C:\Users\User\Documents\99_Papers\AlersS et al\Alers et al_2014_Insect-Inspired Robot Coordination.pdf","","","","","","","","","","","","","","","","","","","","","","","","","","","","","","","","","","ALIFE 14: The Fourteenth International Conference on the Synthesis and Simulation of Living Systems","","","","","","","","","","","","","","",""
"HWP6K4WU","conferencePaper","2014","Muratov, Sergey; Lakhman, Konstantin; Lakhman, Mikhail","Neuroevolution of Sequential Behavior in Multi-Goal Navigation Task","","","","10.1162/978-0-262-32621-6-ch125","https://dx.doi.org/10.1162/978-0-262-32621-6-ch125","","2014-07-01","2024-04-16 01:35:56","2024-04-16 01:35:56","2024-04-16 01:35:56","772-777","","","","","","","","","","","MIT Press","","en","","","","","direct.mit.edu","","","","C:\Users\User\Documents\99_Papers\MuratovS et al\Muratov et al_2014_Neuroevolution of Sequential Behavior in Multi-Goal Navigation Task.pdf","","","","","","","","","","","","","","","","","","","","","","","","","","","","","","","","","","ALIFE 14: The Fourteenth International Conference on the Synthesis and Simulation of Living Systems","","","","","","","","","","","","","","",""
"X7XL6A62","conferencePaper","2014","Shenhav, Barak","An Artificial Chemistry for the 'Lipid World' Scenario","","","","10.1162/978-0-262-32621-6-ch131","https://dx.doi.org/10.1162/978-0-262-32621-6-ch131","","2014-07-01","2024-04-16 01:35:57","2024-04-16 01:35:57","2024-04-16 01:35:57","815-816","","","","","","","","","","","MIT Press","","en","","","","","direct.mit.edu","","","","C:\Users\User\Documents\99_Papers\ShenhavB\Shenhav_2014_An Artificial Chemistry for the 'Lipid World' Scenario.pdf","","","","","","","","","","","","","","","","","","","","","","","","","","","","","","","","","","ALIFE 14: The Fourteenth International Conference on the Synthesis and Simulation of Living Systems","","","","","","","","","","","","","","",""
"YTK5ZHA9","conferencePaper","2014","Takeichi, Yuki; Sasahara, Kazutoshi; Suzuki, Reiji; Arita, Takaya","Twitter as Social Sensor: Dynamics and Structure in Major Sporting Events","","","","10.1162/978-0-262-32621-6-ch126","https://dx.doi.org/10.1162/978-0-262-32621-6-ch126","","2014-07-01","2024-04-16 01:36:00","2024-04-16 01:36:00","2024-04-16 01:36:00","778-784","","","","","","Twitter as Social Sensor","","","","","MIT Press","","en","","","","","direct.mit.edu","","","","C:\Users\User\Documents\99_Papers\TakeichiY et al\Takeichi et al_2014_Twitter as Social Sensor.pdf","","","","","","","","","","","","","","","","","","","","","","","","","","","","","","","","","","ALIFE 14: The Fourteenth International Conference on the Synthesis and Simulation of Living Systems","","","","","","","","","","","","","","",""
"Q9I3GP8U","conferencePaper","2014","Kharma, Nawwaf; Buckley, William","CodeRouge: a Project to Evolve Life-like Autonomous Programs","","","","10.1162/978-0-262-32621-6-ch133","https://dx.doi.org/10.1162/978-0-262-32621-6-ch133","","2014-07-01","2024-04-16 01:36:01","2024-04-16 01:36:01","2024-04-16 01:36:01","819-820","","","","","","CodeRouge","","","","","MIT Press","","en","","","","","direct.mit.edu","","","","C:\Users\User\Documents\99_Papers\KharmaN_BuckleyW\Kharma_Buckley_2014_CodeRouge.pdf","","","","","","","","","","","","","","","","","","","","","","","","","","","","","","","","","","ALIFE 14: The Fourteenth International Conference on the Synthesis and Simulation of Living Systems","","","","","","","","","","","","","","",""
"I4VYLP3W","conferencePaper","2014","Soros, L.; Stanley, Kenneth","Identifying Necessary Conditions for Open-Ended Evolution through the Artificial Life World of Chromaria","","","","10.1162/978-0-262-32621-6-ch128","https://dx.doi.org/10.1162/978-0-262-32621-6-ch128","","2014-07-01","2024-04-16 01:36:04","2024-04-16 01:36:04","2024-04-16 01:36:04","793-800","","","","","","","","","","","MIT Press","","en","","","","","direct.mit.edu","","","","C:\Users\User\Documents\99_Papers\SorosL_StanleyK\Soros_Stanley_2014_Identifying Necessary Conditions for Open-Ended Evolution through the.pdf","","","","","","","","","","","","","","","","","","","","","","","","","","","","","","","","","","ALIFE 14: The Fourteenth International Conference on the Synthesis and Simulation of Living Systems","","","","","","","","","","","","","","",""
"6AKGV95D","conferencePaper","2014","Ababsa, Tarek; Duthen, Yves","Splittable Metamorphic Carrier Robots","","","","10.1162/978-0-262-32621-6-ch129","https://dx.doi.org/10.1162/978-0-262-32621-6-ch129","","2014-07-01","2024-04-16 01:36:07","2024-04-16 01:36:07","2024-04-16 01:36:07","801-808","","","","","","","","","","","MIT Press","","en","","","","","direct.mit.edu","","","","C:\Users\User\Documents\99_Papers\AbabsaT_DuthenY\Ababsa_Duthen_2014_Splittable Metamorphic Carrier Robots.pdf","","","","","","","","","","","","","","","","","","","","","","","","","","","","","","","","","","ALIFE 14: The Fourteenth International Conference on the Synthesis and Simulation of Living Systems","","","","","","","","","","","","","","",""
"76SR99Q3","conferencePaper","2014","Salge, Christopher; Polani, Daniel","Don't Believe Everything You Hear: Preserving Relevant Information by Discarding Social Information","","","","10.1162/978-0-262-32621-6-ch137","https://dx.doi.org/10.1162/978-0-262-32621-6-ch137","","2014-07-01","2024-04-16 01:36:09","2024-04-16 01:36:09","2024-04-16 01:36:09","837-844","","","","","","Don't Believe Everything You Hear","","","","","MIT Press","","en","","","","","direct.mit.edu","","","","C:\Users\User\Documents\99_Papers\SalgeC_PolaniD\Salge_Polani_2014_Don't Believe Everything You Hear.pdf","","","","","","","","","","","","","","","","","","","","","","","","","","","","","","","","","","ALIFE 14: The Fourteenth International Conference on the Synthesis and Simulation of Living Systems","","","","","","","","","","","","","","",""
"XAWQQW8J","conferencePaper","2014","Onoda, Shota; Kato, Shohei; Mutoh, Atsuko","The Effect of the Network Structure Differences on the Diffusion of Items","","","","10.1162/978-0-262-32621-6-ch130","https://dx.doi.org/10.1162/978-0-262-32621-6-ch130","","2014-07-01","2024-04-16 01:36:10","2024-04-16 01:36:10","2024-04-16 01:36:10","809-814","","","","","","","","","","","MIT Press","","en","","","","","direct.mit.edu","","","","C:\Users\User\Documents\99_Papers\OnodaS et al\Onoda et al_2014_The Effect of the Network Structure Differences on the Diffusion of Items.pdf","","","","","","","","","","","","","","","","","","","","","","","","","","","","","","","","","","ALIFE 14: The Fourteenth International Conference on the Synthesis and Simulation of Living Systems","","","","","","","","","","","","","","",""
"GAD74KBK","conferencePaper","2014","Brodsky, Micah","Spatial Patterning with the Rule of Normal Neighbors","","","","10.1162/978-0-262-32621-6-ch132","https://dx.doi.org/10.1162/978-0-262-32621-6-ch132","","2014-07-01","2024-04-16 01:36:14","2024-04-16 01:36:14","2024-04-16 01:36:14","817-818","","","","","","","","","","","MIT Press","","en","","","","","direct.mit.edu","","","","C:\Users\User\Documents\99_Papers\BrodskyM\Brodsky_2014_Spatial Patterning with the Rule of Normal Neighbors.pdf","","","","","","","","","","","","","","","","","","","","","","","","","","","","","","","","","","ALIFE 14: The Fourteenth International Conference on the Synthesis and Simulation of Living Systems","","","","","","","","","","","","","","",""
"USCIU5Q4","conferencePaper","2014","Lowell, Jessica; Pollack, Jordan","The Effect of Connection Cost on Modularity in Evolved Neural Networks","","","","10.1162/978-0-262-32621-6-ch134","https://dx.doi.org/10.1162/978-0-262-32621-6-ch134","","2014-07-01","2024-04-16 01:36:22","2024-04-16 01:36:22","2024-04-16 01:36:22","821-826","","","","","","","","","","","MIT Press","","en","","","","","direct.mit.edu","","","","C:\Users\User\Documents\99_Papers\LowellJ_PollackJ\Lowell_Pollack_2014_The Effect of Connection Cost on Modularity in Evolved Neural Networks.pdf","","","","","","","","","","","","","","","","","","","","","","","","","","","","","","","","","","ALIFE 14: The Fourteenth International Conference on the Synthesis and Simulation of Living Systems","","","","","","","","","","","","","","",""
"W2TCAURA","conferencePaper","2014","Lowell, Jessica; Harrington, Kyle; Pollack, Jordan","The Resistance of Swarm Ecosystem Under Environmental Variation","","","","10.1162/978-0-262-32621-6-ch135","https://dx.doi.org/10.1162/978-0-262-32621-6-ch135","","2014-07-01","2024-04-16 01:36:28","2024-04-16 01:36:28","2024-04-16 01:36:28","827-834","","","","","","","","","","","MIT Press","","en","","","","","direct.mit.edu","","","","C:\Users\User\Documents\99_Papers\LowellJ et al\Lowell et al_2014_The Resistance of Swarm Ecosystem Under Environmental Variation.pdf","","","","","","","","","","","","","","","","","","","","","","","","","","","","","","","","","","ALIFE 14: The Fourteenth International Conference on the Synthesis and Simulation of Living Systems","","","","","","","","","","","","","","",""
"7YQ24CS2","conferencePaper","2014","Hecker, Joshua; Moses, Melanie","Real-Time Evolution of iAnt Robot Foraging Strategies","","","","10.1162/978-0-262-32621-6-ch136","https://dx.doi.org/10.1162/978-0-262-32621-6-ch136","","2014-07-01","2024-04-16 01:36:29","2024-04-16 01:36:29","2024-04-16 01:36:29","835-836","","","","","","","","","","","MIT Press","","en","","","","","direct.mit.edu","","","","","","","","","","","","","","","","","","","","","","","","","","","","","","","","","","","","","","ALIFE 14: The Fourteenth International Conference on the Synthesis and Simulation of Living Systems","","","","","","","","","","","","","","",""
"UMUWETGV","conferencePaper","2014","McLaughlin, Megan; Wineberg, Mark","The Effect of Network Structure on the Spatial Coevolutionary GA","","","","10.1162/978-0-262-32621-6-ch138","https://dx.doi.org/10.1162/978-0-262-32621-6-ch138","","2014-07-01","2024-04-16 01:36:42","2024-04-16 01:36:42","2024-04-16 01:36:43","845-846","","","","","","","","","","","MIT Press","","en","","","","","direct.mit.edu","","","","C:\Users\User\Documents\99_Papers\McLaughlinM_WinebergM\McLaughlin_Wineberg_2014_The Effect of Network Structure on the Spatial Coevolutionary GA.pdf","","","","","","","","","","","","","","","","","","","","","","","","","","","","","","","","","","ALIFE 14: The Fourteenth International Conference on the Synthesis and Simulation of Living Systems","","","","","","","","","","","","","","",""
"BQFADG8P","conferencePaper","2014","Nelson, Andrew; Bailey, Brenae","Evolution as a Random Walk on a High-Dimensional Manifold Defined by Physical Law: Implications for Open-Ended Artificial Life","","","","10.1162/978-0-262-32621-6-ch139","https://dx.doi.org/10.1162/978-0-262-32621-6-ch139","","2014-07-01","2024-04-16 01:36:43","2024-04-16 01:36:43","2024-04-16 01:36:44","847-848","","","","","","Evolution as a Random Walk on a High-Dimensional Manifold Defined by Physical Law","","","","","MIT Press","","en","","","","","direct.mit.edu","","","","C:\Users\User\Documents\99_Papers\NelsonA_BaileyB\Nelson_Bailey_2014_Evolution as a Random Walk on a High-Dimensional Manifold Defined by Physical.pdf","","","","","","","","","","","","","","","","","","","","","","","","","","","","","","","","","","ALIFE 14: The Fourteenth International Conference on the Synthesis and Simulation of Living Systems","","","","","","","","","","","","","","",""
"7QJYMTEZ","conferencePaper","2014","Rabai, Haifa; Charrier, Rodolphe; Bertelle, Cyrille","Close Returns Plots for Detecting a Chaotic Source in an Interaction Network","","","","10.1162/978-0-262-32621-6-ch140","https://dx.doi.org/10.1162/978-0-262-32621-6-ch140","","2014-07-01","2024-04-16 01:36:47","2024-04-16 01:36:47","2024-04-16 01:36:47","849-855","","","","","","","","","","","MIT Press","","en","","","","","direct.mit.edu","","","","C:\Users\User\Documents\99_Papers\RabaiH et al\Rabai et al_2014_Close Returns Plots for Detecting a Chaotic Source in an Interaction Network.pdf","","","","","","","","","","","","","","","","","","","","","","","","","","","","","","","","","","ALIFE 14: The Fourteenth International Conference on the Synthesis and Simulation of Living Systems","","","","","","","","","","","","","","",""
"DM2HXKMW","conferencePaper","2014","Hurndall, William; Watson, Richard; Brede, Markus","Pre-Template Metabolic Replicators: Genotype-Phenotype Decoupling as a Route to Evolvability","","","","10.1162/978-0-262-32621-6-ch141","https://dx.doi.org/10.1162/978-0-262-32621-6-ch141","","2014-07-01","2024-04-16 01:36:54","2024-04-16 01:36:54","2024-04-16 01:36:54","856-863","","","","","","Pre-Template Metabolic Replicators","","","","","MIT Press","","en","","","","","direct.mit.edu","","","","C:\Users\User\Documents\99_Papers\HurndallW et al\Hurndall et al_2014_Pre-Template Metabolic Replicators.pdf","","","","","","","","","","","","","","","","","","","","","","","","","","","","","","","","","","ALIFE 14: The Fourteenth International Conference on the Synthesis and Simulation of Living Systems","","","","","","","","","","","","","","",""
"9ZHLXX44","conferencePaper","2014","Hiolle, Antoine; Lewis, Matthew; Cañamero, Lola","A Robot that Uses Arousal to Detect Learning Challenges and Seek Help","","","","10.1162/978-0-262-32621-6-ch142","https://dx.doi.org/10.1162/978-0-262-32621-6-ch142","","2014-07-01","2024-04-16 01:36:55","2024-04-16 01:36:55","2024-04-16 01:36:55","864-871","","","","","","","","","","","MIT Press","","en","","","","","direct.mit.edu","","","","C:\Users\User\Documents\99_Papers\HiolleA et al\Hiolle et al_2014_A Robot that Uses Arousal to Detect Learning Challenges and Seek Help.pdf","","","","","","","","","","","","","","","","","","","","","","","","","","","","","","","","","","ALIFE 14: The Fourteenth International Conference on the Synthesis and Simulation of Living Systems","","","","","","","","","","","","","","",""
"RJ25XF88","conferencePaper","2014","Winfield, Alan","Estimating the Energy Cost of (Artificial) Evolution","","","","10.1162/978-0-262-32621-6-ch143","https://dx.doi.org/10.1162/978-0-262-32621-6-ch143","","2014-07-01","2024-04-16 01:36:56","2024-04-16 01:36:56","2024-04-16 01:36:56","872-875","","","","","","","","","","","MIT Press","","en","","","","","direct.mit.edu","","","","C:\Users\User\Documents\99_Papers\WinfieldA\Winfield_2014_Estimating the Energy Cost of (Artificial) Evolution.pdf","","","","","","","","","","","","","","","","","","","","","","","","","","","","","","","","","","ALIFE 14: The Fourteenth International Conference on the Synthesis and Simulation of Living Systems","","","","","","","","","","","","","","",""
"67FMJRQE","conferencePaper","2014","Francisco, Matthew; Wood, Ian; Šabanović, Selma; Rocha, Luis","Designing a Minimalist Socially Aware Robotic Agent for the Home","","","","10.1162/978-0-262-32621-6-ch144","https://dx.doi.org/10.1162/978-0-262-32621-6-ch144","","2014-07-01","2024-04-16 01:39:41","2024-04-16 01:39:41","2024-04-16 01:39:41","876-883","","","","","","","","","","","MIT Press","","en","","","","","direct.mit.edu","","","","C:\Users\User\Documents\99_Papers\FranciscoM et al\Francisco et al_2014_Designing a Minimalist Socially Aware Robotic Agent for the Home.pdf","","","","","","","","","","","","","","","","","","","","","","","","","","","","","","","","","","ALIFE 14: The Fourteenth International Conference on the Synthesis and Simulation of Living Systems","","","","","","","","","","","","","","",""
"NV4AWPKR","conferencePaper","2014","Gold, Jacob; Wang, Adam; Harrington, Kyle","Feedback Control of Evolving Swarms","","","","10.1162/978-0-262-32621-6-ch145","https://dx.doi.org/10.1162/978-0-262-32621-6-ch145","","2014-07-01","2024-04-16 01:39:43","2024-04-16 01:39:43","2024-04-16 01:39:43","884-891","","","","","","","","","","","MIT Press","","en","","","","","direct.mit.edu","","","","C:\Users\User\Documents\99_Papers\GoldJ et al\Gold et al_2014_Feedback Control of Evolving Swarms.pdf","","","","","","","","","","","","","","","","","","","","","","","","","","","","","","","","","","ALIFE 14: The Fourteenth International Conference on the Synthesis and Simulation of Living Systems","","","","","","","","","","","","","","",""
"U7BML5XL","conferencePaper","2014","Muntean, Ioan","Computation and Scientific Discovery? A Bio-Inspired Approach","","","","10.1162/978-0-262-32621-6-ch146","https://dx.doi.org/10.1162/978-0-262-32621-6-ch146","","2014-07-01","2024-04-16 01:39:44","2024-04-16 01:39:44","2024-04-16 01:39:44","892-899","","","","","","Computation and Scientific Discovery?","","","","","MIT Press","","en","","","","","direct.mit.edu","","","","C:\Users\User\Documents\99_Papers\MunteanI\Muntean_2014_Computation and Scientific Discovery.pdf","","","","","","","","","","","","","","","","","","","","","","","","","","","","","","","","","","ALIFE 14: The Fourteenth International Conference on the Synthesis and Simulation of Living Systems","","","","","","","","","","","","","","",""
"3KZ58EUW","conferencePaper","2014","Szerlip, Paul; Stanley, Kenneth","Steps Toward a Modular Library for Turning Any Evolutionary Domain into an Online Interactive Platform","","","","10.1162/978-0-262-32621-6-ch147","https://dx.doi.org/10.1162/978-0-262-32621-6-ch147","","2014-07-01","2024-04-16 01:39:46","2024-04-16 01:39:46","2024-04-16 01:39:46","900-907","","","","","","","","","","","MIT Press","","en","","","","","direct.mit.edu","","","","C:\Users\User\Documents\99_Papers\SzerlipP_StanleyK\Szerlip_Stanley_2014_Steps Toward a Modular Library for Turning Any Evolutionary Domain into an.pdf","","","","","","","","","","","","","","","","","","","","","","","","","","","","","","","","","","ALIFE 14: The Fourteenth International Conference on the Synthesis and Simulation of Living Systems","","","","","","","","","","","","","","",""
"WC6ZUNQW","conferencePaper","2014","Eskridge, Brent; Schlupp, Ingo","Effects of Personality Distribution on Collective Behavior","","","","10.1162/978-0-262-32621-6-ch148","https://dx.doi.org/10.1162/978-0-262-32621-6-ch148","","2014-07-01","2024-04-16 01:39:48","2024-04-16 01:39:48","2024-04-16 01:39:48","908-915","","","","","","","","","","","MIT Press","","en","","","","","direct.mit.edu","","","","C:\Users\User\Documents\99_Papers\EskridgeB_SchluppI\Eskridge_Schlupp_2014_Effects of Personality Distribution on Collective Behavior.pdf","","","","","","","","","","","","","","","","","","","","","","","","","","","","","","","","","","ALIFE 14: The Fourteenth International Conference on the Synthesis and Simulation of Living Systems","","","","","","","","","","","","","","",""
"NDKJ7VAY","conferencePaper","2014","Yoder, Jason; Yaeger, Larry","Evaluating Topological Models of Neuromodulation in Polyworld","","","","10.1162/978-0-262-32621-6-ch149","https://dx.doi.org/10.1162/978-0-262-32621-6-ch149","","2014-07-01","2024-04-16 01:39:51","2024-04-16 01:39:51","2024-04-16 01:39:51","916-923","","","","","","","","","","","MIT Press","","en","","","","","direct.mit.edu","","","","C:\Users\User\Documents\99_Papers\YoderJ_YaegerL\Yoder_Yaeger_2014_Evaluating Topological Models of Neuromodulation in Polyworld.pdf","","","","","","","","","","","","","","","","","","","","","","","","","","","","","","","","","","ALIFE 14: The Fourteenth International Conference on the Synthesis and Simulation of Living Systems","","","","","","","","","","","","","","",""
"RVLLTVU4","conferencePaper","2014","McLaughlin, Morgan; Wineberg, Mark","The Effects of Elitism on Spatial Coevolutionary GAs","","","","10.1162/978-0-262-32621-6-ch150","https://dx.doi.org/10.1162/978-0-262-32621-6-ch150","","2014-07-01","2024-04-16 01:39:54","2024-04-16 01:39:54","2024-04-16 01:39:54","924-931","","","","","","","","","","","MIT Press","","en","","","","","direct.mit.edu","","","","C:\Users\User\Documents\99_Papers\McLaughlinM_WinebergM\McLaughlin_Wineberg_2014_The Effects of Elitism on Spatial Coevolutionary GAs.pdf","","","","","","","","","","","","","","","","","","","","","","","","","","","","","","","","","","ALIFE 14: The Fourteenth International Conference on the Synthesis and Simulation of Living Systems","","","","","","","","","","","","","","",""
"CSBVLCQ3","conferencePaper","2014","Lewis, Matthew; Hiolle, Antoine; Cañamero, Lola","Pleasure, Persistence and Opportunism in Action Selection","","","","10.1162/978-0-262-32621-6-ch151","https://dx.doi.org/10.1162/978-0-262-32621-6-ch151","","2014-07-01","2024-04-16 01:40:00","2024-04-16 01:40:00","2024-04-16 01:40:00","932-933","","","","","","","","","","","MIT Press","","en","","","","","direct.mit.edu","","","","C:\Users\User\Documents\99_Papers\LewisM et al\Lewis et al_2014_Pleasure, Persistence and Opportunism in Action Selection.pdf","","","","","","","","","","","","","","","","","","","","","","","","","","","","","","","","","","ALIFE 14: The Fourteenth International Conference on the Synthesis and Simulation of Living Systems","","","","","","","","","","","","","","",""
"7ZJ9RNWZ","conferencePaper","2014","Montes de Oca, Marco; Rossi, Louis","A Continuous-Time Binary Consensus Protocol with Hysteretic Units Applied to the Density Classification Problem","","","","10.1162/978-0-262-32621-6-ch152","https://dx.doi.org/10.1162/978-0-262-32621-6-ch152","","2014-07-01","2024-04-16 01:40:03","2024-04-16 01:40:03","2024-04-16 01:40:03","932-940","","","","","","","","","","","MIT Press","","en","","","","","direct.mit.edu","","","","C:\Users\User\Documents\99_Papers\Montes de OcaM_RossiL\Montes de Oca_Rossi_2014_A Continuous-Time Binary Consensus Protocol with Hysteretic Units Applied to.pdf","","","","","","","","","","","","","","","","","","","","","","","","","","","","","","","","","","ALIFE 14: The Fourteenth International Conference on the Synthesis and Simulation of Living Systems","","","","","","","","","","","","","","",""
"XWKARHHC","conferencePaper","2014","Canyameres, Sergi; Logofătu, Doina","Framework for Adaptive Swarm Simulation and Optimization Using MapReduce","","","","10.1162/978-0-262-32621-6-ch155","https://dx.doi.org/10.1162/978-0-262-32621-6-ch155","","2014-07-01","2024-04-16 01:40:05","2024-04-16 01:40:05","2024-04-16 01:40:05","957-962","","","","","","","","","","","MIT Press","","en","","","","","direct.mit.edu","","","","C:\Users\User\Documents\99_Papers\CanyameresS_LogofătuD\Canyameres_Logofătu_2014_Framework for Adaptive Swarm Simulation and Optimization Using MapReduce.pdf","","","","","","","","","","","","","","","","","","","","","","","","","","","","","","","","","","ALIFE 14: The Fourteenth International Conference on the Synthesis and Simulation of Living Systems","","","","","","","","","","","","","","",""
"Q9HYC4QT","conferencePaper","2014","Kuruma, Yutetsu; Matsubayashi, Hideaki; Ueda, Takuya","In Vitro Reconstruction of Functional Membrane","","","","10.1162/978-0-262-32621-6-ch156","https://dx.doi.org/10.1162/978-0-262-32621-6-ch156","","2014-07-01","2024-04-16 01:40:06","2024-04-16 01:40:06","2024-04-16 01:40:06","963-964","","","","","","","","","","","MIT Press","","en","","","","","direct.mit.edu","","","","C:\Users\User\Documents\99_Papers\KurumaY et al\Kuruma et al_2014_In Vitro Reconstruction of Functional Membrane.pdf","","","","","","","","","","","","","","","","","","","","","","","","","","","","","","","","","","ALIFE 14: The Fourteenth International Conference on the Synthesis and Simulation of Living Systems","","","","","","","","","","","","","","",""
"TEQYVUYA","conferencePaper","2014","Choi, Insook; Bargar, Robin","Sounds Shadowing Agents Generating Audible Features from Emergent Behaviors","","","","10.1162/978-0-262-32621-6-ch153","https://dx.doi.org/10.1162/978-0-262-32621-6-ch153","","2014-07-01","2024-04-16 01:40:08","2024-04-16 01:40:08","2024-04-16 01:40:09","941-948","","","","","","","","","","","MIT Press","","en","","","","","direct.mit.edu","","","","C:\Users\User\Documents\99_Papers\ChoiI_BargarR\Choi_Bargar_2014_Sounds Shadowing Agents Generating Audible Features from Emergent Behaviors.pdf","","","","","","","","","","","","","","","","","","","","","","","","","","","","","","","","","","ALIFE 14: The Fourteenth International Conference on the Synthesis and Simulation of Living Systems","","","","","","","","","","","","","","",""
"BN9CYMHA","conferencePaper","2014","Biehl, Martin; Salge, Christoph; Polani, Daniel","Towards Designing Artificial Universes for Artificial Agents Under Interaction Closure","","","","10.1162/978-0-262-32621-6-ch154","https://dx.doi.org/10.1162/978-0-262-32621-6-ch154","","2014-07-01","2024-04-16 01:40:12","2024-04-16 01:40:12","2024-04-16 01:40:12","949-956","","","","","","","","","","","MIT Press","","en","","","","","direct.mit.edu","","","","C:\Users\User\Documents\99_Papers\BiehlM et al\Biehl et al_2014_Towards Designing Artificial Universes for Artificial Agents Under Interaction.pdf","","","","","","","","","","","","","","","","","","","","","","","","","","","","","","","","","","ALIFE 14: The Fourteenth International Conference on the Synthesis and Simulation of Living Systems","","","","","","","","","","","","","","",""
"QXPRT893","conferencePaper","2014","Sakai, Megumi; Suzuki, Yasuhiro","Evolution of Chemical Signals in Ecological System Evoked by the ""Cry-Wolf"" Plants","","","","10.1162/978-0-262-32621-6-ch160","https://dx.doi.org/10.1162/978-0-262-32621-6-ch160","","2014-07-01","2024-04-16 01:40:15","2024-04-16 02:31:47","2024-04-16 01:40:15","983-986","","","","","","","","","","","MIT Press","","en","","","","","direct.mit.edu","","","","C:\Users\User\Documents\99_Papers\SakaiM_SuzukiY\Sakai_Suzuki_2014_Evolution of Chemical Signals in Ecological System Evoked by the Cry-Wolf.pdf","","","","","","","","","","","","","","","","","","","","","","","","","","","","","","","","","","ALIFE 14: The Fourteenth International Conference on the Synthesis and Simulation of Living Systems","","","","","","","","","","","","","","",""
"FETVV9PP","conferencePaper","2014","Abdelmotaleb, Ahmed; Davey, Neil; Schilstra, Maria; Steuber, Volker; Wróbel, Borys","volving Spiking Neural Networks for Temporal Pattern Recognition in the Presence of Noise","","","","10.1162/978-0-262-32621-6-ch157","https://dx.doi.org/10.1162/978-0-262-32621-6-ch157","","2014-07-01","2024-04-16 01:40:19","2024-04-16 01:40:19","2024-04-16 01:40:19","965-972","","","","","","","","","","","MIT Press","","en","","","","","direct.mit.edu","","","","C:\Users\User\Documents\99_Papers\AbdelmotalebA et al\Abdelmotaleb et al_2014_volving Spiking Neural Networks for Temporal Pattern Recognition in the.pdf","","","","","","","","","","","","","","","","","","","","","","","","","","","","","","","","","","ALIFE 14: The Fourteenth International Conference on the Synthesis and Simulation of Living Systems","","","","","","","","","","","","","","",""
"MIETCF5T","conferencePaper","2014","Bernatskiy, Antonine; Hornby, Gregory; Bongard, Josh","Improving Robot Behavior Optimization by Combining User Preferences","","","","10.1162/978-0-262-32621-6-ch158","https://dx.doi.org/10.1162/978-0-262-32621-6-ch158","","2014-07-01","2024-04-16 01:40:21","2024-04-16 01:40:21","2024-04-16 01:40:21","973-980","","","","","","","","","","","MIT Press","","en","","","","","direct.mit.edu","","","","C:\Users\User\Documents\99_Papers\BernatskiyA et al\Bernatskiy et al_2014_Improving Robot Behavior Optimization by Combining User Preferences.pdf","","","","","","","","","","","","","","","","","","","","","","","","","","","","","","","","","","ALIFE 14: The Fourteenth International Conference on the Synthesis and Simulation of Living Systems","","","","","","","","","","","","","","",""
"ISDSZAZ5","conferencePaper","2014","","Preface","","","","10.1162/978-0-262-32621-6-ch000","https://dx.doi.org/10.1162/978-0-262-32621-6-ch000","","2014-07-01","2024-04-16 01:40:22","2024-04-16 01:40:22","2024-04-16 01:40:22","ix-xii","","","","","","","","","","","MIT Press","","en","","","","","direct.mit.edu","","","","C:\Users\User\Documents\99_Papers\_\2014_Preface.pdf","","","","","","","","","","","","","","","","","","","","","","","","","","","","","","","","","","ALIFE 14: The Fourteenth International Conference on the Synthesis and Simulation of Living Systems","","","","","","","","","","","","","","",""
"8QWIADL9","conferencePaper","2014","Buch, Mads; Rasmussen, Steen","Blueprint for Self-replicating and Self-assembling 3D Printers","","","","10.1162/978-0-262-32621-6-ch159","https://dx.doi.org/10.1162/978-0-262-32621-6-ch159","","2014-07-01","2024-04-16 01:40:28","2024-04-16 01:40:28","2024-04-16 01:40:28","981-982","","","","","","","","","","","MIT Press","","en","","","","","direct.mit.edu","","","","C:\Users\User\Documents\99_Papers\BuchM_RasmussenS\Buch_Rasmussen_2014_Blueprint for Self-replicating and Self-assembling 3D Printers.pdf","","","","","","","","","","","","","","","","","","","","","","","","","","","","","","","","","","ALIFE 14: The Fourteenth International Conference on the Synthesis and Simulation of Living Systems","","","","","","","","","","","","","","",""
"NLC726Q3","conferencePaper","2014","Masumori, Atsushi; Mitsui, Masayoshi; Tanaka, Hiroya","Designing a Passive Folding String Device with an Electromagnet","","","","10.1162/978-0-262-32621-6-ch161","https://dx.doi.org/10.1162/978-0-262-32621-6-ch161","","2014-07-01","2024-04-16 01:40:31","2024-04-16 01:40:31","2024-04-16 01:40:31","987-988","","","","","","","","","","","MIT Press","","en","","","","","direct.mit.edu","","","","C:\Users\User\Documents\99_Papers\MasumoriA et al\Masumori et al_2014_Designing a Passive Folding String Device with an Electromagnet.pdf","","","","","","","","","","","","","","","","","","","","","","","","","","","","","","","","","","ALIFE 14: The Fourteenth International Conference on the Synthesis and Simulation of Living Systems","","","","","","","","","","","","","","",""
"3ZT2KGNB","conferencePaper","2014","","Index","","","","10.1162/978-0-262-32621-6-ch162","https://dx.doi.org/10.1162/978-0-262-32621-6-ch162","","2014-07-01","2024-04-16 01:40:35","2024-04-16 01:40:35","2024-04-16 01:40:35","989-992","","","","","","","","","","","MIT Press","","en","","","","","direct.mit.edu","","","","C:\Users\User\Documents\99_Papers\_\2014_Index.pdf","","","","","","","","","","","","","","","","","","","","","","","","","","","","","","","","","","ALIFE 14: The Fourteenth International Conference on the Synthesis and Simulation of Living Systems","","","","","","","","","","","","","","",""
"X2QCYZ2T","conferencePaper","2014","Ferrante, Eliseo; Turgut, Ali; Huepe, Christián","Scale-Free Correlations in Collective Motion with Position-Based Interactions","","","","10.1162/978-0-262-32621-6-ch048","https://dx.doi.org/10.1162/978-0-262-32621-6-ch048","","2014-07-01","2024-04-16 01:40:38","2024-04-16 01:40:38","2024-04-16 01:40:38","Tom-Wenseleers","","","","","","","","","","","MIT Press","","en","","","","","direct.mit.edu","","","","C:\Users\User\Documents\99_Papers\FerranteE et al\Ferrante et al_2014_Scale-Free Correlations in Collective Motion with Position-Based Interactions.pdf","","","","","","","","","","","","","","","","","","","","","","","","","","","","","","","","","","ALIFE 14: The Fourteenth International Conference on the Synthesis and Simulation of Living Systems","","","","","","","","","","","","","","",""