"Key","Item Type","Publication Year","Author","Title","Publication Title","ISBN","ISSN","DOI","Url","Abstract Note","Date","Date Added","Date Modified","Access Date","Pages","Num Pages","Issue","Volume","Number Of Volumes","Journal Abbreviation","Short Title","Series","Series Number","Series Text","Series Title","Publisher","Place","Language","Rights","Type","Archive","Archive Location","Library Catalog","Call Number","Extra","Notes","File Attachments","Link Attachments","Manual Tags","Automatic Tags","Editor","Series Editor","Translator","Contributor","Attorney Agent","Book Author","Cast Member","Commenter","Composer","Cosponsor","Counsel","Interviewer","Producer","Recipient","Reviewed Author","Scriptwriter","Words By","Guest","Number","Edition","Running Time","Scale","Medium","Artwork Size","Filing Date","Application Number","Assignee","Issuing Authority","Country","Meeting Name","Conference Name","Court","References","Reporter","Legal Status","Priority Numbers","Programming Language","Version","System","Code","Code Number","Section","Session","Committee","History","Legislative Body"
"KNGUYEAL","conferencePaper","2016","Bullock, Seth","Alife as a Model Discipline for Policy-Relevant Simulation Modelling: Might Worse Simulations Fuel a Better Science-Policy Interface?","","","","10.1162/978-0-262-33936-0-ch010","https://dx.doi.org/10.1162/978-0-262-33936-0-ch010","Abstract. Policy-relevant scientific models are typically expected to make empirically valid predictions about policy-relevant problems. What are the consequences of shaping our science-policy interface in this way? Here, it is argued that the theoretically insecure simulation modelling pioneered within artificial life is emblematic of an important alternative approach with significance for policy-relevant modelling.","2016-07-01","2024-04-14 14:07:11","2024-04-14 14:07:11","2024-04-14 14:07:11","28-29","","","","","","Alife as a Model Discipline for Policy-Relevant Simulation Modelling","","","","","MIT Press","","en","","","","","direct.mit.edu","","","","C:\Users\User\Documents\99_Papers\BullockS\Bullock_2016_Alife as a Model Discipline for Policy-Relevant Simulation Modelling.pdf","","","","","","","","","","","","","","","","","","","","","","","","","","","","","","","","","","ALIFE 2016, the Fifteenth International Conference on the Synthesis and Simulation of Living Systems","","","","","","","","","","","","","","",""
"LED72XW6","conferencePaper","2016","","Preface","","","","10.1162/978-0-262-33936-0-ch00a","https://dx.doi.org/10.1162/978-0-262-33936-0-ch00a","","2016-07-01","2024-04-14 14:01:48","2024-04-14 14:01:48","2024-04-14 14:01:48","viii-xv","","","","","","","","","","","MIT Press","","en","","","","","direct.mit.edu","","","","C:\Users\User\Documents\99_Papers\_\2016_Preface.pdf","","","","","","","","","","","","","","","","","","","","","","","","","","","","","","","","","","ALIFE 2016, the Fifteenth International Conference on the Synthesis and Simulation of Living Systems","","","","","","","","","","","","","","",""
"BC7RZT88","conferencePaper","2016","Madrid, Yesid; Gershenson, Carlos; Fernández, Nelson","Complexity and Structural Properties in Scale-free Networks","","","","10.1162/978-0-262-33936-0-ch116","https://dx.doi.org/10.1162/978-0-262-33936-0-ch116","Abstract. We apply formal information measures of emergence, self-organization and complexity to scale-free random networks, to explore their association with structural indicators of network topology. Results show that the cumulative number of nodes and edges coincides with an increment of the self-organization and relative complexity, and a loss of the emergence and complexity. Our approach shows a complementary way of studying networks in terms of information.","2016-07-01","2024-04-14 14:01:46","2024-04-14 14:01:46","2024-04-14 14:01:46","730-731","","","","","","","","","","","MIT Press","","en","","","","","direct.mit.edu","","","","C:\Users\User\Documents\99_Papers\MadridY et al\Madrid et al_2016_Complexity and Structural Properties in Scale-free Networks.pdf","","","","","","","","","","","","","","","","","","","","","","","","","","","","","","","","","","ALIFE 2016, the Fifteenth International Conference on the Synthesis and Simulation of Living Systems","","","","","","","","","","","","","","",""
"ZW8W55WE","conferencePaper","2016","Biehl, Martin; Ikegami, Takashi; Polani, Daniel","Towards information based spatiotemporal patterns as a foundation for agent representation in dynamical systems","","","","10.1162/978-0-262-33936-0-ch115","https://dx.doi.org/10.1162/978-0-262-33936-0-ch115","Abstract. We present some arguments why existing methods for representing agents fall short in applications crucial to artificial life. Using a thought experiment involving a fictitious dynamical systems model of the biosphere we argue that the metabolism, motility, and the concept of counterfactual variation should be compatible with any agent representation in dynamical systems. We then propose an information-theoretic notion of integrated spatiotemporal patterns which we believe can serve as the basic building block of an agent definition. We argue that these patterns are capable of solving the problems mentioned before. We also test this in some preliminary experiments.","2016-07-01","2024-04-14 14:01:45","2024-04-14 14:01:45","2024-04-14 14:01:45","722-729","","","","","","","","","","","MIT Press","","en","","","","","direct.mit.edu","","","","C:\Users\User\Documents\99_Papers\BiehlM et al\Biehl et al_2016_Towards information based spatiotemporal patterns as a foundation for agent.pdf","","","","","","","","","","","","","","","","","","","","","","","","","","","","","","","","","","ALIFE 2016, the Fifteenth International Conference on the Synthesis and Simulation of Living Systems","","","","","","","","","","","","","","",""
"T5LQF5D2","conferencePaper","2016","Egbert, Matthew; Pérez-Mercader, Juan","Quantifying Viability","","","","10.1162/978-0-262-33936-0-ch114","https://dx.doi.org/10.1162/978-0-262-33936-0-ch114","Abstract. A new method is presented for quantifying viability, the likelihood of a system persisting. We then present an information-theoretical approach for evaluating the quality of viability-indicators, measurable quantities that co-vary with, and thus can be used to predict or influence a system's viability.","2016-07-01","2024-04-14 14:01:43","2024-04-14 14:01:43","2024-04-14 14:01:43","720-721","","","","","","","","","","","MIT Press","","en","","","","","direct.mit.edu","","","","C:\Users\User\Documents\99_Papers\EgbertM_Pérez-MercaderJ\Egbert_Pérez-Mercader_2016_Quantifying Viability.pdf","","","","","","","","","","","","","","","","","","","","","","","","","","","","","","","","","","ALIFE 2016, the Fifteenth International Conference on the Synthesis and Simulation of Living Systems","","","","","","","","","","","","","","",""
"VG5Q82CZ","conferencePaper","2016","Castro, José F.","A Bottom-Up Approach to Machine Ethics","","","","10.1162/978-0-262-33936-0-ch113","https://dx.doi.org/10.1162/978-0-262-33936-0-ch113","Abstract. This paper presents a bottom-up approach to machine ethics, based on the Measurement Logic Machine (MLM). It is explained how ethical notions emerge from the workings, architecture, and environmental assumptions of the MLM framework. The MLM uses sequences of measurements to perform short-term predictive inference. The MLM ethical behavior stems from the inner evaluation of measurements that are used to filter the predictions. The MLM ethical discernment is based on measurements that detect immediate suffering in other agents. Also, a definition of what is an ethically positive modification of the inner evaluations is proposed, based on the notion of environmental intelligence and the corresponding notion of suffering. It is shown how this double approach is consistent with our intuitive notion of ethics. The MLM, with or without ethical discernment, can be used in evolutionary game theory, and gives clues to the search of ethical senses that increase the chances of survival of autonomous agents.","2016-07-01","2024-04-14 14:01:33","2024-04-14 14:01:33","2024-04-14 14:01:33","712-719","","","","","","","","","","","MIT Press","","en","","","","","direct.mit.edu","","","","C:\Users\User\Documents\99_Papers\CastroJ\Castro_2016_A Bottom-Up Approach to Machine Ethics.pdf","","","","","","","","","","","","","","","","","","","","","","","","","","","","","","","","","","ALIFE 2016, the Fifteenth International Conference on the Synthesis and Simulation of Living Systems","","","","","","","","","","","","","","",""
"X78YQQ2J","conferencePaper","2016","Guckelsberger, Christian; Salge, Christoph","Does Empowerment Maximisation Allow for Enactive Artificial Agents?","","","","10.1162/978-0-262-33936-0-ch112","https://dx.doi.org/10.1162/978-0-262-33936-0-ch112","Abstract. The enactive AI framework wants to overcome the sense-making limitations of embodied AI by drawing on the bio-systemic foundations of enactive cognitive science. While embodied AI tries to ground meaning in sensorimotor interaction, enactive AI adds further requirements by grounding sensorimotor interaction in autonomous agency. At the core of this shift is the requirement for a truly intrinsic value function. We suggest that empowerment, an information-theoretic quantity based on an agents embodiment, represents such a function. We highlight the role of empowerment maximisation in satisfying the requirements of enactive AI, i.e. establishing constitutive autonomy and adaptivity, in detail. We then argue that empowerment, grounded in a precarious existence, allows an agent to enact a world based on the relevance of environmental features in respect to its own identity.","2016-07-01","2024-04-14 14:01:32","2024-04-14 14:01:32","2024-04-14 14:01:32","704-711","","","","","","","","","","","MIT Press","","en","","","","","direct.mit.edu","","","","C:\Users\User\Documents\99_Papers\GuckelsbergerC_SalgeC\Guckelsberger_Salge_2016_Does Empowerment Maximisation Allow for Enactive Artificial Agents.pdf","","","","","","","","","","","","","","","","","","","","","","","","","","","","","","","","","","ALIFE 2016, the Fifteenth International Conference on the Synthesis and Simulation of Living Systems","","","","","","","","","","","","","","",""
"8EXMXYHC","conferencePaper","2016","Villalobos, Mario","Nonequilibrium thermodynamic stability: the apparent teleology of living beings","","","","10.1162/978-0-262-33936-0-ch111","https://dx.doi.org/10.1162/978-0-262-33936-0-ch111","Abstract. Among physical systems, living beings are usually thought of as the only genuinely teleological natural systems. In this paper, I argue that the alleged teleology of living beings is not a real property but only an appearance, behind which what really exists is a complex version of stability. The complexity of living beings as stable systems has to do mainly, though not exclusively, so I argue, with the fact that living beings are dissipative structures which obey the thermodynamic principle of maximum entropy production.","2016-07-01","2024-04-14 14:01:32","2024-04-14 14:01:32","2024-04-14 14:01:32","702-703","","","","","","Nonequilibrium thermodynamic stability","","","","","MIT Press","","en","","","","","direct.mit.edu","","","","C:\Users\User\Documents\99_Papers\VillalobosM\Villalobos_2016_Nonequilibrium thermodynamic stability.pdf","","","","","","","","","","","","","","","","","","","","","","","","","","","","","","","","","","ALIFE 2016, the Fifteenth International Conference on the Synthesis and Simulation of Living Systems","","","","","","","","","","","","","","",""
"QSU6UYGI","conferencePaper","2016","Anetsberger, Joey; Bongard, Josh","Robots can ground crowd-proposed symbols by forming theories of group mind","","","","10.1162/978-0-262-33936-0-ch109","https://dx.doi.org/10.1162/978-0-262-33936-0-ch109","Abstract. The non-embodied approach to teaching machines language is to train them on large text corpora. However, this approach has yielded limited results. The embodied approach, in contrast, involves teaching machines to ground abstract symbols in their sensory-motor experiences, but howor whether humans achieve this remains largely unknown. We posit that one avenue for achieving this is to view language acquisition as a three-way interaction between linguistic, sensorimotor, and social dynamics: when an agent acts in response to a heard word, it is considered to have successfully grounded that symbol if it can predict how observers who understand that word will respond to the action. Here we introduce a methodology for testing this hypothesis: human observers issue arbitrary commands to simulated robots via the web, and provide positive or negative reinforcement in response to the robots resulting action. Then, the robots are trained to predict crowd response to these action-word pairs. We show that robots do learn to ground at least one of these crowd-issued commands: an association between jump, minimization of tactile sensation, and positive crowd response was learned. The automated, open-ended, and crowd-based aspects of this approach suggest it can be scaled up in future to increasingly capable robots and more abstract language.","2016-07-01","2024-04-14 14:01:27","2024-04-14 14:01:27","2024-04-14 14:01:27","684-691","","","","","","","","","","","MIT Press","","en","","","","","direct.mit.edu","","","","C:\Users\User\Documents\99_Papers\AnetsbergerJ_BongardJ\Anetsberger_Bongard_2016_Robots can ground crowd-proposed symbols by forming theories of group mind.pdf","","","","","","","","","","","","","","","","","","","","","","","","","","","","","","","","","","ALIFE 2016, the Fifteenth International Conference on the Synthesis and Simulation of Living Systems","","","","","","","","","","","","","","",""
"5HYLY5X4","conferencePaper","2016","Bermejo, Fernando; Di Paolo, Ezequiel; Arias, Claudia","Listening to a world transformed: Perception in an inverted acoustic field.","","","","10.1162/978-0-262-33936-0-ch108","https://dx.doi.org/10.1162/978-0-262-33936-0-ch108","Abstract. Research into perceptual and behavioural adaptations to radical disruptions of the agent-environment coupling has long been an interest of dynamical and embodied agent-based modeling. While existing artificial life models draw inspiration from Kohlers experiments on visual disruptions, their sensorimotor instantiation is rather minimal, typically involving two point photoreceptors and a point source of light and so arguably a better match for sensorimotor engagements in the auditory modality. However, studies into human adaptation to inversion of the auditory space are scarce. Here we report on the development and a series of preliminary studies regarding the role of activity and passivity in human adaptation to wearing a left-right auditory inversion device, or pseudophone, in different sound localization tasks. The de-stabilization of sensorimotor contingencies produced by this device allows us to analyze different kinds of sensory activity involved in the auditory system in non-obvious ways. Participants report that their movements induce surprising perceptual changes as if aspects of the auditory scene expected to remain static moved without correspondence to the action. Previous evolutionary robotics work on minimal categorization under ambiguous sensory fields suggests that training with the pseudophone under random presentation of the auditory inversion should result in the development of a single sensorimotor strategy able to actively disambiguate the different modes.","2016-07-01","2024-04-14 14:01:25","2024-04-14 14:01:25","2024-04-14 14:01:25","682-683","","","","","","Listening to a world transformed","","","","","MIT Press","","en","","","","","direct.mit.edu","","","","C:\Users\User\Documents\99_Papers\BermejoF et al\Bermejo et al_2016_Listening to a world transformed.pdf","","","","","","","","","","","","","","","","","","","","","","","","","","","","","","","","","","ALIFE 2016, the Fifteenth International Conference on the Synthesis and Simulation of Living Systems","","","","","","","","","","","","","","",""
"URNVRBEB","conferencePaper","2016","Wagy, Mark D.; Bongard, Josh C.","Social Contribution in the Design of Adaptive Machines on the Web","","","","10.1162/978-0-262-33936-0-ch107","https://dx.doi.org/10.1162/978-0-262-33936-0-ch107","Abstract. The Web has created new opportunities for interactive problem solving and design by large groups. In the context of robotics, we have shown recently that a crowd of non-experts are capable of designing adaptive machines over the Web. However, determining the degree to which collective contribution plays a part in these tasks requires further investigation. We hypothesize that there exist subtle yet measurable social dynamics that occur during the collaborative design of robots on the Web. To test this, we enabled a crowd to rapidly design and train simulated, web-embedded robots. We compared the robots designed by a socially-interacting group of individuals to another group whose members were isolated from one another. We found that there exists a latent quality in the robots designed by the social group that was significantly less prevalent in the robots designed by individuals working alone. Thus, there must exist synergies in the former group that facilitate this design task. We also show that this latent quantity correlates with the desired design outcome, which was fast forward locomotion. However, the quantity when distilled into its component parts is not more prevalent in one group than another. This finding demonstrates that there are indeed traces left behind in the machines designed by the crowd that betray the social dynamics that gave rise to them. Demonstrating the existence of such quantities and the methodology for extracting them presents opportunities for crafting interfaces to magnify these synergies and thus improve collective design of robots over the web in particular, and crowd design activities in general.","2016-07-01","2024-04-14 14:01:23","2024-04-14 14:01:23","2024-04-14 14:01:23","674-681","","","","","","","","","","","MIT Press","","en","","","","","direct.mit.edu","","","","C:\Users\User\Documents\99_Papers\WagyM_BongardJ\Wagy_Bongard_2016_Social Contribution in the Design of Adaptive Machines on the Web.pdf","","","","","","","","","","","","","","","","","","","","","","","","","","","","","","","","","","ALIFE 2016, the Fifteenth International Conference on the Synthesis and Simulation of Living Systems","","","","","","","","","","","","","","",""
"TUGEP2SA","conferencePaper","2016","Guo, Yu; Wilensky, Uri","Small Bugs, Big Ideas: Teaching Complex Systems Principles Through Agent-Based Models of Social Insects","","","","10.1162/978-0-262-33936-0-ch105","https://dx.doi.org/10.1162/978-0-262-33936-0-ch105","Abstract. Complex systems are challenging for students, especially younger students, to learn. In this paper, we argue that agent-based models (ABMs) of social insects provide an engaging and effective space for students to learn powerful ideas about complex systems. We designed a curricular unit called BeeSmart centering on ABMs of honeybees collective behavior. Preliminary results from an implementation at a high school showed that ABMs of social insects could be a promising approach to introduce complex systems to a younger audience.","2016-07-01","2024-04-14 14:01:20","2024-04-14 14:01:20","2024-04-14 14:01:20","664-665","","","","","","Small Bugs, Big Ideas","","","","","MIT Press","","en","","","","","direct.mit.edu","","","","C:\Users\User\Documents\99_Papers\GuoY_WilenskyU\Guo_Wilensky_2016_Small Bugs, Big Ideas.pdf","","","","","","","","","","","","","","","","","","","","","","","","","","","","","","","","","","ALIFE 2016, the Fifteenth International Conference on the Synthesis and Simulation of Living Systems","","","","","","","","","","","","","","",""
"DXR9PHEP","conferencePaper","2016","Veenstra, Frank; Faíña, Andrés; Stoy, Kasper; Risi, Sebastian","Generating Artificial Plant Morphologies for Function and Aesthetics through Evolving L-Systems","","","","10.1162/978-0-262-33936-0-ch110","https://dx.doi.org/10.1162/978-0-262-33936-0-ch110","Abstract. Due to the replacement of natural flora and fauna with urban environments, a significant part of the earths organisms that function as primary consumers have been dispelled. To compensate for the reduction in the amount of primary consumers, robotic systems that mimic plant-like organisms are interesting to mimic for their potential functional and aesthetic value in urban environments. To investigate how to utilize plant developmental strategies in order to engender urban artificial plants, we built a simple evolutionary model that applies an L-System based grammar as an abstraction of plant development. In the presented experiments, phytomorphologies (plant morphologies) are iteratively constructed using a context sensitive L-System. The genomic representation of the L-System is subject to mutation by an evolutionary algorithm. These mutations thus alter the developmental rules of these phytomorphologies. We compare the differences between the light absorption of evolving virtual plants that remain static during their life and virtual plants that possess the possibility to move joints that link the separate parts of the virtual plants. Our results show that our evolutionary algorithm did not exploit potential beneficial joint actuation, instead, mostly static structures evolved. The results of our evolving L-System show that it is able to create various phytomorphologies, albeit that the results are preliminary and will be more thoroughly investigated in the future.","2016-07-01","2024-04-14 14:01:18","2024-04-14 14:01:18","2024-04-14 14:01:18","692-699","","","","","","","","","","","MIT Press","","en","","","","","direct.mit.edu","","","","C:\Users\User\Documents\99_Papers\VeenstraF et al\Veenstra et al_2016_Generating Artificial Plant Morphologies for Function and Aesthetics through.pdf","","","","","","","","","","","","","","","","","","","","","","","","","","","","","","","","","","ALIFE 2016, the Fifteenth International Conference on the Synthesis and Simulation of Living Systems","","","","","","","","","","","","","","",""
"YEP5VZDJ","conferencePaper","2016","Merelo, Juan-J.; de Las Cuevas, Paloma; García-Sánchez, Pablo; García-Valdez, Mario","The human in the loop: volunteer-based metacomputers as a socio-technical system","","","","10.1162/978-0-262-33936-0-ch103","https://dx.doi.org/10.1162/978-0-262-33936-0-ch103","Abstract. Volunteer computing is a form of distributed computing where users decide on their participation and the amount of time and other resources they will lend. This makes them an essential part of the algorithm and of the performance of the whole system. As a socio-technical system, this participation follows some patterns and in this paper we examine the result of several volunteer distributed evolutionary computation experiments and try to find out what those patterns are and what makes an experiment successful or not, including the feedback loop that is created between the users and the algorithm itself.","2016-07-01","2024-04-14 14:01:17","2024-04-14 14:01:17","2024-04-14 14:01:17","648-655","","","","","","The human in the loop","","","","","MIT Press","","en","","","","","direct.mit.edu","","","","C:\Users\User\Documents\99_Papers\MereloJ et al\Merelo et al_2016_The human in the loop.pdf","","","","","","","","","","","","","","","","","","","","","","","","","","","","","","","","","","ALIFE 2016, the Fifteenth International Conference on the Synthesis and Simulation of Living Systems","","","","","","","","","","","","","","",""
"EXQG6N4F","conferencePaper","2016","Tabarez-Paz, Israel; Rudomin, Isaac; Pérez, Hugo","Support Vector Machine and Spiking Neural Networks for Data Driven prediction of crowd character movement","","","","10.1162/978-0-262-33936-0-ch102","https://dx.doi.org/10.1162/978-0-262-33936-0-ch102","Abstract. Microscopic crowd simulation usually uses ad-hoc models. While these have been proven to be useful, they are difficult to calibrate and do not always reflect real behaviour. For this reason we propose a machine learning approach using neural networks. The main contribution of the project is a first exploration of prediction of agent trajectories using two specific types of neural networks, Support Vector Machine (SVM) and Spiking Neural Networks (SNN).","2016-07-01","2024-04-14 14:01:16","2024-04-14 14:01:16","2024-04-14 14:01:16","638-645","","","","","","","","","","","MIT Press","","en","","","","","direct.mit.edu","","","","C:\Users\User\Documents\99_Papers\Tabarez-PazI et al\Tabarez-Paz et al_2016_Support Vector Machine and Spiking Neural Networks for Data Driven prediction.pdf","","","","","","","","","","","","","","","","","","","","","","","","","","","","","","","","","","ALIFE 2016, the Fifteenth International Conference on the Synthesis and Simulation of Living Systems","","","","","","","","","","","","","","",""
"F7VF7V8S","conferencePaper","2016","Tuyls, Karl; Alers, Sjriek; Cucco, Elisa; Claes, Daniel; Bloembergen, Daan","A Telepresence-Robot Approach for Efficient Coordination of Swarms","","","","10.1162/978-0-262-33936-0-ch106","https://dx.doi.org/10.1162/978-0-262-33936-0-ch106","Abstract. In this paper we explore a novel perspective on surveillance robotics, which is based on a coordination principle of honeybees, and on the integration of an autonomous telepresence robot in such system. Coordination principles, based on biological systems such as ant, bee and termite colonies, show several properties which are essential to multi-robot surveillance, including low computation load, robustness, scalability and adaptability. In this paper we aim to improve on the efficiency of such a robotic swarm by taking a human in the loop by means of a telepresence robot. The human operator controlling the telepresence robot will aim to speed up the convergence of the swarm. The experiments, which evaluate the proposed multi- robot coordination system both in simulation and on real robots, show how the telepresence robot substantially increases the efficiency of the process.","2016-07-01","2024-04-14 14:01:15","2024-04-14 14:01:15","2024-04-14 14:01:15","666-673","","","","","","","","","","","MIT Press","","en","","","","","direct.mit.edu","","","","C:\Users\User\Documents\99_Papers\TuylsK et al\Tuyls et al_2016_A Telepresence-Robot Approach for Efficient Coordination of Swarms.pdf","","","","","","","","","","","","","","","","","","","","","","","","","","","","","","","","","","ALIFE 2016, the Fifteenth International Conference on the Synthesis and Simulation of Living Systems","","","","","","","","","","","","","","",""
"J5KIY8US","conferencePaper","2016","Maeda, Mizuo; Song, Simon; Won, June; Ozasa, Kazunari","Artificial Interaction between Two Isolated Micro-Algae Populations for Autonomous Pattern and Rhythm Formation","","","","10.1162/978-0-262-33936-0-ch101","https://dx.doi.org/10.1162/978-0-262-33936-0-ch101","Abstract. We demonstrated new scheme of artificial life, which conducts the temporal evolution of real-living-cell distribution by giving programmable interactions to the cells. By using optical interlink feedback, two groups of isolated micro-algae cells were artificially interacted each other. The micro-algae cells responded to the illumination pattern produced with artificially designed algorithms, leading to the autonomous evolution of cell distribution in micro-aquariums. Habitat domain separation and autonomous oscillation of cell density were realized with the interlink feedback. In habitat domain separation, the initial fluctuation of cell density distribution grew with the interlink feedback, accompanying clustering of high-density areas. In autonomous oscillation, the photo-responses of two micro- algae determined the period and waveform of the oscillation.","2016-07-01","2024-04-14 14:01:15","2024-04-14 14:01:15","2024-04-14 14:01:15","636-637","","","","","","","","","","","MIT Press","","en","","","","","direct.mit.edu","","","","","","","","","","","","","","","","","","","","","","","","","","","","","","","","","","","","","","ALIFE 2016, the Fifteenth International Conference on the Synthesis and Simulation of Living Systems","","","","","","","","","","","","","","",""
"RFQSY58T","conferencePaper","2016","Williams, Lance R.","A Self-Replicating System of Ribosome and Replisome Factories","","","","10.1162/978-0-262-33936-0-ch098","https://dx.doi.org/10.1162/978-0-262-33936-0-ch098","Abstract. An artificial chemistry with composition devices borrowed from object-oriented and functional programming languages was introduced in prior work. Actors in object-oriented combinator chemistry are embedded in space and subject to diffusion; since they are neither created nor destroyed, mass is conserved. This paper further develops these ideas and applies them in significant ways. First, it introduces the concept of a self-replicating systems normalized complexity. Normalized complexity permits comparisons between artificial organisms defined in different virtual worlds by explicitly accounting for the relative complexities of both organism and world. Second, object-oriented combinator chemistry is used to define a parallel, asynchronous, spatially distributed self-replicating system modeled in part on the living cell. This system is strongly constructive since interactions among its parts results in the construction of more of these same parts; constructed parts are assembled from elements of a few primitive types. The systems high normalized complexity is contrasted with that of a simple composome, which is also defined.","2016-07-01","2024-04-14 14:01:14","2024-04-14 14:01:14","2024-04-14 14:01:14","616-623","","","","","","","","","","","MIT Press","","en","","","","","direct.mit.edu","","","","C:\Users\User\Documents\99_Papers\WilliamsL\Williams_2016_A Self-Replicating System of Ribosome and Replisome Factories.pdf","","","","","","","","","","","","","","","","","","","","","","","","","","","","","","","","","","ALIFE 2016, the Fifteenth International Conference on the Synthesis and Simulation of Living Systems","","","","","","","","","","","","","","",""
"2MDZZSCX","conferencePaper","2016","Nalepka, Patrick; Lamb, Maurice; Kallen, Rachel W.; Shockley, Kevin; Chemero, Anthony; Richardson, Michael J.","A Bio-Inspired Artificial Agent to Complete a Herding Task with Novices","","","","10.1162/978-0-262-33936-0-ch104","https://dx.doi.org/10.1162/978-0-262-33936-0-ch104","Abstract. Models of robust human-human coordination can guide the design of adaptive and responsive human-robot systems. Here we test an artificial agent that embodies low- dimensional nonlinear dynamic equations derived from human behavior while completing a two-agent herding task, where the goal is to contain reactive spheres to the center of a target region. The model was able to complete the task alongside human novices in a virtual version of the experimental setup used in Nalepka and colleagues (submitted). Not only did the model lead participants to successful performance, but also 12 out of 18 participants reported that they believed their partner was a human participant in another room. The model was therefore able to capture the complex social behavior that defined robust task success in terms of lower dimensional dynamical equations that characterizes the emergent behavioral dynamics of embedded multiagent behavior.","2016-07-01","2024-04-14 14:01:13","2024-04-14 14:01:13","2024-04-14 14:01:13","656-663","","","","","","","","","","","MIT Press","","en","","","","","direct.mit.edu","","","","C:\Users\User\Documents\99_Papers\NalepkaP et al\Nalepka et al_2016_A Bio-Inspired Artificial Agent to Complete a Herding Task with Novices.pdf","","","","","","","","","","","","","","","","","","","","","","","","","","","","","","","","","","ALIFE 2016, the Fifteenth International Conference on the Synthesis and Simulation of Living Systems","","","","","","","","","","","","","","",""
"NTJ8KFRM","conferencePaper","2016","Bartlett, Stuart; Bullock, Seth","A Precarious Existence: Thermal Homeostasis of Simple Dissipative Structures","","","","10.1162/978-0-262-33936-0-ch097","https://dx.doi.org/10.1162/978-0-262-33936-0-ch097","Abstract. We demonstrate the emergence of spontaneous temperature regulation by the combined action of two sets of dissipative structures. Our model system comprised an incompressible, non-isothermal fluid in which two sets of Gray-Scott reaction diffusion systems were embedded. We show that with a temperature dependent rate constant, self-reproducing spot patterns are extremely sensitive to temperature variations. Furthermore, if only one reaction is exothermic or endothermic while the second reaction has zero enthalpy, the system shows either runaway positive feedback, or the patterns inhibit themselves. However, a symbiotic system, in which one of the two reactions is exothermic and the other is endothermic, shows striking resilience to imposed temperature variations. Not only does the system maintain its emergent patterns, but it is seen to effectively regulate its internal temperature, no matter whether the boundary temperature is warmer or cooler than optimal growth conditions. This thermal homeostasis is a completely emergent feature.","2016-07-01","2024-04-14 14:01:13","2024-04-14 14:01:13","2024-04-14 14:01:13","608-615","","","","","","A Precarious Existence","","","","","MIT Press","","en","","","","","direct.mit.edu","","","","C:\Users\User\Documents\99_Papers\BartlettS_BullockS\Bartlett_Bullock_2016_A Precarious Existence.pdf","","","","","","","","","","","","","","","","","","","","","","","","","","","","","","","","","","ALIFE 2016, the Fifteenth International Conference on the Synthesis and Simulation of Living Systems","","","","","","","","","","","","","","",""
"UWXTKBC3","conferencePaper","2016","Krastev, Mihail; Sebald, Angelika; Stepney, Susan","Emergent Bonding Properties in the Spiky RBN AChem","","","","10.1162/978-0-262-33936-0-ch096","https://dx.doi.org/10.1162/978-0-262-33936-0-ch096","Abstract. We present a subsymbolic Artificial Chemistry (ssAChem) in which all properties relevant to bonding are emergent from the underlying dynamical system (an RBN). We explore this ssAChem by evolving a seed set of atomic particles and showing the type of composite particles the system can produce.","2016-07-01","2024-04-14 14:01:10","2024-04-14 14:01:10","2024-04-14 14:01:10","600-607","","","","","","","","","","","MIT Press","","en","","","","","direct.mit.edu","","","","C:\Users\User\Documents\99_Papers\KrastevM et al\Krastev et al_2016_Emergent Bonding Properties in the Spiky RBN AChem.pdf","","","","","","","","","","","","","","","","","","","","","","","","","","","","","","","","","","ALIFE 2016, the Fifteenth International Conference on the Synthesis and Simulation of Living Systems","","","","","","","","","","","","","","",""
"L6HWYX5B","conferencePaper","2016","Nejatimoharrami, F.; Faíña, A.; Cejkova, J.; Hanczyc, M. M.; Stoy, K.","Robotic Automation to Augment Quality of Artificial Chemical Life Experiments","","","","10.1162/978-0-262-33936-0-ch100","https://dx.doi.org/10.1162/978-0-262-33936-0-ch100","Abstract. We describe experimentation with robots together with computer vision to improve various artificial chemical life systems. We investigate a case study, where the use of the robot enables timely, and precise verification of the experiment results with fixed parameters. In addition, new possibilities to promote the quality of artificial life experiments, such as positioning droplets at equidistant intervals or in patterns are discussed.","2016-07-01","2024-04-14 14:01:10","2024-04-14 14:01:10","2024-04-14 14:01:10","634-635","","","","","","","","","","","MIT Press","","en","","","","","direct.mit.edu","","","","C:\Users\User\Documents\99_Papers\NejatimoharramiF et al\Nejatimoharrami et al_2016_Robotic Automation to Augment Quality of Artificial Chemical Life Experiments.pdf","","","","","","","","","","","","","","","","","","","","","","","","","","","","","","","","","","ALIFE 2016, the Fifteenth International Conference on the Synthesis and Simulation of Living Systems","","","","","","","","","","","","","","",""
"R4H2VUCK","conferencePaper","2016","Faíña, A.; Nejatimoharrami, F.; Stoy, K.; Theodosiou, P.; Taylor, B.; Ieropoulos, I.","EvoBot: An Open-Source, Modular Liquid Handling Robot for Nurturing Microbial Fuel Cells","","","","10.1162/978-0-262-33936-0-ch099","https://dx.doi.org/10.1162/978-0-262-33936-0-ch099","Abstract. Liquid handling robots are rarely used in the domain of artificial life. In this field, transitory behaviours of non-equilibrium man-made systems are studied and need an automatic monitoring and logging of results. In addition, artificial life experiments are dynamic with frequent changes, which makes it difficult to apply conventional liquid handling robots as they are designed to automate a pre-defined task. In order to address these issues, we have developed an open source liquid handling robot, EvoBot. It uses a modular approach, which gives us the possibility to reconfigure the robot for different experiments and make it possible for users to add functionality by just developing a function specific module. In addition, it provides sensors and extra functionality for monitoring an experiment, which allows researchers to perform interactive experiments with the aim of prolonging non- equilibrium conditions. In this paper, we describe the modular design of EvoBot, document its performance, and provide a novel example of an interactive experiment in artificial life, where the robot nurtures a microbial fuel cell based on its voltage output.","2016-07-01","2024-04-14 14:01:10","2024-04-14 14:01:10","2024-04-14 14:01:10","626-633","","","","","","EvoBot","","","","","MIT Press","","en","","","","","direct.mit.edu","","","","C:\Users\User\Documents\99_Papers\FaíñaA et al\Faíña et al_2016_EvoBot.pdf","","","","","","","","","","","","","","","","","","","","","","","","","","","","","","","","","","ALIFE 2016, the Fifteenth International Conference on the Synthesis and Simulation of Living Systems","","","","","","","","","","","","","","",""
"9TAMNHUK","conferencePaper","2016","Virgo, Nathaniel","Thresholds in Messy Chemistries","","","","10.1162/978-0-262-33936-0-ch095","https://dx.doi.org/10.1162/978-0-262-33936-0-ch095","Abstract. Many of the chemistries studied by chemists as being relevant to the origins of life produce a combinatorial explosion of products. Researchers in the origins of life have traditionally regarded such combinatorial explosions as a problem that needs to be overcome, but due to recent technological advances there is an increasing interest in understanding these combinatorially complex chemistries as complex dynamical systems in their own right. An important question is whether a sufficiently large and complex reaction network can, in some quantitative sense, behave fundamentally differently from what is possible in the clean chemistries more usually studied by chemists. Here I argue for an affirmative answer to this question, with the aid of a simple toy example. The example shows the existence of a phase transition, leading to a threshold effect of a kind that cannot occur in a small reaction network. This threshold is closely re- lated to Eigens error threshold. However, while the error threshold occurs in a very structured chemistry (template replication), this transition occurs in a very unstructured chemistry more closely resembling Kauffmans autocatalytic set model. The significance of this result lies not in the scenario presented, but in showing that such threshold phenomena can exist in messy chemistries at all.","2016-07-01","2024-04-14 14:01:07","2024-04-14 14:01:07","2024-04-14 14:01:07","598-599","","","","","","","","","","","MIT Press","","en","","","","","direct.mit.edu","","","","C:\Users\User\Documents\99_Papers\VirgoN\Virgo_2016_Thresholds in Messy Chemistries.pdf","","","","","","","","","","","","","","","","","","","","","","","","","","","","","","","","","","ALIFE 2016, the Fifteenth International Conference on the Synthesis and Simulation of Living Systems","","","","","","","","","","","","","","",""
"MFQSK8LV","conferencePaper","2016","Soula, Hedi A.","Generalized Stochastic simulation algorithm for Artificial Chemistry","","","","10.1162/978-0-262-33936-0-ch094","https://dx.doi.org/10.1162/978-0-262-33936-0-ch094","Abstract. Artificial chemistries (AC) are useful tools and a simple shortcut for the study of artificial life. In many works, ACs are quite straightforward or simplistic or highly unrealistic (or all combined) but in several works AC are extremely complex. Among them, we focus of Hutton Artificial Chemistry HuAC where reactions act on the nodes of a graph (so-called the atoms) where the connected components composed the actual molecules of the environment. The main works from Hutton are based on a 2D simulator (squirm) with auto-replication and several other properties. This paper proposes a computation framework and software that cancel the need for 2d space simulation in the HuAC while keeping a lot of the features of this chemistry. It relies on the Stochastic Simulation Algorithm that has been here adapted to work on graph structure. In order to test it, we simulated Huttons auto-replication which relies heavily on strong spatial inter- actions in a spaceless environment. In addition, due to the increase in performance, we develop some preliminary work on Random Chemical Worlds where reactions are randomly selected. We showed on simple metrics that the fraction of reactions among all possible is a general parameter that acts on the system similarly to a phase transition.","2016-07-01","2024-04-14 14:01:06","2024-04-14 14:01:06","2024-04-14 14:01:06","590-597","","","","","","","","","","","MIT Press","","en","","","","","direct.mit.edu","","","","C:\Users\User\Documents\99_Papers\SoulaH\Soula_2016_Generalized Stochastic simulation algorithm for Artificial Chemistry.pdf","","","","","","","","","","","","","","","","","","","","","","","","","","","","","","","","","","ALIFE 2016, the Fifteenth International Conference on the Synthesis and Simulation of Living Systems","","","","","","","","","","","","","","",""
"NNDE8V7U","conferencePaper","2016","Faulkner, Penelope; Sebald, Angelika; Stepney, Susan","Jordan Algebra AChems: Exploiting Mathematical Richness for Open Ended Design","","","","10.1162/978-0-262-33936-0-ch093","https://dx.doi.org/10.1162/978-0-262-33936-0-ch093","Abstract. We identify some desired mathematical properties of bonds in an Artificial Chemistry (AChem) that promote complexity and open-ended behaviour (i.e. an AChem not designed to display particular behaviours). We identify the underlying structures created by different properties of mathematical products. We use these to exploit existing algebra to generate a potentially open-ended subsymbolic Achem (ssAChem). We give examples of how our approach leads to interesting behaviour, focused on the structure of composite particles within our system.","2016-07-01","2024-04-14 14:01:05","2024-04-14 14:01:05","2024-04-14 14:01:05","582-589","","","","","","Jordan Algebra AChems","","","","","MIT Press","","en","","","","","direct.mit.edu","","","","C:\Users\User\Documents\99_Papers\FaulknerP et al\Faulkner et al_2016_Jordan Algebra AChems.pdf","","","","","","","","","","","","","","","","","","","","","","","","","","","","","","","","","","ALIFE 2016, the Fifteenth International Conference on the Synthesis and Simulation of Living Systems","","","","","","","","","","","","","","",""
"BCMTVKU7","conferencePaper","2016","Sánchez Castellanos, Héctor Manuel; Vallejo, Edgar E.; Taylor, Charles E.","PajaroLoco: A suite of programs to study complex adaptive properties of animal language. An example of a Cassins vireo syntax network.","","","","10.1162/978-0-262-33936-0-ch092","https://dx.doi.org/10.1162/978-0-262-33936-0-ch092","Abstract. Animal language may be regarded as a complex adaptive system. Although there is software for identifying linguistic units or phrases in animal vocalisations, packages for analysing the grammatical properties of phrases sequences are scarce. PajaroLoco is an open-source Mathematica package for the study of these features. This paper is a demonstration of the capabilites of PajaroLoco using as an example the syntax network from a Cassins Vireo individual. Our intention is to illustrate how it could be used for other network analysis tasks in the artificial life community. It should be noted, though, that it is not our purpose to perform a thorough description of the species grammar as we are currently working on other aspects of that field of study (Arriaga et al., 2015; Hedley, 2015).","2016-07-01","2024-04-14 14:01:04","2024-04-14 14:01:04","2024-04-14 14:01:04","578-579","","","","","","PajaroLoco","","","","","MIT Press","","en","","","","","direct.mit.edu","","","","C:\Users\User\Documents\99_Papers\Sánchez CastellanosH et al\Sánchez Castellanos et al_2016_PajaroLoco.pdf","","","","","","","","","","","","","","","","","","","","","","","","","","","","","","","","","","ALIFE 2016, the Fifteenth International Conference on the Synthesis and Simulation of Living Systems","","","","","","","","","","","","","","",""
"UTFFUEDA","conferencePaper","2016","Espinal-Enríquez, Jesús; Mejía-Pedroza, Raúl Alejandro; Hernández-Lemus, Enrique","A Boolean network model for invasive thyroid carcinoma","","","","10.1162/978-0-262-33936-0-ch091","https://dx.doi.org/10.1162/978-0-262-33936-0-ch091","Abstract. Thyroid cancer is a common endocrine system neoplasm characterized by being extremely heterogeneous and of unexplained incidence (idiopathic). Some subtypes of thyroid cancer are more aggressive than others and for this reason treatment needs to be differential. Nonetheless, due to its inherent variability, prognosis based on pathology and/or bio-chemical profiling often fails leading to a delay in proper therapeutics that increases significantly the associated mortality. The most aggressive thyroid tumors are characterized by an increase in the destruction of extracellular matrix, this is done by the matrix metalloproteinases (MMPs). The regulation of MMPs is finely tuned by several molecules, but the dynamical mechanisms which control this pathway are still unknown. Here, based on detailed molecular interaction information coming from functional tests and gene expression experiments, we develop a boolean model of the matrix metalloproteinases pathway in thyroid cancer. By observing steady state conditions perturbing the network by simulating a specific drug, we find that TNFA could be a major target of this pathway. The approach performed here could allow to understand the finely regulated process to maintain extracellular matrix homeostasis.","2016-07-01","2024-04-14 14:01:03","2024-04-14 14:01:03","2024-04-14 14:01:03","570-577","","","","","","","","","","","MIT Press","","en","","","","","direct.mit.edu","","","","C:\Users\User\Documents\99_Papers\Espinal-EnríquezJ et al\Espinal-Enríquez et al_2016_A Boolean network model for invasive thyroid carcinoma.pdf","","","","","","","","","","","","","","","","","","","","","","","","","","","","","","","","","","ALIFE 2016, the Fifteenth International Conference on the Synthesis and Simulation of Living Systems","","","","","","","","","","","","","","",""
"M2VHGPR7","conferencePaper","2016","Yuen, Douglas; Jacob, Christian","Eukaryo: An Agent-based, Interactive Simulation of a Eukaryotic Cell","","","","10.1162/978-0-262-33936-0-ch090","https://dx.doi.org/10.1162/978-0-262-33936-0-ch090","Abstract. Eukaryo is a 3D, interactive simulation of a eukaryotic cell. In comparison to existing cell simulations, our model illustrates the structures and processes within a biological cell with increased fidelity and a higher degree of real-time interactivity using a virtual reality environment. Implemented in a game engine, Eukaryo is a hybrid model that combines agent-based and mathematical modelling. Through the use of visual scripting, Eukaryo incorporates both agent-based modelling and mathematical representations to describe gene expression, energy production and waste removal within the cell in a highly visual, interactive simulation environment. With the help of virtual reality displays, users can be immersed in the crowded spaces of biomolecular worlds and observe metabolic reactions at a high level of detail. Compared to traditional media, such as illustrations and videos, Eukaryo offers superior representations of cellular architecture, its components and dynamics of the machineries of life.","2016-07-01","2024-04-14 14:01:03","2024-04-14 14:01:03","2024-04-14 14:01:03","562-569","","","","","","Eukaryo","","","","","MIT Press","","en","","","","","direct.mit.edu","","","","C:\Users\User\Documents\99_Papers\YuenD_JacobC\Yuen_Jacob_2016_Eukaryo.pdf","","","","","","","","","","","","","","","","","","","","","","","","","","","","","","","","","","ALIFE 2016, the Fifteenth International Conference on the Synthesis and Simulation of Living Systems","","","","","","","","","","","","","","",""
"TBM7WVUV","conferencePaper","2016","Tehrani-Saleh, Ali; Olson, Randal S.; Adami, Christoph","Flies as Ship Captains? Digital Evolution Unravels Selective Pressures to Avoid Collision in Drosophila","","","","10.1162/978-0-262-33936-0-ch089","https://dx.doi.org/10.1162/978-0-262-33936-0-ch089","Abstract. Flies that walk in a covered planar arena on straight paths avoid colliding with each other, but which of the two flies stops is not random. High-throughput video observations, coupled with dedicated experiments with controlled robot flies have revealed that flies utilize the type of optic flow on their retina as a determinant of who should stop, a strategy also used by ship captains to determine which of two ships on a collision course should throw engines in reverse. We use digital evolution to test whether this strategy evolves when collision avoidance is the sole selective pressure. We find that the strategy does indeed evolve in a narrow range of cost/benefit ratios, for experiments in which the regressive motion cue is error free. We speculate that these stringent conditions may not be sufficient to evolve the strategy in real flies, pointing perhaps to auxiliary costs and benefits not modeled in our study.","2016-07-01","2024-04-14 14:01:02","2024-04-14 14:01:02","2024-04-14 14:01:02","554-561","","","","","","Flies as Ship Captains?","","","","","MIT Press","","en","","","","","direct.mit.edu","","","","C:\Users\User\Documents\99_Papers\Tehrani-SalehA et al\Tehrani-Saleh et al_2016_Flies as Ship Captains.pdf","","","","","","","","","","","","","","","","","","","","","","","","","","","","","","","","","","ALIFE 2016, the Fifteenth International Conference on the Synthesis and Simulation of Living Systems","","","","","","","","","","","","","","",""
"Q6AYS22K","conferencePaper","2016","Wu, Andrew; Davison, Timothy; Jacob, Christian","A 3D Multiscale Model of Chemotaxis in Bacteria","","","","10.1162/978-0-262-33936-0-ch088","https://dx.doi.org/10.1162/978-0-262-33936-0-ch088","Abstract. We present an interactive, agent-based, multi-scale 3D model of a colony of E. coli bacteria. We simulate chemical diffusion on an agar plate which is inhabited by a colony of bacterial cells. The cells interact with a discrete grid that models diffusion of attractants and repellents, to which the cells react. For each bacterium, we simulate its chemotactic behaviour, making a cell either follow a gradient or tumble. Cell propulsion is determined by the spinning direction of the motors that drive its flagella. In an agent-based model, we have implemented the molecular elements that comprise the two key chemotactic pathways of excitation and adaptation, which, in turn, regulate the motors and influence a cells movement through the agar medium. We show four interconnected model layers that capture the biological processes from the colony layer down to the level of interacting molecules.","2016-07-01","2024-04-14 14:01:01","2024-04-14 14:01:01","2024-04-14 14:01:01","546-553","","","","","","","","","","","MIT Press","","en","","","","","direct.mit.edu","","","","C:\Users\User\Documents\99_Papers\WuA et al\Wu et al_2016_A 3D Multiscale Model of Chemotaxis in Bacteria.pdf","","","","","","","","","","","","","","","","","","","","","","","","","","","","","","","","","","ALIFE 2016, the Fifteenth International Conference on the Synthesis and Simulation of Living Systems","","","","","","","","","","","","","","",""
"YXX58HAW","conferencePaper","2016","Izquierdo, Eduardo J.; Beer, Randall D.","Propagation of rhythmic dorsoventral wave in a neuromechanical model of locomotion in Caernohabditis elegans","","","","10.1162/978-0-262-33936-0-ch087","https://dx.doi.org/10.1162/978-0-262-33936-0-ch087","Abstract. With 302 neurons and a fully reconstructed connectome, Caernohabditis elegans is an ideal candidate organism to study how behavior is grounded in the interaction between an organism's brain, its body, and its environment. Since nearly its entire behavioral repertoire is expressed through movement, understanding the neuromechanical basis of locomotion is especially critical as a foundation upon which analyses of all other behaviors must build. In this extended abstract, we report on the evolution and analysis of an integrated neuromechanical model of forward locomotion.","2016-07-01","2024-04-14 13:59:18","2024-04-14 13:59:18","2024-04-14 13:59:18","544-545","","","","","","","","","","","MIT Press","","en","","","","","direct.mit.edu","","","","C:\Users\User\Documents\99_Papers\IzquierdoE_BeerR\Izquierdo_Beer_2016_Propagation of rhythmic dorsoventral wave in a neuromechanical model of.pdf","","","","","","","","","","","","","","","","","","","","","","","","","","","","","","","","","","ALIFE 2016, the Fifteenth International Conference on the Synthesis and Simulation of Living Systems","","","","","","","","","","","","","","",""
"QRHEBWED","conferencePaper","2016","Arriaga, Julio G.; Hedley, Richard; Vallejo, Edgar E.; Taylor, Charles E.","Learning Cassins Vireo (Vireo cassinii) syntax through grammatical inference","","","","10.1162/978-0-262-33936-0-ch086","https://dx.doi.org/10.1162/978-0-262-33936-0-ch086","Abstract. Birdsong may be regarded as a complex adaptive system. In this paper we study the relationship between complexity and consistency of an evolving model of Cassins Vireo syntax, using a genetic algorithm to approximate a Minimal Consistent Deterministic Finite-state Automata (MCDFA) capable of accepting vocal sequences produced by birds of the study species. Our results imply that, despite the complex vocal behaviour of this species, the complexity of the model can be reduced considerably to encompass all of the positive samples while retaining the ability to exclude similar negative samples. These results suggest the existence of important regularities in the song sequences of this species.","2016-07-01","2024-04-14 13:59:11","2024-04-14 13:59:11","2024-04-14 13:59:11","536-543","","","","","","","","","","","MIT Press","","en","","","","","direct.mit.edu","","","","C:\Users\User\Documents\99_Papers\ArriagaJ et al\Arriaga et al_2016_Learning Cassins Vireo (Vireo cassinii) syntax through grammatical inference.pdf","","","","","","","","","","","","","","","","","","","","","","","","","","","","","","","","","","ALIFE 2016, the Fifteenth International Conference on the Synthesis and Simulation of Living Systems","","","","","","","","","","","","","","",""
"KCJJ8Y4X","conferencePaper","2016","Serlin, Zachary; Rife, Jason; Levin, Michael","A Level Set Approach to Simulating Xenopus laevis Tail Regeneration","","","","10.1162/978-0-262-33936-0-ch085","https://dx.doi.org/10.1162/978-0-262-33936-0-ch085","Abstract. A framework for predictively linking cell-level signaling with larger scale patterning in regeneration and growth has yet to be created within the field of regenerative biology. If this could be achieved, regeneration (controlled cell growth), cancer (uncontrolled cell growth), and birth defects (mispatterning of cell growth) could be more easily understood and manipulated. This paper looks to create a key part of this preliminary framework by using level set methods and a cellular control scheme to predict macroscopic regenerative morphology. This simulation specifically looks at Xenopus laevis tail regeneration, and uses three control regimes to collectively mimic biological regeneration. The algorithm shows promise in creating an abstracted model to predict cell patterning on a macroscopic level.","2016-07-01","2024-04-14 13:59:09","2024-04-14 13:59:09","2024-04-14 13:59:09","528-535","","","","","","","","","","","MIT Press","","en","","","","","direct.mit.edu","","","","C:\Users\User\Documents\99_Papers\SerlinZ et al\Serlin et al_2016_A Level Set Approach to Simulating Xenopus laevis Tail Regeneration.pdf","","","","","","","","","","","","","","","","","","","","","","","","","","","","","","","","","","ALIFE 2016, the Fifteenth International Conference on the Synthesis and Simulation of Living Systems","","","","","","","","","","","","","","",""
"N2X4RFE6","conferencePaper","2016","Vaughan, Neil","Visual Navigation in Simulated Pigeons","","","","10.1162/978-0-262-33936-0-ch084","https://dx.doi.org/10.1162/978-0-262-33936-0-ch084","Abstract. This research presents computational models to represent visual navigation mechanisms which guide pigeons (Columba Livia) during flight. A 3D graphics computer simulator was developed to model autonomous flight in virtual pigeons. The aim was to investigate the role of (i) visual landmarks (ii) flocking with other pigeons and (iii) image familiarity in pigeon navigation. A recursive processing algorithm enabled landmarks and other pigeons to be located, identified and counted. Image processing could form a feasible mechanism for autonomous visual navigation by identification of familiar route headings. This could be used in autonomous flying drones or flight simulators.","2016-07-01","2024-04-14 13:59:03","2024-04-14 13:59:03","2024-04-14 13:59:03","526-527","","","","","","","","","","","MIT Press","","en","","","","","direct.mit.edu","","","","C:\Users\User\Documents\99_Papers\VaughanN\Vaughan_2016_Visual Navigation in Simulated Pigeons.pdf","","","","","","","","","","","","","","","","","","","","","","","","","","","","","","","","","","ALIFE 2016, the Fifteenth International Conference on the Synthesis and Simulation of Living Systems","","","","","","","","","","","","","","",""
"GYL33AIY","conferencePaper","2016","Bullock, Seth","Shit Happens: The Spontaneous Self-Organisation of Communal Boundary Latrines via Stigmergy in a Null Model of the European Badger, Meles meles","","","","10.1162/978-0-262-33936-0-ch083","https://dx.doi.org/10.1162/978-0-262-33936-0-ch083","Abstract. The ability of European badgers to establish communal latrines at their territory boundaries is a well-known but poorly understood example of group-level biological organisation. To what extent might we expect it to arise via self-organisation rather than as the result of specific adaptations? This paper replicates and extends a model of badger foraging and territoriality to include defecation, fcotaxis and overmarking behaviours, and shows that communal boundary latrines arise spontaneously through stigmergy in both territorial and non-territorial badgers, with no need for specific cognitive or behavioural adaptations such as spatial memory, or individual recognition. The model suggests that fcotaxis and overmarking behaviours are necessary for boundary latrine formation, that culling has little effect on the prevalence of fcal sites (implicated in the spread of bovine tuberculosis in the UK), and that the spatial micro-structure of the environment is significant to the self-organisation process.","2016-07-01","2024-04-14 13:59:03","2024-04-14 13:59:03","2024-04-14 13:59:03","518-525","","","","","","Shit Happens","","","","","MIT Press","","en","","","","","direct.mit.edu","","","","C:\Users\User\Documents\99_Papers\BullockS\Bullock_2016_Shit Happens.pdf","","","","","","","","","","","","","","","","","","","","","","","","","","","","","","","","","","ALIFE 2016, the Fifteenth International Conference on the Synthesis and Simulation of Living Systems","","","","","","","","","","","","","","",""
"IVAAVNSN","conferencePaper","2016","Marriott, Chris; Chebib, Jobran","Divergent Cumulative Cultural Evolution","","","","10.1162/978-0-262-33936-0-ch082","https://dx.doi.org/10.1162/978-0-262-33936-0-ch082","Abstract. Divergent cumulative cultural evolution occurs when the cultural evolutionary trajectory diverges from the biological evolutionary trajectory. We consider the conditions under which divergent cumulative cultural evolution can occur. We hypothesize that two conditions are necessary. First that genetic and cultural information are stored separately in the agent. Second cultural information must be transferred horizontally between agents of different generations. We implement a model with these properties and show evidence of divergent cultural evolution under both cooperative and competitive selection pressures.","2016-07-01","2024-04-14 13:59:02","2024-04-14 13:59:02","2024-04-14 13:59:02","508-515","","","","","","","","","","","MIT Press","","en","","","","","direct.mit.edu","","","","C:\Users\User\Documents\99_Papers\MarriottC_ChebibJ\Marriott_Chebib_2016_Divergent Cumulative Cultural Evolution.pdf","","","","","","","","","","","","","","","","","","","","","","","","","","","","","","","","","","ALIFE 2016, the Fifteenth International Conference on the Synthesis and Simulation of Living Systems","","","","","","","","","","","","","","",""
"HCPWJKXC","conferencePaper","2016","Marriott, Chris; Chebib, Jobran","Modeling the Evolution of Gene-Culture Divergence","","","","10.1162/978-0-262-33936-0-ch081","https://dx.doi.org/10.1162/978-0-262-33936-0-ch081","Abstract. We present a model for evolving agents using both genetic and cultural inheritance mechanisms. Within each agent our model maintains two distinct information stores we call the genome and the memome. Processes of adaptation are modeled as evolutionary processes at each level of adaptation (phylogenetic, ontogenetic, sociogenetic). We review relevant competing models and we show how our model improves on previous attempts to model genetic and cultural evolutionary processes. In particular we argue our model can achieve divergent gene-culture co-evolution.","2016-07-01","2024-04-14 13:59:01","2024-04-14 13:59:01","2024-04-14 13:59:01","500-507","","","","","","","","","","","MIT Press","","en","","","","","direct.mit.edu","","","","C:\Users\User\Documents\99_Papers\MarriottC_ChebibJ\Marriott_Chebib_2016_Modeling the Evolution of Gene-Culture Divergence.pdf","","","","","","","","","","","","","","","","","","","","","","","","","","","","","","","","","","ALIFE 2016, the Fifteenth International Conference on the Synthesis and Simulation of Living Systems","","","","","","","","","","","","","","",""
"EWPA8HAA","conferencePaper","2016","Brace, Lewys G.; Bullock, Seth","Understanding Language Evolution in Overlapping Generations of Reinforcement Learning Agents","","","","10.1162/978-0-262-33936-0-ch080","https://dx.doi.org/10.1162/978-0-262-33936-0-ch080","Abstract. Understanding how the dynamics of language learning and language change are influenced by the population structure of language users is crucial to understanding how lexical items and grammatical rules become established within the context of the cultural evolution of human language. This paper extends the recent body of work on the development of term-based languages through signalling games by exploring signalling game dynamics in a social population with overlapping generations. Specifically, we present a model with a dynamic population of agents, consisting of both mature and immature language users, where the latter learn from the formers interactions with one another before reaching maturity. It is shown that populations in which mature individuals converse with many partners are more able to solve more complex signalling games. While interacting with a higher number of individuals initially makes it more difficult for language users to establish a conventionalised language, doing so leads to increased diversity within the input for language learners, and that this prevents them from developing the more idiosyncratic language that emerge when agents only interact with a small number of individuals. This, in turn, prevents the signalling conventions having to be renegotiated with each new generation of language users, resulting in the emerging language being more stable over subsequent generations of language users. Furthermore, it is shown that allowing the children of language users to interact with one another is beneficial to the communicative success of the population when the number of partners that mature agents interact with is low.","2016-07-01","2024-04-14 13:58:55","2024-04-14 13:58:55","2024-04-14 13:58:55","492-499","","","","","","","","","","","MIT Press","","en","","","","","direct.mit.edu","","","","C:\Users\User\Documents\99_Papers\BraceL_BullockS\Brace_Bullock_2016_Understanding Language Evolution in Overlapping Generations of Reinforcement.pdf","","","","","","","","","","","","","","","","","","","","","","","","","","","","","","","","","","ALIFE 2016, the Fifteenth International Conference on the Synthesis and Simulation of Living Systems","","","","","","","","","","","","","","",""
"2J8MBVCT","conferencePaper","2016","Li, Xun; Miikkulainen, Risto","Evolving Artificial Language through Evolutionary Reinforcement Learning","","","","10.1162/978-0-262-33936-0-ch079","https://dx.doi.org/10.1162/978-0-262-33936-0-ch079","Abstract. Computational simulation of language evolution provides valuable insights into the origin of language. Simulating the evolution of language among agents in an artificial world also presents an interesting challenge in evolutionary computation and machine learning. In this paper, a jungle world is constructed where agents must accomplish different tasks such as hunting and mating by evolving their own language to coordinate their actions. In addition, all agents must acquire the language during their lifetime through interaction with other agents. This paper proposes the algorithm of Evolutionary Reinforcement Learning with Potentiation and Memory (ERL-POM) as a computational approach for achieving this goal. Experimental results show that ERL-POM is effective in situated simulation of language evolution, demonstrating that languages can be evolved in the artificial environment when communication is necessary for some or all of the tasks the agents perform.","2016-07-01","2024-04-14 13:58:54","2024-04-14 13:58:54","2024-04-14 13:58:54","484-491","","","","","","","","","","","MIT Press","","en","","","","","direct.mit.edu","","","","C:\Users\User\Documents\99_Papers\LiX_MiikkulainenR\Li_Miikkulainen_2016_Evolving Artificial Language through Evolutionary Reinforcement Learning.pdf","","","","","","","","","","","","","","","","","","","","","","","","","","","","","","","","","","ALIFE 2016, the Fifteenth International Conference on the Synthesis and Simulation of Living Systems","","","","","","","","","","","","","","",""
"WG9UUUYR","conferencePaper","2016","Kojima, Kazuaki; Suzuki, Reiji; Arita, Takaya","Equality seekers or moderate monopolists: Social structure affects the evolution of distributive norms","","","","10.1162/978-0-262-33936-0-ch078","https://dx.doi.org/10.1162/978-0-262-33936-0-ch078","Abstract. People in some societies tend to put a greater value on equality in distribution of resources even if they have to pay expensive court costs to achieve it, while people in some other societies tend to aim at a maximal share (the whole) but withdraw readily if any conflict occurs. Nash demand game (NDG) is a one-shot two-player game and has been widely used for modeling such bargaining situations in computational and game theoretic approaches. Each player simultaneously demands a portion of some good. If the total amount demanded by the players is less or equal than available good, each player obtains the claimed request. Otherwise, neither player gets anything. Whereas the studies using NDG can account for why people favor the equal distribution, it is too simple to deal with various distributive norms. We use the demand-intensity game (DIG) which adds a psychological factor to NDG while maintaining such simplicity that it can be analyzed by the concepts and tools of the game theory. The goal of this study is to clarify the origin and evolutionary dynamics of distributive norms using DIG. Previous studies have shown that population structures tend to promote cooperative behavior by means of cooperative clustering and assortative interactions. We perform the evolutionary simulation focusing on the effect of the population structures on the evolution of distributive norms. We show a surprising result that network structures significantly change the evolutionary scenario. A population distributed over a regular network tends to evolve a strong equality norm. However, as the random links increase in the network, the more we see the scenario in which monopolists occupy the population who ask for the whole but with a moderate intensity. This result might offer significant implications to us living in a world where an increasing number of people are connected to each other through social networking. We also find that network structures with some intermediate randomness create an interesting scenario in which several norms emerge in a cyclic manner.","2016-07-01","2024-04-14 13:58:54","2024-04-14 13:58:54","2024-04-14 13:58:54","480-481","","","","","","Equality seekers or moderate monopolists","","","","","MIT Press","","en","","","","","direct.mit.edu","","","","C:\Users\User\Documents\99_Papers\KojimaK et al\Kojima et al_2016_Equality seekers or moderate monopolists.pdf","","","","","","","","","","","","","","","","","","","","","","","","","","","","","","","","","","ALIFE 2016, the Fifteenth International Conference on the Synthesis and Simulation of Living Systems","","","","","","","","","","","","","","",""
"ACQTSE9T","conferencePaper","2016","Ulloa, Roberto; Froese, Tom","Nobility-targeting raids among the Classic Maya: Cooperation in scale-free networks persists under tournament attack when population size fluctuates","","","","10.1162/978-0-262-33936-0-ch077","https://dx.doi.org/10.1162/978-0-262-33936-0-ch077","Abstract. Cooperation in scale-free networks has proven to be very robust against removal of randomly selected nodes (error) but highly sensitive to removal of the most connected nodes (attack). In this paper we analyze two comparable types of node removal in which the removal selection is based on tournaments where the fittest (raids) or the least fit (battles) nodes are chosen. We associate the two removals to two types of Maya warfare offences during the Classic period. During this period of at least 500 years, political leaders were able to sustain social order in spite of attack-like offences to their social networks. We present a computational model with a population fluctuation mechanism that operates under an evolutionary game theoretic approach using the Prisoner's Dilemma as a metaphor of cooperation. We find that paradoxically battles are able to uphold cooperation under moderate levels of raids, although raids do have a strong impact on the network structure. We infer that cooperation does not depend as much on the structure as it does on the underlying mechanism that allows the network to readjust. We relate the results to the Maya Classic period, concluding that Mayan warfare by itself cannot entirely explain the Maya political collapse without appealing to other factors that increased the pressures against cooperation.","2016-07-01","2024-04-14 13:58:53","2024-04-14 13:58:53","2024-04-14 13:58:53","472-479","","","","","","Nobility-targeting raids among the Classic Maya","","","","","MIT Press","","en","","","","","direct.mit.edu","","","","C:\Users\User\Documents\99_Papers\UlloaR_FroeseT\Ulloa_Froese_2016_Nobility-targeting raids among the Classic Maya.pdf","","","","","","","","","","","","","","","","","","","","","","","","","","","","","","","","","","ALIFE 2016, the Fifteenth International Conference on the Synthesis and Simulation of Living Systems","","","","","","","","","","","","","","",""
"WR8UA34J","conferencePaper","2016","Santos, Fernando P.; Santos, Francisco C.; Pacheco, Jorge M.","Cooperation and Reputation in Primitive Societies","","","","10.1162/978-0-262-33936-0-ch076","https://dx.doi.org/10.1162/978-0-262-33936-0-ch076","Abstract. Indirect Reciprocity (IR) is possibly the most elaborated and cognitively demanding mechanism of cooperation discovered so far. It involves status and reputations and has been heralded as providing the biological basis of our morality. Most theoretical models employed to date have studied how IR can lead to the emergence and sustainability of cooperation in infinite populations. However, it is known that cooperation, norms, reciprocity and the art of managing reputations, are features that date back to primitive, small-scale societies, when interactions mostly occurred within tribes. In small populations, stochastic finite size effects are not only important, but may even render infinite populations analyses misleading. Thus, it remains an open question which norms prevail in small-scale societies and their influence in the evolutionary dynamics of IR. With the current extended abstract, we would like to offer a new analysis of this problem. In Santos et al. (2016) we show that population size strongly influences the merits of each social norm, while proposing a new formal tool to assess the evolutionary dynamics of reputation-based systems in finite populations. We show that a single social norm (Stern-Judging) emerges as the leading norm in small-scale societies. That simple norm dictates that only whoever cooperates with good individuals, and defects against bad ones, deserves a good reputation.","2016-07-01","2024-04-14 13:58:53","2024-04-14 13:58:53","2024-04-14 13:58:53","470-471","","","","","","","","","","","MIT Press","","en","","","","","direct.mit.edu","","","","C:\Users\User\Documents\99_Papers\SantosF et al\Santos et al_2016_Cooperation and Reputation in Primitive Societies.pdf","","","","","","","","","","","","","","","","","","","","","","","","","","","","","","","","","","ALIFE 2016, the Fifteenth International Conference on the Synthesis and Simulation of Living Systems","","","","","","","","","","","","","","",""
"LXZ6G7XF","conferencePaper","2016","Drost, Cornelis J.; Vander Linden, Marc","Cultural wave front expansion explains multiple stages of diversity during the Neolithic Transition in Europe","","","","10.1162/978-0-262-33936-0-ch075","https://dx.doi.org/10.1162/978-0-262-33936-0-ch075","Abstract. The Axelrod model of cultural dissemination is a convenient analogue to the description of archaeological cultures based on a series of material features, such as styles of pottery, agriculture, domestication, etc. Allowing a population to spread into uninhabited, or sparsely inhabited, territory, while undergoing cultural interaction, generates a wave front containing larger homogeneous cultures, with a backwater of diversity. A very similar process is observed in the neolithic transition -the arrival of the first farming technology at the end of the Mesolithic - in south- eastern Europe (c. 8000-6000 cBC), where the first observable neolithic cultures are large and homogeneous, and these are succeeded by greater diversity. The model presented here demonstrates how the dynamics of a spreading wave can explain the observed progression from large, spreading cultures to smaller, more diverse cultures.","2016-07-01","2024-04-14 13:58:47","2024-04-14 13:58:47","2024-04-14 13:58:47","468-469","","","","","","","","","","","MIT Press","","en","","","","","direct.mit.edu","","","","C:\Users\User\Documents\99_Papers\DrostC_Vander LindenM\Drost_Vander Linden_2016_Cultural wave front expansion explains multiple stages of diversity during the.pdf","","","","","","","","","","","","","","","","","","","","","","","","","","","","","","","","","","ALIFE 2016, the Fifteenth International Conference on the Synthesis and Simulation of Living Systems","","","","","","","","","","","","","","",""
"BH64PT7L","conferencePaper","2016","Silverman, Eric; Geard, Nic; Wood, Ian","Job Insecurity in Academic Research Employment: An Agent-Based Model","","","","10.1162/978-0-262-33936-0-ch074","https://dx.doi.org/10.1162/978-0-262-33936-0-ch074","Abstract. This paper presents an agent-based model of fixed-term academic employment in a competitive research funding environment based on UK academia. The goal of the model is to investigate the effects of job insecurity on research productivity. Agents may be either established academics who may apply for grants, or postdoctoral researchers who are unable to apply for grants and experience hardship when reaching the end of their fixed-term contracts. Model results show that in general adding fixed-term postdocs to the system produces less total research output than adding half as many permanent academics. An in-depth sensitivity analysis is performed across postdoc scenarios, and indicates that promoting more postdocs into permanent positions produces significant increases in research output.","2016-07-01","2024-04-14 13:58:46","2024-04-14 13:58:46","2024-04-14 13:58:46","460-467","","","","","","Job Insecurity in Academic Research Employment","","","","","MIT Press","","en","","","","","direct.mit.edu","","","","C:\Users\User\Documents\99_Papers\SilvermanE et al\Silverman et al_2016_Job Insecurity in Academic Research Employment.pdf","","","","","","","","","","","","","","","","","","","","","","","","","","","","","","","","","","ALIFE 2016, the Fifteenth International Conference on the Synthesis and Simulation of Living Systems","","","","","","","","","","","","","","",""
"2HXBCG3W","conferencePaper","2016","Bullinaria, John A.","Population-Based Simulation of Gender Inequality Issues","","","","10.1162/978-0-262-33936-0-ch073","https://dx.doi.org/10.1162/978-0-262-33936-0-ch073","Abstract. A population-based simulation framework is presented that allows a principled approach for exploring gender inequalities in professional hierarchies such as universities or businesses, and how they might emerge, evolve and be rectified. Results from a representative range of cases involving gender-based discrimination and intrinsic gender-based ability differences are presented to demonstrate the power of the approach. Such artificial life simulations will hopefully inspire and facilitate better approaches for dealing with these issues in real life.","2016-07-01","2024-04-14 13:58:46","2024-04-14 13:58:46","2024-04-14 13:58:46","452-459","","","","","","","","","","","MIT Press","","en","","","","","direct.mit.edu","","","","C:\Users\User\Documents\99_Papers\BullinariaJ\Bullinaria_2016_Population-Based Simulation of Gender Inequality Issues.pdf","","","","","","","","","","","","","","","","","","","","","","","","","","","","","","","","","","ALIFE 2016, the Fifteenth International Conference on the Synthesis and Simulation of Living Systems","","","","","","","","","","","","","","",""
"KW9HADZ3","conferencePaper","2016","Islam, Mohiul; Grogono, Peter","Modeling the Evolution of Mimicry","","","","10.1162/978-0-262-33936-0-ch072","https://dx.doi.org/10.1162/978-0-262-33936-0-ch072","Abstract. A novel agent based, artificial life model, for the evolution of mimicry is presented. This model is a predator-prey co-evolution scenario where pattern representation phenotype is simulated with Cellular Automata (CA), while behaviors of pattern recognition is configured with Hopfield Network. A visual three dimensional toroidal cube is used to construct a universe in which agents have complete freedom of mobility, genetic representation of behavior and reproduction capability to evolve new behaviors in successive generations. These agents are classified into categories of predator and prey species. Genome of prey species control their mobility and palatability, while 2D CA is used to represent a pattern, where the rule to generate the CA is also genetically represented. Through evolution, successive generations of prey species develop new patterns to represent them both visually and to the predators. Predators are agents with the primary purpose of providing selection pressure for the evolution of mimicry. They are equipped with Hopfield Network memory to recognize new CA pattern and make intelligent decisions to consume the prey based on their level of palatability. Using the above construction of ideas, successful emulation of the natural process of mimicry is achieved. Also complex behavior pattern of Batesian and Mullerian mimicry is simulated and studied.","2016-07-01","2024-04-14 13:58:43","2024-04-14 13:58:43","2024-04-14 13:58:43","442-449","","","","","","","","","","","MIT Press","","en","","","","","direct.mit.edu","","","","C:\Users\User\Documents\99_Papers\IslamM_GrogonoP\Islam_Grogono_2016_Modeling the Evolution of Mimicry.pdf","","","","","","","","","","","","","","","","","","","","","","","","","","","","","","","","","","ALIFE 2016, the Fifteenth International Conference on the Synthesis and Simulation of Living Systems","","","","","","","","","","","","","","",""
"SNHKMQBC","conferencePaper","2016","Dolson, Emily L.; Wiser, Michael J.; Ofria, Charles","The Effects of Evolution and Spatial Structure on Diversity in Biological Reserves","","","","10.1162/978-0-262-33936-0-ch071","https://dx.doi.org/10.1162/978-0-262-33936-0-ch071","Abstract. Conservation ecologists have long argued over the best way of placing reserves across an environment to maximize population diversity. Many have studied the effect of protecting many small regions of an ecosystem vs. a single large region, with varied results. However, this research tends to ignore evolutionary dynamics under the rationale that the spatiotemporal scale required is prohibitive. We used the Avida digital evolution research platform to overcome this barrier and study the response of phenotypic diversity to eight different reserve placement configurations. The capacity for mutation, and therefore evolution, substantially altered the dynamics of diversity in the population. When mutations were allowed, reserve configurations involving a greater number of consequently smaller reserves were substantially more effective at maintaining existing diversity and generating new diversity. However, when mutations were disallowed, reserve configuration had little effect on diversity generation and maintenance. While further research is necessary before translating these results into policy decisions, this study demonstrates the importance of considering evolution when making such decisions and suggests that a larger number of smaller reserves may have evolutionary benefits.","2016-07-01","2024-04-14 13:58:38","2024-04-14 13:58:38","2024-04-14 13:58:38","434-441","","","","","","","","","","","MIT Press","","en","","","","","direct.mit.edu","","","","C:\Users\User\Documents\99_Papers\DolsonE et al\Dolson et al_2016_The Effects of Evolution and Spatial Structure on Diversity in Biological.pdf","","","","","","","","","","","","","","","","","","","","","","","","","","","","","","","","","","ALIFE 2016, the Fifteenth International Conference on the Synthesis and Simulation of Living Systems","","","","","","","","","","","","","","",""
"Q9ZEZ5ZJ","conferencePaper","2016","Chiba, Naoaki; Suzuki, Reiji; Arita, Takaya","How ecological inheritance can affect the evolution of complex niche construction in a 2D physical simulation","","","","10.1162/978-0-262-33936-0-ch070","https://dx.doi.org/10.1162/978-0-262-33936-0-ch070","Abstract. Niche construction is a process in which organisms modify the selection pressure on themselves and others through their ecological activities. Various evolutionary models of effects of niche construction on evolution have revealed that they bring about unexpected evolutionary scenarios. However, little is still known about how niche-constructing behaviors of complex physical structures (such as nest-building) can emerge through the course of evolution, even though it is one of the most ubiquitous and significant niche-constructing behaviors. Our purpose is to obtain knowledge of the emergence and evolution of physically-grounded niche construction and the effect of its ecological inheritance on evolution. We construct an evolutionary model in which a virtual organism has to arrive at a goal by constructing a physical niche composed of objects in a physically simulated environment. In particular, we focus on effects of the degree of ecological inheritance, which is represented as a weathering probability of ecologically inherited objects from a parent to its offspring. We show that it has a nonlinear effect on the adaptivity of the population. In the case of no ecological inheritance, adaptive niche-constructing behaviors such as valley-filling or ramp-placing strategies emerged, which created complex structures composed of multiple objects. It also turned out that the stable ecological inheritance of constructed structures could increase the adaptivity of the population by allowing an organism to maintain the inherited and adaptive structures while the unstable ecological inheritance rather decreases the adaptivity of the population by making previously adaptive structures maladaptive obstacles.","2016-07-01","2024-04-14 13:58:37","2024-04-14 13:58:37","2024-04-14 13:58:37","426-433","","","","","","","","","","","MIT Press","","en","","","","","direct.mit.edu","","","","C:\Users\User\Documents\99_Papers\ChibaN et al\Chiba et al_2016_How ecological inheritance can affect the evolution of complex niche.pdf","","","","","","","","","","","","","","","","","","","","","","","","","","","","","","","","","","ALIFE 2016, the Fifteenth International Conference on the Synthesis and Simulation of Living Systems","","","","","","","","","","","","","","",""
"CJEU86UQ","conferencePaper","2016","Harvey, Inman","Social Systems and Ecosystems: History Matters","","","","10.1162/978-0-262-33936-0-ch069","https://dx.doi.org/10.1162/978-0-262-33936-0-ch069","Abstract. In both social systems and ecosystems there is a need to resolve potential conflicts between the interests of individuals and the collective interest of the community. The collective interests need to survive the turbulent dynamics of social and ecological interactions. To see how different systems with different sets of interactions have varying degrees of robustness, we need to look at their different contingent histories. We analyse abstract Artificial Life models of such systems, and note that some prominent examples rely on explicitly a-historical frameworks; we point out where analyses that ignore a contingent historical context can be fatally flawed. Real life studies highlight the role of history, and Artificial Life studies should do likewise.","2016-07-01","2024-04-14 13:58:32","2024-04-14 13:58:32","2024-04-14 13:58:32","418-425","","","","","","Social Systems and Ecosystems","","","","","MIT Press","","en","","","","","direct.mit.edu","","","","C:\Users\User\Documents\99_Papers\HarveyI\Harvey_2016_Social Systems and Ecosystems.pdf","","","","","","","","","","","","","","","","","","","","","","","","","","","","","","","","","","ALIFE 2016, the Fifteenth International Conference on the Synthesis and Simulation of Living Systems","","","","","","","","","","","","","","",""
"4RPNYH7K","conferencePaper","2016","Leas, Mikaela; Dolson, Emily L.; Annis, Riley; Nahum, Joshua R.; Grabowski, Laura; Ofria, Charles","The Prisoners Dilemma, Memory, and the Early Evolution of Intelligence","","","","10.1162/978-0-262-33936-0-ch068","https://dx.doi.org/10.1162/978-0-262-33936-0-ch068","Abstract. Memory is an essential component of intelligence as it enables an individual to make informed decisions based on past experiences. In the context of biological systems, however, what selective conditions promote the evolution of memory? Given that reliable memory is likely to be associated with costs, how much is it actually worth in different contexts? We use a genetic algorithm to measure the evolutionary importance of memory in the context of the Iterated Prisoners Dilemma, a game in which players receive a short-term gain for defection, but may obtain greater long- term benefits with cooperation. However, cooperation requires trust; cooperating when an opponent defects is the worst possible outcome. Memory allows a player to recall an opponents previous actions to determine how trustworthy that opponent is. While a player can earn a high payout by defecting, it will likely lose the trust of an opponent with memory, yielding a lower long-term payout. We determined the value of memory in the Iterated Prisoners Dilemma under various conditions. When memory is costly, players reduce their available memory and use short-term greedy strategies, such as Always Defect. Alternatively, when memory is inexpensive, players use well-known cooperative strategies, such as Tit-for-Tat. Our findings indicate that organisms playing against a static opponent evolve memory as expected. However, memory is much more challenging to evolve in coevolutionary scenarios where its value is uneven.","2016-07-01","2024-04-14 13:58:25","2024-04-14 13:58:25","2024-04-14 13:58:25","408-415","","","","","","","","","","","MIT Press","","en","","","","","direct.mit.edu","","","","C:\Users\User\Documents\99_Papers\LeasM et al\Leas et al_2016_The Prisoners Dilemma, Memory, and the Early Evolution of Intelligence.pdf","","","","","","","","","","","","","","","","","","","","","","","","","","","","","","","","","","ALIFE 2016, the Fifteenth International Conference on the Synthesis and Simulation of Living Systems","","","","","","","","","","","","","","",""
"HQX9HZEZ","conferencePaper","2016","Bentley, Peter J.; Kurashov, Alexander; Lim, Soo Ling","Higher Order Cognition using Computers: Learning Abstract Concepts with Recursive Graph-based Self Organizing Maps","","","","10.1162/978-0-262-33936-0-ch066","https://dx.doi.org/10.1162/978-0-262-33936-0-ch066","Abstract. Abstract concepts are rules about relationships such as identity or sameness. Instead of learning that specific objects belong to specific categories, the abstract concept of same/different applies to any objects that an organism might encounter, even if those objects have never been seen before. In this paper we investigate learning of abstract concepts by computer, in order to recognize same/different in novel data never seen before. To do so, we integrate recursive self-organizing maps with the data they are processing into a single graph to enable a brain-like self- adaptive learning system. We perform experiments on simple same/different datasets designed to resemble those used in animal experiments and then show an example of a practical application of same/different learning using the approach.","2016-07-01","2024-04-14 13:58:22","2024-04-14 13:58:22","2024-04-14 13:58:22","398-405","","","","","","Higher Order Cognition using Computers","","","","","MIT Press","","en","","","","","direct.mit.edu","","","","C:\Users\User\Documents\99_Papers\BentleyP et al\Bentley et al_2016_Higher Order Cognition using Computers.pdf","","","","","","","","","","","","","","","","","","","","","","","","","","","","","","","","","","ALIFE 2016, the Fifteenth International Conference on the Synthesis and Simulation of Living Systems","","","","","","","","","","","","","","",""
"Q3852ICG","conferencePaper","2016","Schillaci, Guido; Ritter, Claas-Norman; Hafner, Verena Vanessa; Lara, Bruno","Body Representations for Robot Ego-Noise Modelling and Prediction. Towards the Development of a Sense of Agency in Artificial Agents","","","","10.1162/978-0-262-33936-0-ch065","https://dx.doi.org/10.1162/978-0-262-33936-0-ch065","Abstract. We present an implementation of a biologically inspired model for learning multimodal body representations in artificial agents in the context of learning and predicting robot ego-noise. We demonstrate the predictive capabilities of the proposed model in two experiments: a simple ego-noise classification task, where we also show the capabilities of the model to produce predictions in absence of input modalities; an ego-noise suppression experiment, where we show the effects in the ego-noise suppression performance of coherent and incoherent proprioceptive and motor information passed as inputs to the predictive process implemented by a forward model. In line with what has been proposed by several behavioural and neuroscience studies, our experiments show that ego-noise attenuation is more pronounced when the robot is the owner of the action. When this is not the case, sensory attenuation is worse, as the incongruence of the proprioceptive and motor information with the perceived ego-noise generates bigger prediction errors, which may constitute an element of surprise for the agent and allow it to distinguish between self-generated actions and those generated by other individuals. We argue that these phenomena can represent cues for a sense of agency in artificial agents.","2016-07-01","2024-04-14 13:58:21","2024-04-14 13:58:21","2024-04-14 13:58:21","390-397","","","","","","","","","","","MIT Press","","en","","","","","direct.mit.edu","","","","C:\Users\User\Documents\99_Papers\SchillaciG et al\Schillaci et al_2016_Body Representations for Robot Ego-Noise Modelling and Prediction.pdf","","","","","","","","","","","","","","","","","","","","","","","","","","","","","","","","","","ALIFE 2016, the Fifteenth International Conference on the Synthesis and Simulation of Living Systems","","","","","","","","","","","","","","",""
"H7NVLNMJ","conferencePaper","2016","Hubert, Julien; Ikegami, Takashi","How long did it last? Memorizing interval timings in a simple robotic task","","","","10.1162/978-0-262-33936-0-ch067","https://dx.doi.org/10.1162/978-0-262-33936-0-ch067","Abstract. Time perception is the capacity to sense the passing of time, but in most living creatures it also involves memorizing how much time passed, and eventually acting when it reaches a specific amount. The later is referred as interval timing. This capacity allows animals to detect temporally repeating events in their environment, avoid them if necessary, or exploit them if beneficial(Saigusa et al., 2008). While the research in animals has focused on interval timing (Connor, 1985; Durstewitz, 2003), research in artificial life has limited itself to time perception (Maniadakis et al., 2014; Trianni, 2008). Indeed, alife models rely on the intrinsic temporal properties of neural networks to encode the passing of time and, therefore, cannot estimate how much time passed since the onset of a stimulus. Our work attempts to make one step closer to interval timing by designing an agent which must learn the duration of a stimulus, but also replay it later on.","2016-07-01","2024-04-14 13:58:21","2024-04-14 13:58:21","2024-04-14 13:58:21","406-407","","","","","","How long did it last?","","","","","MIT Press","","en","","","","","direct.mit.edu","","","","C:\Users\User\Documents\99_Papers\HubertJ_IkegamiT\Hubert_Ikegami_2016_How long did it last.pdf","","","","","","","","","","","","","","","","","","","","","","","","","","","","","","","","","","ALIFE 2016, the Fifteenth International Conference on the Synthesis and Simulation of Living Systems","","","","","","","","","","","","","","",""
"KRGN8TN2","conferencePaper","2016","Bowren, Joshua A.; Pugh, Justin K.; Stanley, Kenneth O.","Fully Autonomous Real-Time Autoencoder-Augmented Hebbian Learning through the Collection of Novel Experiences","","","","10.1162/978-0-262-33936-0-ch064","https://dx.doi.org/10.1162/978-0-262-33936-0-ch064","Abstract. Hebbian plasticity in artificial neural networks is compelling for both its simplicity and biological plausibility. Changing the weight of a connection based only on the activations of the neurons it connects is straightforward and effective in combination with neuromodulation for reinforcing good behaviors. However, a major obstacle to any ambitious application of Hebbian plasticity is that the performance of a layer of Hebbian neurons is highly sensitive to the choice of inputs. If the inputs do not represent precisely the features of the environment that Hebbian connections must learn to correlate to actions, the network will struggle to learn at all. A recently-proposed solution to this problem is the Real-time Autoencoder- Augmented Hebbian Network (RAAHN), which inserts an autoencoder between the inputs and the Hebbian layer. This autoencoder then learns in real time to encode the raw inputs into higher-level features while the Hebbian connections in turn learn to correlate these higher-level features to correct actions. Until now, RAAHN has only been demonstrated to work when it is driven by an autopilot during training (in a robot navigation task), which means its experiences are carefully controlled. Progressing significantly beyond this early demonstration, the present investigation now shows how RAAHN can learn to navigate from scratch entirely on its own, without an autopilot. By removing the need for an autopilot, RAAHN becomes a powerful new Hebbian-centered approach to learning from sparse reinforcement with broad potential applications.","2016-07-01","2024-04-14 13:58:19","2024-04-14 13:58:19","2024-04-14 13:58:19","382-389","","","","","","","","","","","MIT Press","","en","","","","","direct.mit.edu","","","","C:\Users\User\Documents\99_Papers\BowrenJ et al\Bowren et al_2016_Fully Autonomous Real-Time Autoencoder-Augmented Hebbian Learning through the.pdf","","","","","","","","","","","","","","","","","","","","","","","","","","","","","","","","","","ALIFE 2016, the Fifteenth International Conference on the Synthesis and Simulation of Living Systems","","","","","","","","","","","","","","",""
"UB6XZ95M","conferencePaper","2016","Lalejini, Alexander; Ofria, Charles","The Evolutionary Origins of Phenotypic Plasticity","","","","10.1162/978-0-262-33936-0-ch063","https://dx.doi.org/10.1162/978-0-262-33936-0-ch063","Abstract. Many effective and innovative survival mechanisms used by natural organisms rely on the capacity for phenotypic plasticity; that is, the ability of a genotype to alter how it is expressed based on the current environmental conditions. Understanding the evolution of phenotypic plasticity is an important step towards understanding the origins of many types of biological complexity, as well as to meeting challenges in evolutionary computation where dynamic solutions are required. Here, we leverage the Avida Digital Evolution Platform to experimentally explore the selective pressures and evolutionary pathways that lead to phenotypic plasticity. We present evolved lineages wherein unconditional traits tend to evolve first; next, imprecise forms of phenotypic plasticity often appear before optimal forms finally evolve. We visualize the phenotypic states traversed by evolved lineages across environments with differing rates of mutations and environmental change. We see that under all conditions, populations can fail to evolve phenotypic plasticity, instead relying on mutation-based solutions.","2016-07-01","2024-04-14 13:58:18","2024-04-14 13:58:18","2024-04-14 13:58:18","372-379","","","","","","","","","","","MIT Press","","en","","","","","direct.mit.edu","","","","C:\Users\User\Documents\99_Papers\LalejiniA_OfriaC\Lalejini_Ofria_2016_The Evolutionary Origins of Phenotypic Plasticity.pdf","","","","","","","","","","","","","","","","","","","","","","","","","","","","","","","","","","ALIFE 2016, the Fifteenth International Conference on the Synthesis and Simulation of Living Systems","","","","","","","","","","","","","","",""
"REEWSXJ6","conferencePaper","2016","Kim, Hyobin; Sayama, Hiroki","The Relationship between Microscopic and Collective Properties in Gene Regulatory Network-based Morphogenetic Systems","","","","10.1162/978-0-262-33936-0-ch062","https://dx.doi.org/10.1162/978-0-262-33936-0-ch062","Abstract. Gene regulatory network (GRN)-based morphogenetic systems have recently attracted an increasing attention in artificial life and morphogenetic engineering research. However, the relationship between microscopic properties of intracellular GRNs and collective properties of morphogenetic systems has not been fully explored yet. Thus, we propose a new GRN-based framework to elucidate how critical dynamics of GRNs in individual cells affect cell fates such as proliferation, apoptosis, and differentiation in resulting morphogenetic systems. Our model represents an aggregation of cells, where each cell has a GRN in it. We used Kauffman's NK Boolean networks for GRNs. Specifically, we randomly assigned three cell fates to the attractors. Varying the properties of GRNs from ordered, through critical, to chaotic regimes, we observed the process that cells are aggregated. We found that the criticality of a GRN made an optimal partition of basins of attraction, which led to a maximum balance between cell fates. Based on the result, we can conclude that the criticality of a GRN is an important controller to determine the frequencies of cell fates in morphogenetic systems.","2016-07-01","2024-04-14 13:58:17","2024-04-14 13:58:17","2024-04-14 13:58:17","370-371","","","","","","","","","","","MIT Press","","en","","","","","direct.mit.edu","","","","C:\Users\User\Documents\99_Papers\KimH_SayamaH\Kim_Sayama_2016_The Relationship between Microscopic and Collective Properties in Gene.pdf","","","","","","","","","","","","","","","","","","","","","","","","","","","","","","","","","","ALIFE 2016, the Fifteenth International Conference on the Synthesis and Simulation of Living Systems","","","","","","","","","","","","","","",""
"E2TFMI3V","conferencePaper","2016","Hinsch, Martin; Marée, Athanasius F. M.; Grieneisen, Verônica","Robotic cell surface mechanics","","","","10.1162/978-0-262-33936-0-ch061","https://dx.doi.org/10.1162/978-0-262-33936-0-ch061","Abstract. In swarm robotics simple identical robots have to be made to coordinate in such a way that they can perform a task. Multi-cellular organisms similarly during development have to be able to create spatial patterns using many identical components (cells) without being able to draw on an absolute frame of reference. Finding and understanding existing solutions to the latter problem might therefore be a promising route to solving the former. Cell-surface mechanics, i.e. cell movement based on surface tension or adhesion is a mechanism that is known to be involved in many basic processes of morphogenesis. We implemented a simplified model of cell surface mechanics on the kilobot, a small robot with limited computational power and without any spatial orientation capabilities. Using only distance measurements to their neighbours kilobots were able to perform various morphogenetic tasks.","2016-07-01","2024-04-14 13:58:16","2024-04-14 13:58:16","2024-04-14 13:58:16","368-369","","","","","","","","","","","MIT Press","","en","","","","","direct.mit.edu","","","","C:\Users\User\Documents\99_Papers\HinschM et al\Hinsch et al_2016_Robotic cell surface mechanics.pdf","","","","","","","","","","","","","","","","","","","","","","","","","","","","","","","","","","ALIFE 2016, the Fifteenth International Conference on the Synthesis and Simulation of Living Systems","","","","","","","","","","","","","","",""
"3XQM5HZV","conferencePaper","2016","Disset, Jean; Cussat-Blanc, Sylvain; Duthen, Yves","Evolved Developmental Strategies of Artificial Multicellular Organisms","","","","10.1162/978-0-262-33936-0-ch060","https://dx.doi.org/10.1162/978-0-262-33936-0-ch060","Abstract. We present the use of a new computationaly efficient 3D physics model for the simulation of cells in a virtual aquatic world. In this model, cells can freely assemble and disconnect along the simulation without any separation between the development and evaluation stages, as is the case in most evo-devo models which only consider one cell cluster. While allowing for the discovery of interesting behaviors through the addition of new degrees of freedom, this 3D center-based physics engine and its associated virtual world also come with their drawbacks when applied to evolutionnary experiments: larger search space and numerous local optima. In this paper, we have designed an experiment in which cells must learn to survive by keeping their genome alive as long as possible in a demanding world. No morphology or strategy is explicitly enforced; the only objective the cells have to optimize is the survival time of the organism they build. We show that a novelty metric, adapted to our evo-devo matter, dramatically improves the outcome of the evolutionary runs. This paper also details some of the developmental strategies the evolved multicellular organisms have found in order to survive.","2016-07-01","2024-04-14 13:58:16","2024-04-14 13:58:16","2024-04-14 13:58:16","360-367","","","","","","","","","","","MIT Press","","en","","","","","direct.mit.edu","","","","C:\Users\User\Documents\99_Papers\DissetJ et al\Disset et al_2016_Evolved Developmental Strategies of Artificial Multicellular Organisms.pdf","","","","","","","","","","","","","","","","","","","","","","","","","","","","","","","","","","ALIFE 2016, the Fifteenth International Conference on the Synthesis and Simulation of Living Systems","","","","","","","","","","","","","","",""
"ZD38ZLJZ","conferencePaper","2016","Ferreira, Giordano B. S.; Smiley, Max; Scheutz, Matthias; Levin, Michael","Dynamic Structure Discovery and Repair for 3D Cell Assemblages","","","","10.1162/978-0-262-33936-0-ch059","https://dx.doi.org/10.1162/978-0-262-33936-0-ch059","Abstract. Many organisms can regenerate their bodies, but it is currently unclear how they accomplish this feat. In this paper, we introduce a cell-to-cell communication mechanism that allows a 3D arrangement of cells to discover its structure and maintain it in the light of random cell death, even at very high death rates. We report results from simulations of an agent-based model that demonstrate the effectiveness of the proposed approach for Planarian worm-like shapes, but the proposed model is general and applies to any shape.","2016-07-01","2024-04-14 13:58:15","2024-04-14 13:58:15","2024-04-14 13:58:15","352-359","","","","","","","","","","","MIT Press","","en","","","","","direct.mit.edu","","","","C:\Users\User\Documents\99_Papers\FerreiraG et al\Ferreira et al_2016_Dynamic Structure Discovery and Repair for 3D Cell Assemblages.pdf","","","","","","","","","","","","","","","","","","","","","","","","","","","","","","","","","","ALIFE 2016, the Fifteenth International Conference on the Synthesis and Simulation of Living Systems","","","","","","","","","","","","","","",""
"BMNJ56ZR","conferencePaper","2016","Lowell, Jessica; Pollack, Jordan","Developmental Encodings Promote the Emergence of Hierarchical Modularity","","","","10.1162/978-0-262-33936-0-ch058","https://dx.doi.org/10.1162/978-0-262-33936-0-ch058","Abstract. While it has been observed (Hornby et al., 2001) that developmental encodings in evolved systems may promote modularity, there has been little quantitative study of this phenomenon. There has also been little study of the factors driving the emergence of hierarchical modularity - modularity on multiple levels, in which the modules found at a finer-grained level can serve as elements in a coarser-grained network that is also modular - despite the fact that most fields with an interest in modularity, including biology and engineering, define hierarchy as an important aspect of modularity. We examine the effect of developmental encodings on the emergence of multiple levels of modularity through the lens of two developmental systems, GRNEAT and GENRE, and find evidence that developmental encodings promote this emergence of modular hierarchy.","2016-07-01","2024-04-14 13:58:14","2024-04-14 13:58:14","2024-04-14 13:58:14","344-351","","","","","","","","","","","MIT Press","","en","","","","","direct.mit.edu","","","","C:\Users\User\Documents\99_Papers\LowellJ_PollackJ\Lowell_Pollack_2016_Developmental Encodings Promote the Emergence of Hierarchical Modularity.pdf","","","","","","","","","","","","","","","","","","","","","","","","","","","","","","","","","","ALIFE 2016, the Fifteenth International Conference on the Synthesis and Simulation of Living Systems","","","","","","","","","","","","","","",""
"ISCLXW8M","conferencePaper","2016","Misevic, Dusan; Frénoy, Antoine; Lindner, Ariel B.; Taddei, François","Shape matters in cooperation","","","","10.1162/978-0-262-33936-0-ch057","https://dx.doi.org/10.1162/978-0-262-33936-0-ch057","Abstract. When cooperating with others carries a direct fitness cost for the individual, natural selection should act against such behavior. However, cooperation is widespread across natural systems. Here we summarize and expand on a recently published work that highlights the importance a previously overlooked factor, the population shape. We used a combination of three in silico systems, Aevol (complex genomes, cooperation based on public good secretion), Aevol-lite (one-locus two-alleles, cooperation based on public good secretion) and CAevol (Prisoners dilemma with two pure strategies, cooperate and defect). In all three systems, higher level of cooperation evolved when populations lived in bulky worlds, a torus created by folding 100x100 quadrilateral grid, rather than slender ones, based on a 4x2500 grid. The result was not intuitive, and we able to discern the population dynamics only upon close examination of the full populations over time, in Aevol-lite. Populations are in dynamic equilibrium, constant emergence and extinction of cooperator patches. We show that slim populations effectively constrained the expansion and thus decreased the size these patches, leading to less cooperation on average. In the extended abstract we further discuss the implications of this work for natural systems, with populations embedded in different dimensions, populations as graphs, and also it with the work on infectious cooperation.","2016-07-01","2024-04-14 13:56:26","2024-04-14 13:56:26","2024-04-14 13:56:26","340-341","","","","","","","","","","","MIT Press","","en","","","","","direct.mit.edu","","","","C:\Users\User\Documents\99_Papers\MisevicD et al\Misevic et al_2016_Shape matters in cooperation.pdf","","","","","","","","","","","","","","","","","","","","","","","","","","","","","","","","","","ALIFE 2016, the Fifteenth International Conference on the Synthesis and Simulation of Living Systems","","","","","","","","","","","","","","",""
"NF8U8VPU","conferencePaper","2016","Varughese, Joshua Cherian; Thenius, Ronald; Wotawa, Franz; Schmickl, Thomas","FSTaxis Algorithm: Bio-Inspired Emergent Gradient Taxis","","","","10.1162/978-0-262-33936-0-ch055","https://dx.doi.org/10.1162/978-0-262-33936-0-ch055","Abstract. This article presents a novel bio-inspired emergent gradient taxis principle for robot swarms. The underlying communication method was inspired by slime mold and fireflies. Nature showcases a number of simple organisms which can display complex behavior in various aspects of their lives such as signaling, foraging, mating etc. Such decentralized behaviors at the organism level gives rise to an emergent intelligence such as in bees, slime mold, fireflies etc. Chemo taxis and photo taxis are known to be abilities exhibited by simple organisms without elaborate sensory and actuation capabilities. Our novel algorithm combines the underlying principles of slime mold and fireflies to achieve gradient taxis purely based on neighbor-to- neighbor communication. In this article, we present a model of the algorithm and test the algorithm in a multiagent simulation environment.","2016-07-01","2024-04-14 13:56:25","2024-04-14 13:56:25","2024-04-14 13:56:25","330-337","","","","","","FSTaxis Algorithm","","","","","MIT Press","","en","","","","","direct.mit.edu","","","","C:\Users\User\Documents\99_Papers\VarugheseJ et al\Varughese et al_2016_FSTaxis Algorithm.pdf","","","","","","","","","","","","","","","","","","","","","","","","","","","","","","","","","","ALIFE 2016, the Fifteenth International Conference on the Synthesis and Simulation of Living Systems","","","","","","","","","","","","","","",""
"TYA2KEN7","conferencePaper","2016","Haasdijk, Evert; Eigenhuis, Floor","Increasing Reward in Biased Natural Selection Decreases Task Performance","","","","10.1162/978-0-262-33936-0-ch031","https://dx.doi.org/10.1162/978-0-262-33936-0-ch031","Abstract. This paper presents an investigation into a population of robots that evolves through embodied evolution an evolutionary process that is not centrally controlled, but emerges from robot interactions just as natural evolution does. The robots select their partners randomly, without reference to any assessment of task performance, but the environment is biased to promote task behaviour by awarding additional life-time to robots that pick up pucks. The experiments show that the robots do learn to pick up pucks in such a setting. Contrary to what one might expect, increasing the amount of additional lifetime awarded decreases task performance for all settings considered. Closer analysis shows that this decrease is in part due to the fact that the increased lifespan decreases the number of opportunities to spread a robots genome, but that increasing the award level also negatively affects selection pressure when there is opportunity for robots to spread their genome. We conclude that higher rewards overly emphasise one aspect of robot behaviour and in doing so prevent evolution from exploring the behaviour space.","2016-07-01","2024-04-14 13:56:23","2024-04-14 13:56:23","2024-04-14 13:56:23","314-321","","","","","","","","","","","MIT Press","","en","","","","","direct.mit.edu","","","","C:\Users\User\Documents\99_Papers\HaasdijkE_EigenhuisF\Haasdijk_Eigenhuis_2016_Increasing Reward in Biased Natural Selection Decreases Task Performance.pdf","","","","","","","","","","","","","","","","","","","","","","","","","","","","","","","","","","ALIFE 2016, the Fifteenth International Conference on the Synthesis and Simulation of Living Systems","","","","","","","","","","","","","","",""
"3XWXA9XX","conferencePaper","2016","Pitonakova, Lenka; Crowder, Richard; Bullock, Seth","Task Allocation in Foraging Robot Swarms: The Role of Information Sharing","","","","10.1162/978-0-262-33936-0-ch053","https://dx.doi.org/10.1162/978-0-262-33936-0-ch053","Abstract. Autonomous task allocation is a desirable feature of robot swarms that collect and deliver items in scenarios where congestion, caused by accumulated items or robots, can temporarily interfere with swarm behaviour. In such settings, self-regulation of workforce can prevent unnecessary energy consumption. We explore two types of self-regulation: non-social, where robots become idle upon experiencing congestion, and social, where robots broadcast information about congestion to their team mates in order to socially inhibit foraging. We show that while both types of self- regulation can lead to improved energy efficiency and increase the amount of resource collected, the speed with which information about congestion flows through a swarm affects the scalability of these algorithms.","2016-07-01","2024-04-14 13:56:20","2024-04-14 13:56:20","2024-04-14 13:56:20","306-313","","","","","","Task Allocation in Foraging Robot Swarms","","","","","MIT Press","","en","","","","","direct.mit.edu","","","","C:\Users\User\Documents\99_Papers\PitonakovaL et al\Pitonakova et al_2016_Task Allocation in Foraging Robot Swarms.pdf","","","","","","","","","","","","","","","","","","","","","","","","","","","","","","","","","","ALIFE 2016, the Fifteenth International Conference on the Synthesis and Simulation of Living Systems","","","","","","","","","","","","","","",""
"ZH3EE74Z","conferencePaper","2016","Marriott, Chris; Chebib, Jobran","Finding a Mate With Eusocial Skills","","","","10.1162/978-0-262-33936-0-ch052","https://dx.doi.org/10.1162/978-0-262-33936-0-ch052","Abstract. Sexual reproductive behavior has a necessary social coordination component as willing and capable partners must both be in the right place at the right time. It has recently been demonstrated that many social organizations that support sexual reproduction can evolve in the absence of social coordination between agents (e.g. herding, assortative mating, and natal philopatry). In this paper we explore these results by including social transfer mechanisms to our agents and contrasting their reproductive behavior with a control group without social transfer mechanisms. We conclude that similar behaviors emerge in our social learning agents as those that emerged in the non-social learning agents. Social learners were more inclined towards natal philopatry. Social learners also evolved a culture of eusociality including reproductive division of labor.","2016-07-01","2024-04-14 13:56:16","2024-04-14 13:56:16","2024-04-14 13:56:16","298-305","","","","","","","","","","","MIT Press","","en","","","","","direct.mit.edu","","","","C:\Users\User\Documents\99_Papers\MarriottC_ChebibJ\Marriott_Chebib_2016_Finding a Mate With Eusocial Skills.pdf","","","","","","","","","","","","","","","","","","","","","","","","","","","","","","","","","","ALIFE 2016, the Fifteenth International Conference on the Synthesis and Simulation of Living Systems","","","","","","","","","","","","","","",""
"RBLG4PJE","conferencePaper","2016","Ueno, Fuki; Arita, Takaya","Small-world property promotes the evolution of distributive altruism","","","","10.1162/978-0-262-33936-0-ch050","https://dx.doi.org/10.1162/978-0-262-33936-0-ch050","Abstract. Doesnt include abstract","2016-07-01","2024-04-14 13:56:14","2024-04-14 13:56:14","2024-04-14 13:56:14","288-289","","","","","","","","","","","MIT Press","","en","","","","","direct.mit.edu","","","","C:\Users\User\Documents\99_Papers\UenoF_AritaT\Ueno_Arita_2016_Small-world property promotes the evolution of distributive altruism.pdf","","","","","","","","","","","","","","","","","","","","","","","","","","","","","","","","","","ALIFE 2016, the Fifteenth International Conference on the Synthesis and Simulation of Living Systems","","","","","","","","","","","","","","",""
"4I93PGS7","conferencePaper","2016","Zapotecatl, Jorge L.; Muñoz-Meléndez, Angélica; Gershenson, Carlos","Performance Metrics of Collective Coordinated Motion in Flocks","","","","10.1162/978-0-262-33936-0-ch054","https://dx.doi.org/10.1162/978-0-262-33936-0-ch054","Abstract. Measurements of coordinated motion in flocks are necessary to evaluate their performance. In this work, a set of quantitative metrics to evaluate the performance of the spatial features exhibited by flocks are introduced and applied to the well-known boids of Reynolds. Our metrics are based on quantitative indicators that have been used to evaluate fish schools. These indicators are revisited and extended as a set of three new metrics that can be used to evaluate and design flocks.","2016-07-01","2024-04-14 13:56:14","2024-04-14 13:56:14","2024-04-14 13:56:14","322-329","","","","","","","","","","","MIT Press","","en","","","","","direct.mit.edu","","","","C:\Users\User\Documents\99_Papers\ZapotecatlJ et al\Zapotecatl et al_2016_Performance Metrics of Collective Coordinated Motion in Flocks.pdf","","","","","","","","","","","","","","","","","","","","","","","","","","","","","","","","","","ALIFE 2016, the Fifteenth International Conference on the Synthesis and Simulation of Living Systems","","","","","","","","","","","","","","",""
"EZPQ2TF6","conferencePaper","2016","Canino-Koning, Rosangela; Wiser, Michael J.; Ofria, Charles","The Evolution of Evolvability: Changing Environments Promote Rapid Adaptation in Digital Organisms","","","","10.1162/978-0-262-33936-0-ch047","https://dx.doi.org/10.1162/978-0-262-33936-0-ch047","Abstract. Genetic spaces are often described in terms of fitness landscapes or genotype-to- phenotype maps, where each potential genetic sequence is associated with a set of properties and connected to other genotypes that are a single mutation away. The positions close to a genotype make up its mutational landscape and, in aggregate, determine the short-term evolutionary potential of a population. Populations with wider ranges of phenotypes in their mutational neighborhood tend to be more evolvable. Likewise, those with fewer phenotypic changes available in their local neighborhoods are more mutationally robust. As such, forces that alter the distribution of phenotypes available by mutation can have a profound effect on subsequent evolutionary dynamics. We demonstrate that cyclically-changing environments can push populations toward more evolvable mutational landscapes where a wide range of alternate phenotypes are available, though purely deleterious mutations remain suppressed. We further show that populations in environments with drastic changes shift phenotypes more readily than those in environments with more benign changes. We trace this effect to repeated population bottlenecks in the harsh environments, which result in shorter coalescence times and keep populations in regions of the mutational landscape where the phenotypic shifts in question are more likely to occur.","2016-07-01","2024-04-14 13:56:11","2024-04-14 13:56:11","2024-04-14 13:56:11","268-275","","","","","","The Evolution of Evolvability","","","","","MIT Press","","en","","","","","direct.mit.edu","","","","C:\Users\User\Documents\99_Papers\Canino-KoningR et al\Canino-Koning et al_2016_The Evolution of Evolvability.pdf","","","","","","","","","","","","","","","","","","","","","","","","","","","","","","","","","","ALIFE 2016, the Fifteenth International Conference on the Synthesis and Simulation of Living Systems","","","","","","","","","","","","","","",""
"LEJMNZGS","conferencePaper","2016","Shorten, David; Nitschke, Geoff","The Relationship Between Evolvability and Robustness in the Evolution of Boolean Networks","","","","10.1162/978-0-262-33936-0-ch048","https://dx.doi.org/10.1162/978-0-262-33936-0-ch048","Abstract. Robustness and evolvability have traditionally been seen as conflicting properties of evolutionary systems, due to the fact that selection requires heritable variation on which to operate. Various recent studies have demonstrated that organisms evolving in environments fluctuating non-randomly become better at adapting to these fluctuations, that is, increase their evolvability. It has been suggested that this is due to the emergence of biases in the mutational neighborhoods of genotypes. This paper examines a potential consequence of these observations, that a large bias in certain areas of genotype space will lead to increased robustness in corresponding phenotypes. The evolution of boolean networks, which bear similarity to models of gene regulatory networks, is simulated in environments which fluctuate between task targets. It was found that an increase in evolvability is concomitant with the emergence of highly robust genotypes, where evolvability was defined as the populations adaptability. Analysis of the genotype space elucidated that evolution finds regions containing robust genotypes coding for one of the target phenotypes, where these regions overlap or are situated in close proximity. Results indicate that genotype space topology impacts the relationship between robustness and evolvability, where the separation of robust regions coding for the various targets was detrimental to evolvability.","2016-07-01","2024-04-14 13:56:11","2024-04-14 13:56:11","2024-04-14 13:56:11","276-283","","","","","","","","","","","MIT Press","","en","","","","","direct.mit.edu","","","","C:\Users\User\Documents\99_Papers\ShortenD_NitschkeG\Shorten_Nitschke_2016_The Relationship Between Evolvability and Robustness in the Evolution of.pdf","","","","","","","","","","","","","","","","","","","","","","","","","","","","","","","","","","ALIFE 2016, the Fifteenth International Conference on the Synthesis and Simulation of Living Systems","","","","","","","","","","","","","","",""
"5LT3E2AT","conferencePaper","2016","Andras, Peter","Social Learning, Environmental Adversity and the Evolution of Cooperation","","","","10.1162/978-0-262-33936-0-ch051","https://dx.doi.org/10.1162/978-0-262-33936-0-ch051","Abstract. Social learning plays a key role in the evolution of cooperation in humans and other animals. It has also been shown both theoretically and experimentally that environmental adversity is also a key determinant of the evolution of cooperation among individuals. Here we investigate the impact of social learning on the evolution of cooperation in the context of a range of levels of environmental adversity. We used an agent-based simulated world of asexual individuals that communicate and play a probabilistic version of the Prisoners Dilemma game. We considered simulated worlds either with or without random spreading of the offspring and two variants of social learning, either copying to some extent all communication rules or copying fully some of the communication rules of the best performing neighbor individual. The results show that in the case of spreading of the offspring, social learning increases the level of cooperation and reverses the association between this and the level of environmental adversity, i.e. low adversity with social learning implies higher level of cooperation. Copying fully some communication rules also increases the steady-state level of communication complexity in the simulated agent communities. The results suggest that the level of cooperation in communities of individuals may get boosted alternately by highly adverse environments and by layers of social learning in low adversity environments.","2016-07-01","2024-04-14 13:56:08","2024-04-14 13:56:08","2024-04-14 13:56:08","290-297","","","","","","","","","","","MIT Press","","en","","","","","direct.mit.edu","","","","C:\Users\User\Documents\99_Papers\AndrasP\Andras_2016_Social Learning, Environmental Adversity and the Evolution of Cooperation.pdf","","","","","","","","","","","","","","","","","","","","","","","","","","","","","","","","","","ALIFE 2016, the Fifteenth International Conference on the Synthesis and Simulation of Living Systems","","","","","","","","","","","","","","",""
"A2N8XFGA","conferencePaper","2016","Shorten, David; Nitschke, Geoff","The Evolution of Evolvability in Evolutionary Robotics","","","","10.1162/978-0-262-33936-0-ch046","https://dx.doi.org/10.1162/978-0-262-33936-0-ch046","Abstract. Previous research has demonstrated that computational models of Gene Regulatory Networks (GRNs) can adapt so as to increase their evolvability, where evolvability is defined as a populations responsiveness to environmental change. In such previous work, phenotypes have been represented as bit strings formed by concatenating the activations of the GRN after simulation. This research is an extension where previous results supporting the evolvability of GRNs are replicated, however, the phenotype space is enriched with time and space dynamics with an evolutionary robotics task environment. It was found that a GRN encoding used in the evolution of a way-point navigation behavior in a fluctuating environment results in (robot controller) populations becoming significantly more responsive (evolvable) over time. This is as compared to a direct encoding of controllers which was unable to improve its evolvability in the same task environment.","2016-07-01","2024-04-14 13:56:07","2024-04-14 13:56:07","2024-04-14 13:56:07","260-267","","","","","","","","","","","MIT Press","","en","","","","","direct.mit.edu","","","","C:\Users\User\Documents\99_Papers\ShortenD_NitschkeG\Shorten_Nitschke_2016_The Evolution of Evolvability in Evolutionary Robotics.pdf","","","","","","","","","","","","","","","","","","","","","","","","","","","","","","","","","","ALIFE 2016, the Fifteenth International Conference on the Synthesis and Simulation of Living Systems","","","","","","","","","","","","","","",""
"JHKLJSKN","conferencePaper","2016","Setzler, Matthew; Izquierdo, Eduardo","Evolvability of Minimally Cognitive Agents","","","","10.1162/978-0-262-33936-0-ch049","https://dx.doi.org/10.1162/978-0-262-33936-0-ch049","Abstract. This work investigates evolvability of continuous-time recurrent neural networks to support the behavior of model-agents subject to fitness criteria that changes over the evolutionary timescale. A population of agents is alternatingly evolved to perform two tasks with inverted fitness awards. Evidence of evolvability is reported; it is shown that the population locates a region of","2016-07-01","2024-04-14 13:56:06","2024-04-14 13:56:06","2024-04-14 13:56:07","284-285","","","","","","","","","","","MIT Press","","en","","","","","direct.mit.edu","","","","C:\Users\User\Documents\99_Papers\SetzlerM_IzquierdoE\Setzler_Izquierdo_2016_Evolvability of Minimally Cognitive Agents.pdf","","","","","","","","","","","","","","","","","","","","","","","","","","","","","","","","","","ALIFE 2016, the Fifteenth International Conference on the Synthesis and Simulation of Living Systems","","","","","","","","","","","","","","",""
"V8CJ7SWI","conferencePaper","2016","Olson, Randal S.; Hintze, Arend; Dyer, Fred C.; Moore, Jason H.; Adami, Christoph","Exploring the coevolution of predator and prey morphology and behavior","","","","10.1162/978-0-262-33936-0-ch045","https://dx.doi.org/10.1162/978-0-262-33936-0-ch045","Abstract. A common idiom in biology education states, Eyes in the front, the animal hunts. Eyes on the side, the animal hides. In this paper, we explore one possible explanation for why predators tend to have forward-facing, high-acuity visual sys- tems. We do so using an agent-based computational model of evolution, where predators and prey interact and adapt their behavior and morphology to one another over successive generations of evolution. In this model, we observe a coevolutionary cycle between prey swarming behavior and the predators visual system, where the predator and prey continually adapt their visual system and behavior, respectively, over evolutionary time in reaction to one another due to the well-known predator confusion effect. Furthermore, we provide evidence that the predator visual system is what drives this coevolutionary cycle, and suggest that the cycle could be closed if the predator evolves a hybrid visual system capable of narrow, high-acuity vision for tracking prey as well as broad, coarse vision for prey discovery. Thus, the conflicting demands imposed on a predators visual system by the predator confusion effect could have led to the evolution of complex eyes in many predators.","2016-07-01","2024-04-14 13:56:05","2024-04-14 13:56:05","2024-04-14 13:56:05","250-257","","","","","","","","","","","MIT Press","","en","","","","","direct.mit.edu","","","","C:\Users\User\Documents\99_Papers\OlsonR et al\Olson et al_2016_Exploring the coevolution of predator and prey morphology and behavior.pdf","","","","","","","","","","","","","","","","","","","","","","","","","","","","","","","","","","ALIFE 2016, the Fifteenth International Conference on the Synthesis and Simulation of Living Systems","","","","","","","","","","","","","","",""
"GF453M6A","conferencePaper","2016","Lykkebø, Odd Rune; Tufte, Gunnart","Evolution-in-Materio of a dynamical system with dynamical structures","","","","10.1162/978-0-262-33936-0-ch044","https://dx.doi.org/10.1162/978-0-262-33936-0-ch044","Abstract. Evolution-in-Materio aims to exploit real-world physics of materials to achieve computation by a combination of external stimulus and interpretation of the state of materials through measurements and observations. In a majority of Evolution-in-Materio work the dynamics of the material is filtered out, or the problem is defined in a way that the sought solution is a point attractor. In this work we explore the dynamics of materials. Within the assumption that suited materials include rich behavior emerging from the underlying physical processes there should be observable behavior similar to Dynamical Systems with Dynamical Structures ((DS) 2 ). Such behavior result in systems with a possibility of inducing perturbations to their own dynamics. Further, the importance of the observation level used when observing and interpreting the state of the materials is discussed and related to dynamics in Evolution-in-Materio systems.","2016-07-01","2024-04-14 13:56:02","2024-04-14 13:56:02","2024-04-14 13:56:02","242-249","","","","","","","","","","","MIT Press","","en","","","","","direct.mit.edu","","","","C:\Users\User\Documents\99_Papers\LykkebøO_TufteG\Lykkebø_Tufte_2016_Evolution-in-Materio of a dynamical system with dynamical structures.pdf","","","","","","","","","","","","","","","","","","","","","","","","","","","","","","","","","","ALIFE 2016, the Fifteenth International Conference on the Synthesis and Simulation of Living Systems","","","","","","","","","","","","","","",""
"6I3UIBME","conferencePaper","2016","Corucci, Francesco; Cheney, Nick; Lipson, Hod; Laschi, Cecilia; Bongard, Josh C.","Material properties affect evolutions ability to exploit morphological computation in growing soft-bodied creatures","","","","10.1162/978-0-262-33936-0-ch043","https://dx.doi.org/10.1162/978-0-262-33936-0-ch043","Abstract. The concept of morphological computation holds that the body of an agent can, under certain circumstances, exploit the interaction with the environment to achieve useful behavior, potentially reducing the computational burden of the brain/controller. The conditions under which such phenomenon arises are, however, unclear. We hypothesize that morphological computation will be facilitated by body plans with appropriate geometric, material, and growth properties, while it will be hindered by other body plans in which one or more of these three properties is not well suited to the task. We test this by evolving the geometries and growth processes of soft robots, with either manually-set softer or stiffer material properties. Results support our hypothesis: we find that for the task investigated, evolved softer robots achieve better performances with simpler growth processes than evolved stiffer ones. We hold that the softer robots succeed because they are better able to exploit morphological computation. This four-way interaction among geometry, growth, material properties and morphological computation is but one example phenomenon that can be investigated using the system here introduced, that could enable future studies on the evolution and development of generic soft-bodied creatures.","2016-07-01","2024-04-14 13:56:01","2024-04-14 13:56:01","2024-04-14 13:56:01","234-241","","","","","","","","","","","MIT Press","","en","","","","","direct.mit.edu","","","","C:\Users\User\Documents\99_Papers\CorucciF et al\Corucci et al_2016_Material properties affect evolutions ability to exploit morphological.pdf","","","","","","","","","","","","","","","","","","","","","","","","","","","","","","","","","","ALIFE 2016, the Fifteenth International Conference on the Synthesis and Simulation of Living Systems","","","","","","","","","","","","","","",""
"GWPQN9ZX","conferencePaper","2016","Cheney, Nicholas; Bongard, Josh; SunSpiral, Vytas; Lipson, Hod","On the Difficulty of Co-Optimizing Morphology and Control in Evolved Virtual Creatures","","","","10.1162/978-0-262-33936-0-ch042","https://dx.doi.org/10.1162/978-0-262-33936-0-ch042","Abstract. The field of evolved virtual creatures has been suspiciously stagnant in terms of complexification of evolved agents since its inception over two decades ago. Many researchers have proposed algorithmic improvements, but none have taken hold and greatly propelled the scalability of early works. This paper suggests a more fundamental problem with co-evolving both the morphology and control of virtual creatures simultaneously one cemented in the theory of embodied cognition. We reproduce and explore in greater detail a previous finding in the literature: premature convergence of the morphology (compared to the convergence point of optimizing controllers), and discuss how this finding fits as a symptom of the proposed problem. We hope that this improved understanding of the fundamental problem domain will open the door for further scalability of evolved agents, and note that early findings from our future work point in that direction.","2016-07-01","2024-04-14 13:56:00","2024-04-14 13:56:00","2024-04-14 13:56:00","226-233","","","","","","","","","","","MIT Press","","en","","","","","direct.mit.edu","","","","C:\Users\User\Documents\99_Papers\CheneyN et al\Cheney et al_2016_On the Difficulty of Co-Optimizing Morphology and Control in Evolved Virtual.pdf","","","","","","","","","","","","","","","","","","","","","","","","","","","","","","","","","","ALIFE 2016, the Fifteenth International Conference on the Synthesis and Simulation of Living Systems","","","","","","","","","","","","","","",""
"EIH3CDHN","conferencePaper","2016","Soros, L. B.; Cheney, Nick; Stanley, Kenneth O.","How the Strictness of the Minimal Criterion Impacts Open-Ended Evolution","","","","10.1162/978-0-262-33936-0-ch040","https://dx.doi.org/10.1162/978-0-262-33936-0-ch040","Abstract. Because the kind of open-ended complexity explosion seen on Earth remains beyond the observed dynamics of current artificial life worlds, it has become critical to isolate and investigate specific factors that may contribute to open-endedness. This paper focuses on one such factor that has previously received little attention in research on open-endedness: the minimal criterion (MC) for reproduction. Originally proposed as an enhancement to novelty search, the MC is in effect a different abstraction of evolution than the more conventional competition-focused fitness-based paradigm, instead focusing on the minimal task that must be completed for an organism to be allowed to produce offspring. The MC is interesting for studying open-endedness because in principle its strictness (i.e. how hard it is to satisfy) can be varied on a continuum to observe its effects. While in many artificial life worlds the MC strictness is implicit and therefore difficult to vary systematically, in the previously-introduced Chromaria world, the MC is designed to be set explicitly by the experimenter, making possible the systematic study of different levels of MC strictness in this paper. The main result, supported by visual, quantitative, and qualitative observations, is that the strictness of the MC can profoundly affect open- ended dynamics, ultimately deciding between complete stagnation (both with extreme strictness or complete relaxation) and orderly divergence. This result offers a lesson of particular importance to worlds whose MCs are not explicit by exposing an area of sensitivity within open-ended systems that is easy to overlook because of its implicit nature.","2016-07-01","2024-04-14 13:55:59","2024-04-14 13:55:59","2024-04-14 13:55:59","208-215","","","","","","","","","","","MIT Press","","en","","","","","direct.mit.edu","","","","C:\Users\User\Documents\99_Papers\SorosL et al\Soros et al_2016_How the Strictness of the Minimal Criterion Impacts Open-Ended Evolution.pdf","","","","","","","","","","","","","","","","","","","","","","","","","","","","","","","","","","ALIFE 2016, the Fifteenth International Conference on the Synthesis and Simulation of Living Systems","","","","","","","","","","","","","","",""
"LG75BSYM","conferencePaper","2016","Medernach, David; Carrignon, Simon; Doursat, René; Kowaliw, Taras; Fitzgerald, Jeannie; Ryan, Conor","Evolution of Heterogeneous Cellular Automata in Fluctuating Environments","","","","10.1162/978-0-262-33936-0-ch041","https://dx.doi.org/10.1162/978-0-262-33936-0-ch041","Abstract. The importance of environmental fluctuations in the evolution of living organisms by natural selection has been widely noted by biologists and linked to many important characteristics of life such as modularity, plasticity, genotype size, mutation rate, learning, or epigenetic adaptations. In artificial-life simulations, however, environmental fluctuations are usually seen as a nuisance rather than an essential characteristic of evolution. HetCA is a heterogeneous cellular automata characterized by its ability to generate open-ended long-term evolution and evolutionary progress. In this paper, we propose to measure the impact of different types of environmental fluctuations in HetCA. Our results indicate that environmental changes induce mechanisms analogous to epigenetic adaptation or multilevel selection. This is particularly prevalent in two of the tested fluctuation schemes, which involve a round-robin inhibition of certain cell types, where phenotypic selection seems to occur.","2016-07-01","2024-04-14 13:55:59","2024-04-14 13:55:59","2024-04-14 13:56:00","216-223","","","","","","","","","","","MIT Press","","en","","","","","direct.mit.edu","","","","C:\Users\User\Documents\99_Papers\MedernachD et al\Medernach et al_2016_Evolution of Heterogeneous Cellular Automata in Fluctuating Environments.pdf","","","","","","","","","","","","","","","","","","","","","","","","","","","","","","","","","","ALIFE 2016, the Fifteenth International Conference on the Synthesis and Simulation of Living Systems","","","","","","","","","","","","","","",""
"UMGGIEGB","conferencePaper","2016","Hernández-Quiroz, Santiago; Hernández-Quiroz, Francisco; Zenil, Hector","The Limits of Decidable States on Open-Ended Evolution and Emergence","","","","10.1162/978-0-262-33936-0-ch039","https://dx.doi.org/10.1162/978-0-262-33936-0-ch039","Abstract. Using algorithmic complexity theory methods, we propose a robust computational definitions for open-ended evolution (OEE) and adaptability of computable dynamical systems. With this framework, we show that decidability imposes absolute limits to the growth of complexity on computable dynamical systems up to a logarithm of a logarithmic term. Conversely, systems that exhibit open-ended evolution must be undecidable and have irreducible behaviour through the evolution of the system. Complexity is assessed in terms of three measures: sophistication, coarse sophistication and busy beaver logical depth.","2016-07-01","2024-04-14 13:55:58","2024-04-14 13:55:58","2024-04-14 13:55:58","200-207","","","","","","","","","","","MIT Press","","en","","","","","direct.mit.edu","","","","C:\Users\User\Documents\99_Papers\Hernández-QuirozS et al\Hernández-Quiroz et al_2016_The Limits of Decidable States on Open-Ended Evolution and Emergence.pdf","","","","","","","","","","","","","","","","","","","","","","","","","","","","","","","","","","ALIFE 2016, the Fifteenth International Conference on the Synthesis and Simulation of Living Systems","","","","","","","","","","","","","","",""
"L6559L4W","conferencePaper","2016","Hickinbotham, Simon; Stepney, Susan","Bio-Reflective Architectures for Evolutionary Innovation","","","","10.1162/978-0-262-33936-0-ch038","https://dx.doi.org/10.1162/978-0-262-33936-0-ch038","Abstract. Computational reflection uses software architectures that are capable of self- modification at runtime. These systems have implementations between two extremes: procedural reflection, in which unlimited self-modification is available at the expense of infinite recursion; and declarative reflection, which uses pre-defined metrics to drive the self-modification and is hence limited in scope. Biological processes also exploit the concept of reflection, where natural selection drives the process of modification. The concept of a program in computing has an analogy with an individual member of a species. The process of life is discretised into a series of autonomous systems, each of which creates modified versions of itself as offspring. This paper unifies the concept of computational reflection with biological systems via a new analysis of von Neumanns Universal Constructor. The result is a bio-reflective architecture that is capable of unconstrained self-modification without the problems of infinite recursion that exist in the computational counterparts. The new architecture is a blueprint for applications in Artificial Life studies, Evolutionary Algorithms, and Artificial Intelligence.","2016-07-01","2024-04-14 13:55:23","2024-04-14 13:55:23","2024-04-14 13:55:23","192-199","","","","","","","","","","","MIT Press","","en","","","","","direct.mit.edu","","","","C:\Users\User\Documents\99_Papers\HickinbothamS_StepneyS\Hickinbotham_Stepney_2016_Bio-Reflective Architectures for Evolutionary Innovation.pdf","","","","","","","","","","","","","","","","","","","","","","","","","","","","","","","","","","ALIFE 2016, the Fifteenth International Conference on the Synthesis and Simulation of Living Systems","","","","","","","","","","","","","","",""
"Q233BTES","conferencePaper","2016","Vadée-Le-Brun, Yoram; Rouzaud-Cornabas, Jonathan; Beslon, Guillaume","In Silico Experimental Evolution suggests a complex intertwining of selection, robustness and drift in the evolution of genetic networks complexity","","","","10.1162/978-0-262-33936-0-ch036","https://dx.doi.org/10.1162/978-0-262-33936-0-ch036","Abstract. Using the RAevol model we investigate whether the molecular complexity of evolving organisms is linked to the","2016-07-01","2024-04-14 13:55:22","2024-04-14 13:55:22","2024-04-14 13:55:22","174-174","","","","","","","","","","","MIT Press","","en","","","","","direct.mit.edu","","","","C:\Users\User\Documents\99_Papers\Vadée-Le-BrunY et al\Vadée-Le-Brun et al_2016_In Silico Experimental Evolution suggests a complex intertwining of selection,.pdf","","","","","","","","","","","","","","","","","","","","","","","","","","","","","","","","","","ALIFE 2016, the Fifteenth International Conference on the Synthesis and Simulation of Living Systems","","","","","","","","","","","","","","",""
"MWB7Z4VU","conferencePaper","2016","Shibai, Atsushi; Motooka, Daisuke; Nakamura, Shota; Tsuru, Saburo","Reductive evolution towards primitive life: What will we see?","","","","10.1162/978-0-262-33936-0-ch037","https://dx.doi.org/10.1162/978-0-262-33936-0-ch037","Abstract. Observing the gradual transition from life to non-life tells us a lot about the features of living systems. Based on this idea, we started simplifying natural cells by inactivating their genes randomly through experimental evolution. Escherichia coli (E. coli) cells were cultured in a high-mutagenicity environment to accumulate replication errors on their genomes. As a result, we observed dozens of mutations, which were supposed to deactivate gene expression. In addition, the gene inactivation accumulates time proportionally without growth defects so far. These results suggest that naturally isolated cells are highly redundant in an experimental environmentimplying the possibility of further simplification deleting hundreds or thousands of genes.","2016-07-01","2024-04-14 13:55:22","2024-04-14 13:55:22","2024-04-14 13:55:22","188-189","","","","","","Reductive evolution towards primitive life","","","","","MIT Press","","en","","","","","direct.mit.edu","","","","C:\Users\User\Documents\99_Papers\ShibaiA et al\Shibai et al_2016_Reductive evolution towards primitive life.pdf","","","","","","","","","","","","","","","","","","","","","","","","","","","","","","","","","","ALIFE 2016, the Fifteenth International Conference on the Synthesis and Simulation of Living Systems","","","","","","","","","","","","","","",""
"R7ZZKXYK","conferencePaper","2016","Aston, Elizabeth; Channon, Alastair; Belavkin, Roman V.; Krasovec, Rok; Knight, Christopher G.","Critical Mutation Rate has an Exponential Dependence on Population Size for Eukaryotic-Length Genomes","","","","10.1162/978-0-262-33936-0-ch035","https://dx.doi.org/10.1162/978-0-262-33936-0-ch035","Abstract. The critical mutation rate (CMR) determines the shift between survival-of-the-fittest and the survival of individuals with greater mutational robustness (the flattest). Small populations are more likely to exceed the CMR and become less well adapted; understanding the CMR is crucial to understanding the potential fate of small populations under threat of extinction. Here we present a simulation model capable of utilising input parameter values within a biologically relevant range. A previous study identified an exponential fall in CMR with decreasing population size, but the parameters and output were not directly relevant outside artificial systems. The first key contribution of this study is the identification of an inverse relationship between CMR and gene length when the gene length is comparable to that found in biological populations. The exponential relationship is maintained, and the CMR is lowered to between two to five orders of magnitude above existing estimates of per base mutation rate for a variety of organisms. The second key contribution of the study is the identification of an inverse relationship between CMR and the number of genes. Using a gene number in the range for Arabidopsis thaliana produces a CMR close to its known mutation rate; per base mutation rates for other organisms are also within one order of magnitude. This is the third key contribution of the study as it represents the first time such a simulation model has used input and produced output both within range for a given biological organism. This novel convergence of CMR model with biological reality is of particular relevance to populations undergoing a bottleneck, under stress, and subsequent conservation strategy for populations on the brink of extinction.","2016-07-01","2024-04-14 13:55:21","2024-04-14 13:55:21","2024-04-14 13:55:21","172-179","","","","","","","","","","","MIT Press","","en","","","","","direct.mit.edu","","","","C:\Users\User\Documents\99_Papers\AstonE et al\Aston et al_2016_Critical Mutation Rate has an Exponential Dependence on Population Size for.pdf","","","","","","","","","","","","","","","","","","","","","","","","","","","","","","","","","","ALIFE 2016, the Fifteenth International Conference on the Synthesis and Simulation of Living Systems","","","","","","","","","","","","","","",""
"TRNLM6NE","conferencePaper","2016","Sakatani, Yoshihiro; Ichihashi, Norikazu","Towards the construction of a DNA genome replication system for an artificial cell","","","","10.1162/978-0-262-33936-0-ch034","https://dx.doi.org/10.1162/978-0-262-33936-0-ch034","Abstract. In vitro constitution of biological functions is a useful strategy to understand the physicochemical principles underlying biological functions (Luisi and Stano, 2013). To date, various cellular functions have been artificially constituted, including self- replication of genetic information, a gene expression, and so on. As a self-replication system of genetic information, our group has reconstituted an RNA genome replication system coupled with translation (Ichihashi, et al. 2013). However, all living organisms have the DNA genomes, which replicate with DNA replicases translated from the genomes via mRNA transcription. A plan for the construction of such a DNA replication system coupled with transcription and translation has been proposed using rolling-circle-type replication scheme approximately 10 years ago (Fig.1, Forster and Church, 2006), although it has not been realized yet. In this study, we attempted to constitute the transcription-and translation-coupled DNA replication (TTcDR) system and perform an evolution experiment to make the system recursive. The aim of the present work is to show a method of the construction of a DNA genome replication system which leads to the in vitro construction of an artificial cell.","2016-07-01","2024-04-14 13:55:20","2024-04-14 13:55:20","2024-04-14 13:55:20","170-171","","","","","","","","","","","MIT Press","","en","","","","","direct.mit.edu","","","","C:\Users\User\Documents\99_Papers\SakataniY_IchihashiN\Sakatani_Ichihashi_2016_Towards the construction of a DNA genome replication system for an artificial.pdf","","","","","","","","","","","","","","","","","","","","","","","","","","","","","","","","","","ALIFE 2016, the Fifteenth International Conference on the Synthesis and Simulation of Living Systems","","","","","","","","","","","","","","",""
"ZLSWVCH6","conferencePaper","2016","Carvalho, Jonata Tyska; Nolfi, Stefano","Functional Modularity Enables the Realization of Smooth and Effective Behavior Integration","","","","10.1162/978-0-262-33936-0-ch033","https://dx.doi.org/10.1162/978-0-262-33936-0-ch033","Abstract. In this paper we show how evolving robots can develop behaviors displaying a modular organization characterized by semi-discrete and semi-dissociable sub-behavioral units playing different functions. In our experiments, the development of differentiated behaviors is not realized through the sub-division of the control system into modules and/or through the utilization of differentiated training processes. Instead, it simply originates as a consequence of the adaptive advantage provided by the possibility to display and use functionally specialized behaviors. These are selected by evolution not only with respect to their capability to perform a given sub-function but also with respect to the capability to support smooth and effective transition with other behaviors. This is achieved by having different co- adapted behaviors and by evaluating the variation affecting the behaviors on the basis of the impact they have on the overall performance of the robots. Moreover this process enables the development of the ability to carry on preparatory actions that are necessary for the effective execution of the following behaviors. We refer to this type of modularity as functional modularity, since unlike structural modularity, it is not based on behavioral modules that are separated by clear boundaries and/or that are programmed or trained independently.","2016-07-01","2024-04-14 13:55:19","2024-04-14 13:55:19","2024-04-14 13:55:19","160-167","","","","","","","","","","","MIT Press","","en","","","","","direct.mit.edu","","","","C:\Users\User\Documents\99_Papers\CarvalhoJ_NolfiS\Carvalho_Nolfi_2016_Functional Modularity Enables the Realization of Smooth and Effective Behavior.pdf","","","","","","","","","","","","","","","","","","","","","","","","","","","","","","","","","","ALIFE 2016, the Fifteenth International Conference on the Synthesis and Simulation of Living Systems","","","","","","","","","","","","","","",""
"CYYJLWUG","conferencePaper","2016","Bernard, Arthur; André, Jean-Baptiste; Bredeche, Nicolas","Evolving Specialisation in a Population of Heterogeneous Robots: the Challenge of Bootstrapping and Maintaining Genotypic Polymorphism","","","","10.1162/978-0-262-33936-0-ch032","https://dx.doi.org/10.1162/978-0-262-33936-0-ch032","Abstract. In this article, we are intested in the evolution of specialisation among a single population of heterogeneous robotic agents in a cooperative foraging task. In particular, we want to compare (1) the emergence and (2) fixation of genotypic polymorphism under two different selection methods: elitist and fitness- proportionate. We show that, while the emergence of specialists is easy under an elitist selection, this method cannot maintain heterogeneous behaviours throughout the whole simulation. In comparison a fitness-proportionate algorithm proves to be inefficient in evolving any cooperative strategy but ensures the conservation of heterogeneity when it is present in the population. We then reveal through additional experiments two key factors for the evolution of heterogenous behaviours in our task: (1) protection of genotypic diversity and (2) efficient selection of partners. We finally demonstrate this assertion and, while our main problem remains unsolved, we provide directions on how it could be successfully approached.","2016-07-01","2024-04-14 13:52:23","2024-04-14 13:52:23","2024-04-14 13:52:23","152-159","","","","","","Evolving Specialisation in a Population of Heterogeneous Robots","","","","","MIT Press","","en","","","","","direct.mit.edu","","","","C:\Users\User\Documents\99_Papers\BernardA et al\Bernard et al_2016_Evolving Specialisation in a Population of Heterogeneous Robots.pdf","","","","","","","","","","","","","","","","","","","","","","","","","","","","","","","","","","ALIFE 2016, the Fifteenth International Conference on the Synthesis and Simulation of Living Systems","","","","","","","","","","","","","","",""
"4GV2GGBX","conferencePaper","2016","Stanton, Adam; Channon, Alastair","Neuroevolution of Feedback Control for Object Manipulation by 3D Agents","","","","10.1162/978-0-262-33936-0-ch030","https://dx.doi.org/10.1162/978-0-262-33936-0-ch030","Abstract. It has been shown that manipulation of objects by 3D virtual creatures can play an important role in the evolution of complex, embodied sensorimotor behaviours. In this work we examine the capacity of virtual creatures that use evolutionary and control architectures already shown to be capable of sensor-differential gradient-following locomotion (tropotaxis) to adapt to solve a physical problem involving the manipulation of 3D objects in their environments. Specifically, the creatures task is to guide a physically-modelled cube through their environments in order to achieve maximum covered distance of the object. Agents were evolved in the manipulation environment from random initial genotypes and from genotypes previously optimised for performance in a different task. Performance was evaluated both before and after evolutionary adaptation. We show that the architecture achieves embodied feedback control in the block movement task. We observed some overlap between the earlier and later environments but also that success in the first environment does not preclude or entail success in the second. We found that species evolving from scratch do no better or worse than those optimised for a different environment, and that sensory feedback is necessary for correct approach and control behaviours in agents, although close control is less dependent on sensory input than distance approach.","2016-07-01","2024-04-14 13:52:22","2024-04-14 13:52:22","2024-04-14 13:52:22","144-151","","","","","","","","","","","MIT Press","","en","","","","","direct.mit.edu","","","","C:\Users\User\Documents\99_Papers\StantonA_ChannonA\Stanton_Channon_2016_Neuroevolution of Feedback Control for Object Manipulation by 3D Agents.pdf","","","","","","","","","","","","","","","","","","","","","","","","","","","","","","","","","","ALIFE 2016, the Fifteenth International Conference on the Synthesis and Simulation of Living Systems","","","","","","","","","","","","","","",""
"8JUIW3IH","conferencePaper","2016","Martius, Georg; Hostettler, Rafael; Knoll, Alois; Der, Ralf","Self-organized control of an tendon driven arm by differential extrinsic plasticity","","","","10.1162/978-0-262-33936-0-ch029","https://dx.doi.org/10.1162/978-0-262-33936-0-ch029","Abstract. With the accelerated development of robot technologies, optimal control becomes one of the central themes of research. In traditional approaches, the controller, by its internal functionality, finds appropriate actions on the basis of the history of sensor values, guided by the goals, intentions, objectives, learning schemes, and so forth. The idea is that the controller controls the world---the body plus its environment---as reliably as possible. This paper focuses on new lines of self-organization for developmental robotics. We apply the recently developed differential extrinsic synaptic plasticity to a muscle-tendon driven arm-shoulder system from the Myorobotics toolkit. In the experiments, we observe a vast variety of self-organized behavior patterns: when left alone, the arm realizes pseudo-random sequences of different poses. By applying physical forces, the system can be entrained into definite motion patterns like wiping a table. Most interestingly, after attaching an object, the controller gets in a functional resonance with the object's internal dynamics, starting to shake spontaneously bottles half-filled with water or sensitively driving an attached pendulum into a circular mode. When attached to the crank of a wheel the neural system independently discovers how to rotate it. In this way, the robot discovers affordances of objects its body is interacting with.","2016-07-01","2024-04-14 13:52:17","2024-04-14 13:52:17","2024-04-14 13:52:17","142-143","","","","","","","","","","","MIT Press","","en","","","","","direct.mit.edu","","","","C:\Users\User\Documents\99_Papers\MartiusG et al\Martius et al_2016_Self-organized control of an tendon driven arm by differential extrinsic.pdf","","","","","","","","","","","","","","","","","","","","","","","","","","","","","","","","","","ALIFE 2016, the Fifteenth International Conference on the Synthesis and Simulation of Living Systems","","","","","","","","","","","","","","",""
"EYQY4G3Y","conferencePaper","2016","Joachimczak, Michał; Kaur, Rishemjit; Suzuki, Reiji; Arita, Takaya","Spiral autowaves as minimal, distributed gait controllers for soft-bodied animats","","","","10.1162/978-0-262-33936-0-ch028","https://dx.doi.org/10.1162/978-0-262-33936-0-ch028","Abstract. Inspired by the self-organization of growing embryos and coordinated movement of multicellular assemblies such as the slime mold Dictyostelium, where each cell is controlled by the same controller (a DNA-encoded gene regulatory network), we evolve distributed gait control mechanisms for soft-bodied animats. The animats are made of compressible material, with each body region capable of independent actuation, controlled by a cell at its center. Each animat consists of hundreds of cells uniformly distributed throughout the body, each sharing the same artificial gene regulatory network and aware of the state of their local neighborhood. We found that one of the most common actuation patterns that emerged relied on cells synchronizing their oscillations in order to produce a rotating, spiral wave spanning throughout the body. We found this type of mechanism to emerge for a wide range of animat morphologies as well as in very different types of initial conditions. We investigate how the evolved controllers produce the pattern through local feedbacks and evaluate spiral stability when imperfect, noisy cells are used.","2016-07-01","2024-04-14 13:52:15","2024-04-14 13:52:15","2024-04-14 13:52:15","140-141","","","","","","","","","","","MIT Press","","en","","","","","direct.mit.edu","","","","C:\Users\User\Documents\99_Papers\JoachimczakM et al\Joachimczak et al_2016_Spiral autowaves as minimal, distributed gait controllers for soft-bodied.pdf","","","","","","","","","","","","","","","","","","","","","","","","","","","","","","","","","","ALIFE 2016, the Fifteenth International Conference on the Synthesis and Simulation of Living Systems","","","","","","","","","","","","","","",""
"HIB6LQLW","conferencePaper","2016","Hodjat, Babak; Shahrzad, Hormoz; Miikkulainen, Risto","Distributed Age-Layered Novelty Search","","","","10.1162/978-0-262-33936-0-ch027","https://dx.doi.org/10.1162/978-0-262-33936-0-ch027","Abstract. Novelty search is a powerful biologically motivated method for discovering successful behaviors especially in deceptive domains, like those in artificial life. This paper extends the biological motivation further by distributing novelty search to run in parallel in multiple islands, with periodic migration among them. In this manner, it is possible to scale novelty search to larger populations and more diverse runs, and also to harness available computing power better. A second extension is to improve novelty searchs ability to solve practical problems by biasing the migration and elitism towards higher fitness. The resulting method, DANS, is shown to find better solutions much faster than pure single-population novelty search, making it a promising candidate for solving deceptive design problems in the real world.","2016-07-01","2024-04-14 13:52:13","2024-04-14 13:52:13","2024-04-14 13:52:13","131-138","","","","","","","","","","","MIT Press","","en","","","","","direct.mit.edu","","","","C:\Users\User\Documents\99_Papers\HodjatB et al\Hodjat et al_2016_Distributed Age-Layered Novelty Search.pdf","","","","","","","","","","","","","","","","","","","","","","","","","","","","","","","","","","ALIFE 2016, the Fifteenth International Conference on the Synthesis and Simulation of Living Systems","","","","","","","","","","","","","","",""
"NE3Y7VGH","conferencePaper","2016","Trueba, Pedro; Prieto, Abraham; Bellas, Francisco; Duro, Richard J.","How Complexity Pervades Specialization in Canonical Embodied Evolution","","","","10.1162/978-0-262-33936-0-ch026","https://dx.doi.org/10.1162/978-0-262-33936-0-ch026","Abstract. Embodied Evolution (EE) is an evolutionary strategy based on natural evolution in which the individuals that make up the population are embodied and situated in an environment where they interact in a local, decentralized and asynchronous fashion. It has been successfully applied in collective problems showing its validity to perform on-line evolution both in simulated and real agents. A key feature of EE is that of emergent specialization, that is, this strategy is able to autonomously generate a distribution of individuals into species if that is advantageous in the scenario. This paper goes in the line of studying such feature in more depth, analyzing how the complexity of the task (fitness landscape) and the complexity of the individuals (control system) affect the emergence of specialization. The analysis is carried out using a canonical EE algorithm in a real problem consisting in a collective surveillance task with simulated Micro Aerial Vehicles.","2016-07-01","2024-04-14 13:52:02","2024-04-14 13:52:02","2024-04-14 13:52:02","123-130","","","","","","","","","","","MIT Press","","en","","","","","direct.mit.edu","","","","C:\Users\User\Documents\99_Papers\TruebaP et al\Trueba et al_2016_How Complexity Pervades Specialization in Canonical Embodied Evolution.pdf","","","","","","","","","","","","","","","","","","","","","","","","","","","","","","","","","","ALIFE 2016, the Fifteenth International Conference on the Synthesis and Simulation of Living Systems","","","","","","","","","","","","","","",""
"EEVRQ5FE","conferencePaper","2016","Wiser, Michael J.; Mead, Louise S.; Smith, Jim J.; Pennock, Robert T.","Comparing Human and Automated Evaluation of Open-Ended Student Responses to Questions of Evolution","","","","10.1162/978-0-262-33936-0-ch025","https://dx.doi.org/10.1162/978-0-262-33936-0-ch025","Abstract. Written responses can provide a wealth of data in understanding student reasoning on a topic. Yet they are time- and labor-intensive to score, requiring many instructors to forego them except as limited parts of summative assessments at the end of a unit or course. Recent developments in Machine Learning (ML) have produced computational methods of scoring written responses for the presence or absence of specific concepts. Here, we compare the scores from one particular ML program EvoGrader to human scoring of responses to structurally- and content- similar questions that are distinct from the ones the program was trained on. We find that there is substantial inter-rater reliability between the human and ML scoring. However, sufficient systematic differences remain between the human and ML scoring that we advise only using the ML scoring for formative, rather than summative, assessment of student reasoning.","2016-07-01","2024-04-14 13:52:00","2024-04-14 13:52:00","2024-04-14 13:52:00","116-122","","","","","","","","","","","MIT Press","","en","","","","","direct.mit.edu","","","","C:\Users\User\Documents\99_Papers\WiserM et al\Wiser et al_2016_Comparing Human and Automated Evaluation of Open-Ended Student Responses to.pdf","","","","","","","","","","","","","","","","","","","","","","","","","","","","","","","","","","ALIFE 2016, the Fifteenth International Conference on the Synthesis and Simulation of Living Systems","","","","","","","","","","","","","","",""
"WXFJKBIH","conferencePaper","2016","Bulitko, Vadim","Evolving Real-time Heuristic Search Algorithms","","","","10.1162/978-0-262-33936-0-ch024","https://dx.doi.org/10.1162/978-0-262-33936-0-ch024","Abstract. Heuristic search is a core area of Artificial Intelligence, successfully applied to planning, constraint satisfaction and game playing. In real-time heuristic search autonomous agents interleave planning and plan execution and access environment locally which make them more suitable for Artificial Life style settings. Over the last two decades a large number of real-time heuristic search algorithms have been manually crafted and evaluated. In this paper we break down several published algorithms into building blocks and then let a simulated evolution re-combine the blocks in a performance-based way. Remarkably, even relatively short evolution runs result in algorithms with state-of-the-art performance. These promising preliminary results open exciting possibilities in the field of real-time heuristic search.","2016-07-01","2024-04-14 13:52:00","2024-04-14 13:52:00","2024-04-14 13:52:00","108-115","","","","","","","","","","","MIT Press","","en","","","","","direct.mit.edu","","","","C:\Users\User\Documents\99_Papers\BulitkoV\Bulitko_2016_Evolving Real-time Heuristic Search Algorithms.pdf","","","","","","","","","","","","","","","","","","","","","","","","","","","","","","","","","","ALIFE 2016, the Fifteenth International Conference on the Synthesis and Simulation of Living Systems","","","","","","","","","","","","","","",""
"KAAJC2VR","conferencePaper","2016","Luke, Sean; Russell, Katherine; Hoyle, Bryan","Ant Geometers","","","","10.1162/978-0-262-33936-0-ch023","https://dx.doi.org/10.1162/978-0-262-33936-0-ch023","Abstract. Just how much can a pheromone-enabled swarm do? Motivated by robotic construction, we set out to show that a swarm of computationally simple ants, communicating only via pheromones, can in fact perform classic compass-straightedge geometry, and thus can make many shapes and perform many nontrivial geometric tasks. The ants do not need specially-designed stigmergic building materials, a prepared environment, local or global direct communication facilities (such as radio or line-of-sight signaling), or any localization beyond initial starting points for drawing. We describe the proof of concept in replicable detail. We then note that its accuracy and efficiency can be greatly improved through augmentation with a simple embeddable broadcast mechanism.","2016-07-01","2024-04-14 13:51:56","2024-04-14 13:51:56","2024-04-14 13:51:56","100-107","","","","","","","","","","","MIT Press","","en","","","","","direct.mit.edu","","","","C:\Users\User\Documents\99_Papers\LukeS et al\Luke et al_2016_Ant Geometers.pdf","","","","","","","","","","","","","","","","","","","","","","","","","","","","","","","","","","ALIFE 2016, the Fifteenth International Conference on the Synthesis and Simulation of Living Systems","","","","","","","","","","","","","","",""
"W5UG5LC7","conferencePaper","2016","Kayama, Yoshihiko","Expansion of Perception Area in Cellular Automata Using Recursive Algorithm","","","","10.1162/978-0-262-33936-0-ch022","https://dx.doi.org/10.1162/978-0-262-33936-0-ch022","Abstract. This study aims to present a new idea to expand the perception area of each cell in cellular automaton (CA) using a recursive algorithm known as Recursive Estimation of Neighbors. An intelligent cellular process defined by the algorithm makes it possible to introduce an extra radius of the perception area, in addition to the radius of the CA neighborhood. A basic CA rule is extrapolated into rules with larger radii, which form a sequence indexed by the extra radius containing the basic CA as the first term of the sequence. The patterns formed in some typical sequences of extrapolated ECA and Life-like CA rules are presented. Contrasting pattern activities contained in homogeneous and heterogeneous CAs are discussed by applying mean field analysis. Some symmetrical arrangements of composites of cells with different radii are used in order to discuss the heterogeneous CA. The new perspective presented here offers several possible applications for CA.","2016-07-01","2024-04-14 13:51:55","2024-04-14 13:51:55","2024-04-14 13:51:55","92-99","","","","","","","","","","","MIT Press","","en","","","","","direct.mit.edu","","","","C:\Users\User\Documents\99_Papers\KayamaY\Kayama_2016_Expansion of Perception Area in Cellular Automata Using Recursive Algorithm.pdf","","","","","","","","","","","","","","","","","","","","","","","","","","","","","","","","","","ALIFE 2016, the Fifteenth International Conference on the Synthesis and Simulation of Living Systems","","","","","","","","","","","","","","",""
"3CUP3VDJ","conferencePaper","2016","Grouchy, Paul; D'Eleuterio, Gabriele M. T.","Evolving Cellular Automata to Perform User-Defined Computations","","","","10.1162/978-0-262-33936-0-ch021","https://dx.doi.org/10.1162/978-0-262-33936-0-ch021","Abstract. A novel genetic algorithm for evolving both uniform and nonuniform cellular automata (CA) to perform user-defined computations is presented. Unlike previous approaches, the CAs evolved here can in general take as their input and their output only a subset of the cells, allowing for the design of CAs that are larger than the number of inputs required by the desired computation. It also provides greater flexibility compared with previous work in terms of the number of possible outputs. We test our algorithm by attempting to evolve both uniform and nonuniform 1D CAs of varying sizes to compute the sum of two 4-bit strings, a computation requiring 8 inputs and 5 outputs. Results demonstrate that while the algorithm is unable to discover solutions using 8-cell CAs, expanding the number of cells beyond the number of inputs enables the autonomous design of 4-bit adders.","2016-07-01","2024-04-14 13:51:54","2024-04-14 13:51:54","2024-04-14 13:51:54","84-91","","","","","","","","","","","MIT Press","","en","","","","","direct.mit.edu","","","","C:\Users\User\Documents\99_Papers\GrouchyP_D'EleuterioG\Grouchy_D'Eleuterio_2016_Evolving Cellular Automata to Perform User-Defined Computations.pdf","","","","","","","","","","","","","","","","","","","","","","","","","","","","","","","","","","ALIFE 2016, the Fifteenth International Conference on the Synthesis and Simulation of Living Systems","","","","","","","","","","","","","","",""
"N8LL96PH","conferencePaper","2016","Tsuji, Gakushi; Sunami, Takeshi; Fujii, Satoshi; Yomo, Tetsuya","Protein synthesis with liposome fusion and fission by using the freeze-thaw method","","","","10.1162/978-0-262-33936-0-ch020","https://dx.doi.org/10.1162/978-0-262-33936-0-ch020","Abstract. For the experimental construction of artificial cell, it is a challenge to simultaneously supply the nutrients and lipids required for protein synthesis, gene replication, membrane growth, and fission. Inner reactions of liposomes are not permanent because of nutrient exhaustion since liposomes do not have pores or channels on their membrane for acquisition of nutrients. In this study, we demonstrated that the liposome containing in vitro translation system was fused with liposome encapsulating RNA by freeze and thaw for GFP synthesis. The fusion mixed lipid molecules on the two kinds of liposomes, followed by the fission. Consequently, we observed GFP synthesis inside the liposomes after liposome fusion and fission. This freeze and thaw method can be repeated, for the sustainable supplement of nutrients with liposome growth. We hope this method would achieve the ultimate goal of establishing the artificial cells that can acquire nutrients sustainably and proliferate by coupling protein synthesis and gene replication compatible with membrane growth.","2016-07-01","2024-04-14 13:51:52","2024-04-14 13:51:52","2024-04-14 13:51:52","80-81","","","","","","","","","","","MIT Press","","en","","","","","direct.mit.edu","","","","C:\Users\User\Documents\99_Papers\TsujiG et al\Tsuji et al_2016_Protein synthesis with liposome fusion and fission by using the freeze-thaw.pdf","","","","","","","","","","","","","","","","","","","","","","","","","","","","","","","","","","ALIFE 2016, the Fifteenth International Conference on the Synthesis and Simulation of Living Systems","","","","","","","","","","","","","","",""
"SPPCW3RU","conferencePaper","2016","McCaskill, John S.; Maeke, Thomas; Straczek, Lukas; Oehm, Jürgen; Funke, Dominic; Mayr, Pierre; Sharma, Abhishek; Müller, Asbjørn; Tangen, Uwe; Packard, Norman; Rasmussen, Steen","Microarray of programmable electrochemically active elements","","","","10.1162/978-0-262-33936-0-ch019","https://dx.doi.org/10.1162/978-0-262-33936-0-ch019","Abstract. This paper describes possible applications of a two dimensional array of programmable electrochemically active elements to Alife. The array has been developed as part of the MICRE-Agents project, and after several design phases, is now a mature enough device for general use beyond the project. Here we describe the general properties of the device based on the first two design phases, some of its capabilities, including portable experimentation, and discuss its potential application to ALife and in education.","2016-07-01","2024-04-14 13:51:50","2024-04-14 13:51:50","2024-04-14 13:51:50","78-79","","","","","","","","","","","MIT Press","","en","","","","","direct.mit.edu","","","","C:\Users\User\Documents\99_Papers\McCaskillJ et al\McCaskill et al_2016_Microarray of programmable electrochemically active elements.pdf","","","","","","","","","","","","","","","","","","","","","","","","","","","","","","","","","","ALIFE 2016, the Fifteenth International Conference on the Synthesis and Simulation of Living Systems","","","","","","","","","","","","","","",""
"85H9I6XP","conferencePaper","2016","Rasmussen, Steen; Constantinescu, Adi; Svaneborg, Carsten","Protocells: what we have learned about minimal life and evolvability","","","","10.1162/978-0-262-33936-0-ch018","https://dx.doi.org/10.1162/978-0-262-33936-0-ch018","Abstract. In the paper we review lessons learned about two major evolutionary transition from a bottom up construction of protocells. We use a particular systemic protocell design process as a starting point for exploring two fundamental questions: (1) how may minimal living systems emerge from nonliving materials? - and (2) how may minimal living systems support open-ended evolutionary richness?","2016-07-01","2024-04-14 13:51:49","2024-04-14 13:51:49","2024-04-14 13:51:49","76-77","","","","","","Protocells","","","","","MIT Press","","en","","","","","direct.mit.edu","","","","C:\Users\User\Documents\99_Papers\RasmussenS et al\Rasmussen et al_2016_Protocells.pdf","","","","","","","","","","","","","","","","","","","","","","","","","","","","","","","","","","ALIFE 2016, the Fifteenth International Conference on the Synthesis and Simulation of Living Systems","","","","","","","","","","","","","","",""
"ZX28EAD2","conferencePaper","2016","Leijnen, Stefan; Heskes, Tom; Deacon, Terrence W.","Exploring Constraint: Simulating Self-Organization and Autogenesis in the Autogenic Automaton","","","","10.1162/978-0-262-33936-0-ch017","https://dx.doi.org/10.1162/978-0-262-33936-0-ch017","Abstract. Many origin of life theories argue that molecular self-organization explains the spontaneous emergence of structural and dynamical constraints. However, the preservation of these constraints over time is not well-explained because of the self-undermining and self-limiting nature of these same processes. A process called autogenesis has been proposed in which a synergetic coupling between self-organized processes preserves the constraints thereby accumulated. This paper presents a computer simulation of this process (the Autogenic Automaton) and compares its behavior to the same self-organizing processes when uncoupled. We demonstrate that this coupling produces a second-order constraint that can both resist dissipation and become replicated in new substrates over time.","2016-07-01","2024-04-14 13:51:45","2024-04-14 13:51:45","2024-04-14 13:51:45","68-75","","","","","","Exploring Constraint","","","","","MIT Press","","en","","","","","direct.mit.edu","","","","C:\Users\User\Documents\99_Papers\LeijnenS et al\Leijnen et al_2016_Exploring Constraint.pdf","","","","","","","","","","","","","","","","","","","","","","","","","","","","","","","","","","ALIFE 2016, the Fifteenth International Conference on the Synthesis and Simulation of Living Systems","","","","","","","","","","","","","","",""
"P5IXZVB4","conferencePaper","2016","Greenbaum, Benjamin; Pargellis, Andrew","Digital Replicators Emerge from a Self-Organizing Prebiotic World","","","","10.1162/978-0-262-33936-0-ch016","https://dx.doi.org/10.1162/978-0-262-33936-0-ch016","Abstract. Some artificial chemistries model the synthesis, evolution and complexity of digital life consisting of sequences of computer operations (opcodes) that are driven by point mutations to compete for memory and CPU time. One of us previously built Amoeba, a computer world inspired by Tierra and designed to study the emergence of self-replicating sequences of opcodes from a prebiotic world initially populated by randomly selected opcodes. Eventually an ancestral opcode sequence would emerge. The current version of Amoeba uses a computationally universal opcode basis set and the same addressing as Tierra. It was previously thought such changes would preclude the emergence of self-replicators. Instead, these modifications radically affect the emergence of self-replicators from the primordial soup; Amoeba exhibits a self-organization phase, after which self-replicators emerge. First, the opcode basis set becomes biased. Second, short opcode building blocks are propagated throughout memory space. When sufficiently dense, these prebiotic sequences combine to form self-replicators. Self-organization is quantified by measuring the time evolution of n-opcode sequence frequencies, the size distribution of sequences, and the mutual information of opcode pairs.","2016-07-01","2024-04-14 13:51:43","2024-04-14 13:51:43","2024-04-14 13:51:43","60-67","","","","","","","","","","","MIT Press","","en","","","","","direct.mit.edu","","","","C:\Users\User\Documents\99_Papers\GreenbaumB_PargellisA\Greenbaum_Pargellis_2016_Digital Replicators Emerge from a Self-Organizing Prebiotic World.pdf","","","","","","","","","","","","","","","","","","","","","","","","","","","","","","","","","","ALIFE 2016, the Fifteenth International Conference on the Synthesis and Simulation of Living Systems","","","","","","","","","","","","","","",""
"PU5GALVB","conferencePaper","2016","Ackley, David H.","The Carried Network Demarc","","","","10.1162/978-0-262-33936-0-ch015","https://dx.doi.org/10.1162/978-0-262-33936-0-ch015","Abstract. Software-based artficial life will increase the robustness, and enable vastly increased size, of computing systems. To enhance human potential and protect individual liberty in future society-scale systems, the boundary between private and public digital spacesknown in telephone networks as a demarcation point or demarc should be set so that a significant amount of physical computing machinery can be counted as fundamentally personal, for assigning rights and responsibilities. To that end, this note offers a principle called the carried network demarc: The machines that you routinely carry under your own power, and their contents and interactions, should be considered part of your body as a matter of law and social norm. Such machines today may be as prosaic as a watch, pacemaker, or cellphone, but in the future you may regularly carry machines inhabited by multitudes of beneficial alife creaturesakin to the bacterial microbiomes that surround and perfuse our biological bodies that would likewise be considered you and yours in both their physical and computational aspects. The author solicits input from others with expertise bearing on this topic.","2016-07-01","2024-04-14 13:51:42","2024-04-14 13:51:42","2024-04-14 13:51:42","56-57","","","","","","","","","","","MIT Press","","en","","","","","direct.mit.edu","","","","C:\Users\User\Documents\99_Papers\AckleyD\Ackley_2016_The Carried Network Demarc.pdf","","","","","","","","","","","","","","","","","","","","","","","","","","","","","","","","","","ALIFE 2016, the Fifteenth International Conference on the Synthesis and Simulation of Living Systems","","","","","","","","","","","","","","",""
"9YQQ4A6M","conferencePaper","2016","Rasmussen, Steen","The BINC Manifesto: Technology driven societal change, science policy & stakeholder engagement","","","","10.1162/978-0-262-33936-0-ch014","https://dx.doi.org/10.1162/978-0-262-33936-0-ch014","Abstract. Throughout history, whenever new technologies have emerged that change our means of production and ability to communicate they have tended to transform society. Spearheaded by digitization, followed by emerging living and intelligent technologies, our world is currently being transformed into something we have difficulty imagining. The transition is likely similar in scale to what we experienced moving from an agriculturally based society to the industrial society, although it will occur at a much faster pace. I present key qualities of our emerging societal transition, discuss underpinning scientific issues, and propose a way the scientific community could engage. Finally, I document how part the European Commission, the Danish Parliament and Press as well as interested stakeholders engage (or not) in the process of creating a brave new world.","2016-07-01","2024-04-14 13:51:40","2024-04-14 13:51:40","2024-04-14 13:51:40","54-55","","","","","","The BINC Manifesto","","","","","MIT Press","","en","","","","","direct.mit.edu","","","","C:\Users\User\Documents\99_Papers\RasmussenS\Rasmussen_2016_The BINC Manifesto.pdf","","","","","","","","","","","","","","","","","","","","","","","","","","","","","","","","","","ALIFE 2016, the Fifteenth International Conference on the Synthesis and Simulation of Living Systems","","","","","","","","","","","","","","",""
"RZ8KF4BV","conferencePaper","2016","Cenek, Martin; Dahl, Spencer","Towards Emergent Design: Analysis, Fitness and Heterogeneity of Agent Based Models Using Geometry of Behavioral Spaces Framework.","","","","10.1162/978-0-262-33936-0-ch013","https://dx.doi.org/10.1162/978-0-262-33936-0-ch013","Abstract. Detection and analysis of collective behavior in natural and artificial systems is a difficult task which is commonly delegated to a human observer. We present a statistical framework to automatically detect emergent, collective behavior of agents in agent based simulations which exhibit swarming and flocking behavior. Our tunable, transitional-, rotational-, and scale- invariant framework geometry of behavioral spaces identifies common behaviors among agents and translates these behaviors into a systems behavioral primitives, along with the agent transitions from one behavioral primitive to another. Finally, we use complex network analysis to detect collectives of agents that gravitate into a common cluster of behavioral primitives as the systems emergent behavior condenses or decays. We apply complex network theory to the analysis of collective behavior dynamics in the simulations of flocking and swarming to validate our analysis. Our framework does not use the knowledge of the parameter space that drive the models, and only relies on the temporal agent trajectories of exhibited behavior. The utility of detecting emergence from exhibited behavior makes this technique suitable as a fitness function for stochastic search algorithms, analyzing evolutionary dynamics of systems with collective behaviors, detecting structures in artificial chemistry experiments, or analyzing physical system such as bacterial formations.","2016-07-01","2024-04-14 13:51:39","2024-04-14 13:51:39","2024-04-14 13:51:39","46-53","","","","","","Towards Emergent Design","","","","","MIT Press","","en","","","","","direct.mit.edu","","","","C:\Users\User\Documents\99_Papers\CenekM_DahlS\Cenek_Dahl_2016_Towards Emergent Design.pdf","","","","","","","","","","","","","","","","","","","","","","","","","","","","","","","","","","ALIFE 2016, the Fifteenth International Conference on the Synthesis and Simulation of Living Systems","","","","","","","","","","","","","","",""
"M5FJUPY8","conferencePaper","2016","Antunes, Rui Filipe; Magnenat-Thalmann, Nadia","Human Crowd Simulation: What CanWe Learn From ALife?","","","","10.1162/978-0-262-33936-0-ch012","https://dx.doi.org/10.1162/978-0-262-33936-0-ch012","Abstract. One of the key components of the suspension of disbelief in real-time 3D simulations is the apparent authenticity of actions and gestures played by the individuals of the virtual population. This paper addresses this aspect of simulation, by investigating ways to improve the behavioral realism of virtual humanoid characters in groups and small multitudes. We look at the framework of ALife, identifying and analyzing existing bio-mimicking techniques that can be used in this context and contribute towards the improvement of the plausibility from the generated simulations. By looking at the literature, we identify some of the key elements from ALife that are being progressively incorporated in the simulations of groups and crowds. Then, we discuss a generative model for spontaneity and heterogeneity where bio-inspired agents are individualized with DNA-like strings and appear organized hierarchically exchanging token units of energy, mass, and resources. The result is a generative population of agents that self-organize and interact autonomously, exhibiting interesting social dynamics based on biological tenets and an economy of resources. We analyze this simulation quantitatively with the purpose of studying the impact of each of the previously identified techniques.","2016-07-01","2024-04-14 13:51:39","2024-04-14 13:51:39","2024-04-14 13:51:39","38-45","","","","","","Human Crowd Simulation","","","","","MIT Press","","en","","","","","direct.mit.edu","","","","C:\Users\User\Documents\99_Papers\AntunesR_Magnenat-ThalmannN\Antunes_Magnenat-Thalmann_2016_Human Crowd Simulation.pdf","","","","","","","","","","","","","","","","","","","","","","","","","","","","","","","","","","ALIFE 2016, the Fifteenth International Conference on the Synthesis and Simulation of Living Systems","","","","","","","","","","","","","","",""
"Z37I2UDQ","conferencePaper","2016","Powers, Simon T.","The institutional approach for modeling the evolution of human societies","","","","10.1162/978-0-262-33936-0-ch011","https://dx.doi.org/10.1162/978-0-262-33936-0-ch011","Abstract. Artificial Life is concerned with understanding the dynamics of human societies. A defining feature of any human society is its institutions. However, defining exactly what an institution is has proven difficult, with authors often talking past each other. This paper presents a dynamic model of institutions, which views institutions as political game forms that generate the rules of a groups economic interactions. Unlike much prior work, the framework presented in this paper allows for the construction of explicit models of the evolution of institutional rules. It takes account of the fact that group members are likely to try to actively create institutional rules that benefit themselves at the expense of others. The paper finishes with an explicit example of how a model of the evolution of institutional rewards and punishment for promoting cooperation can be created. It is intended that this framework will allow Artificial Life researchers to address how human groups can create conditions that support cooperation. This will help to both provide a better understanding of historical human social evolution, and help in understanding the resolution of pressing public goods problems such as climate change.","2016-07-01","2024-04-14 13:51:37","2024-04-14 13:51:37","2024-04-14 13:51:37","30-37","","","","","","","","","","","MIT Press","","en","","","","","direct.mit.edu","","","","C:\Users\User\Documents\99_Papers\PowersS\Powers_2016_The institutional approach for modeling the evolution of human societies.pdf","","","","","","","","","","","","","","","","","","","","","","","","","","","","","","","","","","ALIFE 2016, the Fifteenth International Conference on the Synthesis and Simulation of Living Systems","","","","","","","","","","","","","","",""
"3REBRKWK","conferencePaper","2016","Penn, Alexandra","Artificial Life and Society: Philosophies and Tools for Experiencing, Interacting with and Managing Real World Complex Adaptive Systems","","","","10.1162/978-0-262-33936-0-ch009-bis","https://dx.doi.org/10.1162/978-0-262-33936-0-ch009-bis","","2016-07-01","2024-04-14 13:51:36","2024-04-14 13:51:36","2024-04-14 13:51:36","26-27","","","","","","Artificial Life and Society","","","","","MIT Press","","en","","","","","direct.mit.edu","","","","C:\Users\User\Documents\99_Papers\PennA\Penn_2016_Artificial Life and Society2.pdf","","","","","","","","","","","","","","","","","","","","","","","","","","","","","","","","","","ALIFE 2016, the Fifteenth International Conference on the Synthesis and Simulation of Living Systems","","","","","","","","","","","","","","",""
"LDVPAACI","conferencePaper","2016","Bentley, Katie","Do Endothelial Cells Dream of Eclectic Shape?","","","","10.1162/978-0-262-33936-0-ch009","https://dx.doi.org/10.1162/978-0-262-33936-0-ch009","Abstract. Endothelial cells (ECs), which line our blood vessels, exhibit dramatic plasticity and diversity of form/behavior at the individual and collective cell level. They re-organize themselves in space and time to extend new blood vessel networks during development and during a huge array of diseases including cancer. Here we will describe, using examples from our integrated in silico/in vitro/in vivo research program, how the Artificial Life (ALife) perspective and approaches have been paramount in driving entirely new experimental biology understanding of the vasculature by capitalizing on the emergent, predictive capacity and testable nature of agent-based models in close combination with in vitro and in vivo experiments. Our agent-based simulations explicitly consider the role of individual EC embodiment, active perception, heterogeneous vs homogeneous collective dynamics, pattern formation and counter-intuitive emergence from feedback in controller networks and many more Alife centric concepts. We recently identified in silico that the time it takes ECs to collectively decide who should move and who should stay during blood vessel branching morphogenesis can be varied by altering tissue environment conditions, including some changes found in tumors. By proceeding to validate these predictions in vitro and in vivo by integrating the studies in the wetlab we have been able to provide a solid new mechanism to explain the diversity of vascular network structures found across tissues and the malformations arising in disease. There is a bright future with untapped potential for the Alife community to further contribute to understanding of animals, including humans, at the cell and tissue level, where many organizational principles of the systems behavior are still lacking. If we take care to be rigorous in how we calibrate our models to biological data and make clear experimentally testable predictions, we will show we can make real change in a experimental cell biology field, traditionally segregated from in silico research. Learning from the plight of the insightful, but ostracized, Androids in Philip K Dicks novel, overcoming our cultural differences and integrating better between the artificial and natural living systems research communities could lead to huge advantages in achieving our common goals to understand life as it is.","2016-07-01","2024-04-14 13:51:34","2024-04-14 13:51:34","2024-04-14 13:51:34","21-21","","","","","","","","","","","MIT Press","","en","","","","","direct.mit.edu","","","","C:\Users\User\Documents\99_Papers\BentleyK\Bentley_2016_Do Endothelial Cells Dream of Eclectic Shape.pdf","","","","","","","","","","","","","","","","","","","","","","","","","","","","","","","","","","ALIFE 2016, the Fifteenth International Conference on the Synthesis and Simulation of Living Systems","","","","","","","","","","","","","","",""
"45J3XYXF","conferencePaper","2016","Santos, Francisco C.","Climate Change Governance, Cooperation and Self-organization","","","","10.1162/978-0-262-33936-0-ch008","https://dx.doi.org/10.1162/978-0-262-33936-0-ch008","Abstract. When attempting to avoid global warming, individuals often face a social dilemma in which, besides securing future benefits, it is also necessary to reduce the chances of future losses. Unfortunately, individuals, regions or nations may opt to be free riders, hoping to benefit from the efforts of others while choosing not to make any effort themselves. Moreover, nations and their leaders seek a collective goal that is shadowed by the uncertainty of its achievement. Such types of uncertainties have repeatedly happened throughout human history from group hunting to voluntary adoption of public health measures and other prospective choices. In this talk, I will discuss a population dynamics approach to a broad class of cooperation problems in which attempting to minimize future losses turns the risk of failure into a central issue in individual decisions. Our results suggest that global coordination for a common good should be attempted by segmenting tasks in many small to medium sized groups in which perception of risk is high. Moreover, whenever the perception of risk is low as it is presently the case we find that a polycentric approach involving multiple institutions is more effective than that associated with a single, global one, indicating that a bottom-up approach, setup at a local scale, provides a better ground on which to attempt a solution for such a complex and global dilemma. Finally, I will discuss the impact on public goods dilemmas of uncertainty in collective goals, heterogeneous political networks, obstinate players and wealth inequality, including a distribution of wealth representative of existing inequalities among nations.","2016-07-01","2024-04-14 13:51:30","2024-04-14 13:51:30","2024-04-14 13:51:30","20-20","","","","","","","","","","","MIT Press","","en","","","","","direct.mit.edu","","","","C:\Users\User\Documents\99_Papers\SantosF\Santos_2016_Climate Change Governance, Cooperation and Self-organization.pdf","","","","","","","","","","","","","","","","","","","","","","","","","","","","","","","","","","ALIFE 2016, the Fifteenth International Conference on the Synthesis and Simulation of Living Systems","","","","","","","","","","","","","","",""
"ECTLZDVV","conferencePaper","2016","Pacheco, Jorge M.","Linking Individual to Collective Behavior in Complex Adaptive Networks","","","","10.1162/978-0-262-33936-0-ch007","https://dx.doi.org/10.1162/978-0-262-33936-0-ch007","Abstract. A long-standing and central problem in Physics is to understand how collective behavior results from a given two- or N- body fundamental interaction. Similarly, in a society, a central problem is to understand the link between individual social behavior and emergent collective phenomena (vaccination, epidemics, crowd behavior, diffusion of innovations, global governance, etc). Here I address this problem by letting individuals engage in pair-wise interactions by means of a well- defined social dilemma (a prisoners dilemma of cooperation). These individuals are embedded in a social network that is both complex and adaptive. Adaptation here allows individuals to manifest preferences and resolve conflicts of interest, reshaping the network accordingly. Exact Monte-Carlo simulations reveal the inadequacy of any of the tools developed to date to predict the co-evolutionary dynamics of the population at large. I will present and discuss in detail an adaptive-network-sensitive observable that is capable of predicting the collective, population-wide dynamics, given prior knowledge of the fundamental rules that govern the social interaction between 2 individuals in a social network. In this fundamental step towards linking individual behavior with population wide dynamics, I show that adaptive social networks act to change the collective game, from a 2-person game to a N-person game exhibiting a radically different co- evolutionary dynamics, associated with a concomitant fundamental transformation of the nature of the associated Nash equilibria.","2016-07-01","2024-04-14 13:51:29","2024-04-14 13:51:29","2024-04-14 13:51:29","19-19","","","","","","","","","","","MIT Press","","en","","","","","direct.mit.edu","","","","C:\Users\User\Documents\99_Papers\PachecoJ\Pacheco_2016_Linking Individual to Collective Behavior in Complex Adaptive Networks.pdf","","","","","","","","","","","","","","","","","","","","","","","","","","","","","","","","","","ALIFE 2016, the Fifteenth International Conference on the Synthesis and Simulation of Living Systems","","","","","","","","","","","","","","",""
"9UC5VQ38","conferencePaper","2016","Rinaldo, Ken","In symbio biopoiesis as model of evolved Alife (400 PPM Microbiome)","","","","10.1162/978-0-262-33936-0-ch006","https://dx.doi.org/10.1162/978-0-262-33936-0-ch006","Abstract. Artificial life techniques are illustrative at exploring the wisdom of natural living systems. Genetic algorithms, cellular automatons are computativily complex and visually seductive with Alife in silico. Robotic artists, creating Alife installations experience design challenges more akin to works created in vivo. Robotic works function both in silico and in vivo, with the virtual spaces of computer code and unpredictable environment of the real world. With robotic Alife installations, things like; will the interactant test the system with muscle or try to defeat the code, are design challenges forcing evolution. Interactive artists have pioneered behavior based works conceived with the current understanding of living systems, such as bottom up emergent behaviors, subsumption architectures (Autopoiesis, Fusiform Polyphony), parallel processing (Paparazzi Bots), distributed intelligences and energy autonomy (400 PPM Microbiome & Autotelematic Spider Bots). Still, in silco / in vivo works within the Alife are islands of artifice. True living systems offer symbiotic convolutions with overlapping living systems at all scales. This is a function of their organic nature. Mitochondria and symbiogenisis are excellent examples. In order for artificial life to further evolve and emerge artists and scientists, will need to create larger symbiotically intertwined systems. Systems moving beyond in silco and in vivo, to in symbio. Prototypical living systems will need to find and collect their own energy sources from both living and non living systems. They will find symbiotic intwining through organic interfaces to complex social systems (Augmented Fish Reality) and to bacterial cultures (Enteric Consciousness). Alife research that pioneers natural organic breakdown with bacterial cultures and sustainable practices such as aquaponics offer clear examples (The Farm Fountain). In Symbio intertwinings of natural and inorganic electro-mechanical elements will be an important and very natural confluence and co-evolution that is necessary between living and co-evolving technological cultures, in the future of Alife.","2016-07-01","2024-04-14 13:51:28","2024-04-14 13:51:28","2024-04-14 13:51:28","18-18","","","","","","","","","","","MIT Press","","en","","","","","direct.mit.edu","","","","C:\Users\User\Documents\99_Papers\RinaldoK\Rinaldo_2016_In symbio biopoiesis as model of evolved Alife (400 PPM Microbiome).pdf","","","","","","","","","","","","","","","","","","","","","","","","","","","","","","","","","","ALIFE 2016, the Fifteenth International Conference on the Synthesis and Simulation of Living Systems","","","","","","","","","","","","","","",""
"9RDWBQW4","conferencePaper","2016","Bickhard, Mark","Cognition and the Brain","","","","10.1162/978-0-262-33936-0-ch005","https://dx.doi.org/10.1162/978-0-262-33936-0-ch005","Abstract. Standard semantic information models are, arguably, conceptually incoherent and factually false about the brain. But, nevertheless, they constitute the primary frameworks for modeling cognitive processes, including in the brain. If such models are ultimately not viable, what sort of framework could model cognition in the brain? I will argue that an action based approach, in the general lineage of pragmatism, provides an alternative modeling framework. In this approach, anticipatory processes are necessary as part of the evolutionary solution to (inter-)action selection, and these yield emergent truth value possibilities of being true or false and thus ground cognition and representation in general. Such an action framework requires timing, thus oscillatory/modulatory processes, and this is in fact what we find as constituting functional processes in the brain. I will outline a micro-scale level of this model and, if time permits, a bit of a macro-scale level. This model has some superficial similarities to predictive brain models, but also fundamental and crucial differences.","2016-07-01","2024-04-14 13:51:27","2024-04-14 13:51:27","2024-04-14 13:51:27","17-17","","","","","","","","","","","MIT Press","","en","","","","","direct.mit.edu","","","","C:\Users\User\Documents\99_Papers\BickhardM\Bickhard_2016_Cognition and the Brain.pdf","","","","","","","","","","","","","","","","","","","","","","","","","","","","","","","","","","ALIFE 2016, the Fifteenth International Conference on the Synthesis and Simulation of Living Systems","","","","","","","","","","","","","","",""
"RKZA4IFB","conferencePaper","2016","Smith, Linda","Why development matters to (artificial) life: Lessons from human babies","","","","10.1162/978-0-262-33936-0-ch004","https://dx.doi.org/10.1162/978-0-262-33936-0-ch004","Abstract. Why do living forms develop? Development, like evolution and culture, is a process that creates complexity by accumulating change. At any moment, the developing agent is a product of all previous developments, and any new change begins with and must build on those previous developments. Biological systems that are flexibly smart have relatively long periods of immaturity. Why is this? This talk will consider answers to this question using evidence from the first two years of life of human infants. The core ideas are that an adaptive system that can succeed in varied and novel contexts is slow does not settle too fast; develops new mechanisms of change and learning processes over the life time; develops in a series of different environments.","2016-07-01","2024-04-14 13:51:27","2024-04-14 13:51:27","2024-04-14 13:51:27","16-16","","","","","","Why development matters to (artificial) life","","","","","MIT Press","","en","","","","","direct.mit.edu","","","","C:\Users\User\Documents\99_Papers\SmithL\Smith_2016_Why development matters to (artificial) life.pdf","","","","","","","","","","","","","","","","","","","","","","","","","","","","","","","","","","ALIFE 2016, the Fifteenth International Conference on the Synthesis and Simulation of Living Systems","","","","","","","","","","","","","","",""
"JMNEXLDT","conferencePaper","2016","Di Paolo, Ezequiel","Gilbert Simondon and the enactive conception of life and mind","","","","10.1162/978-0-262-33936-0-ch002","https://dx.doi.org/10.1162/978-0-262-33936-0-ch002","Abstract. The work of French philosopher Gilbert Simondon is seeing a vigorous rediscovery. His ideas have a richlargely untappedpotential for science, e.g., in origins of life studies, developmental psychology, embodied cognition, and artificial life. I summarise some key concepts of Simondons philosophy side-by-side with ideas in enactivism, an approach to life and mind based on the works of Francisco Varela, Hans Jonas, and Maurice Merleau-Ponty. I hope to show that there is much overlap between the two approaches, which is good, but also many productive complementarities, and some tensions, which is better. Simondon encourages enactivism by making its implications more explicit. He advocates the abandonment of hylomorphic metaphysics (the conceptual separability of form and matter) for an ontology of restless and open-ended materiality, relationality, and virtuality. According to him, being and becoming are mutually co-defined. The subject, in her ongoing individuation, sustains inherently meaningful relations with her world. Physical, biological, mental, and social processes of individuation nicely complement the different kinds of precarious autonomy and sense-making elaborated by enactive theory, concepts that in turn are only implicit in Simondons work. Individuation involves the organization that happens in a milieu capable of abundant potentialities when a process of concrete transduction occurs from more to less metastable states (crystallization is one example). Organisms are processes of individuation prevented from finishing through regulated engagements with the world in search of new sources of potentiality. This coheres with the enactive concept of life as the regulation of the tensions between self-production and self-distinction. Life and mind, for Simondon, entail the neotenic expansion of the early stages of individuation such that its termination is temporarily and progressively delayed. This makes explicit the material conditions of autonomy and introduces new elements for enactivism such as the notion of pre-individual criticality as inherent in the living body.","2016-07-01","2024-04-14 13:51:25","2024-04-14 13:51:25","2024-04-14 13:51:25","14-14","","","","","","","","","","","MIT Press","","en","","","","","direct.mit.edu","","","","C:\Users\User\Documents\99_Papers\Di PaoloE\Di Paolo_2016_Gilbert Simondon and the enactive conception of life and mind.pdf","","","","","","","","","","","","","","","","","","","","","","","","","","","","","","","","","","ALIFE 2016, the Fifteenth International Conference on the Synthesis and Simulation of Living Systems","","","","","","","","","","","","","","",""
"IJT9MBAC","conferencePaper","2016","Beer, Randall R.","Autopoiesis and Enaction in the Game of Life","","","","10.1162/978-0-262-33936-0-ch001","https://dx.doi.org/10.1162/978-0-262-33936-0-ch001","Abstract. Over 40 years ago, the Chilean biologists Humberto Maturana and Francisco Varela put forward the notion of autopoiesis as a way to understand living systems and their phenomenology. Varela and others subsequently extended this framework to an enactive approach that places biological autonomy at the foundation of situated and embodied behavior and cognition. In this talk, I will describe an attempt to place these ideas on a firmer foundation by studying them within the context of a toy model universe, John Conway's Game of Life (GoL) cellular automata. The talk has both pedagogical and theoretical goals. Simple concrete models provide an excellent vehicle for introducing some of the core concepts of autopoiesis and enaction and explaining how these concepts fit together into a broader whole. In addition, a careful analysis of such toy models can hone our intuitions about these concepts, probe their strengths and weaknesses, and move the entire enterprise in the direction of a more mathematically rigorous theory. In particular, I will identify the primitive processes that can occur in GoL, show how these can be linked together into mutually-supporting networks, map the responses of such entities to environmental perturbations, and investigate the paths of mutual perturbation that these entities and their environments can undergo. Some of the topics that can be examined in GoL include the structure/organization distinction, organizational/operational closure, self-production, self-individuation, destructive vs. nondestructive perturbations, precariousness, cognitive domain, subjectivity, significance, sense-making, structural coupling, and enaction. I will end with some comments on the limitations of the GoL model and directions for future work.","2016-07-01","2024-04-14 13:51:24","2024-04-14 13:51:24","2024-04-14 13:51:24","13-13","","","","","","","","","","","MIT Press","","en","","","","","direct.mit.edu","","","","C:\Users\User\Documents\99_Papers\BeerR\Beer_2016_Autopoiesis and Enaction in the Game of Life.pdf","","","","","","","","","","","","","","","","","","","","","","","","","","","","","","","","","","ALIFE 2016, the Fifteenth International Conference on the Synthesis and Simulation of Living Systems","","","","","","","","","","","","","","",""
"ZWMZ96BI","conferencePaper","2016","Froese, Tom; Siqueiros, J. Mario; Aguilar, Wendy; Izquierdo, Eduardo J.; Sayama, Hiroki; Gershenson, Carlos","Introduction","","","","10.1162/978-0-262-33936-0-ch00b","https://dx.doi.org/10.1162/978-0-262-33936-0-ch00b","","2016-07-01","2024-04-14 13:51:23","2024-04-14 13:51:23","2024-04-14 13:51:23","3-10","","","","","","","","","","","MIT Press","","en","","","","","direct.mit.edu","","","","C:\Users\User\Documents\99_Papers\FroeseT et al\Froese et al_2016_Introduction.pdf","","","","","","","","","","","","","","","","","","","","","","","","","","","","","","","","","","ALIFE 2016, the Fifteenth International Conference on the Synthesis and Simulation of Living Systems","","","","","","","","","","","","","","",""
"MNCE6JQB","conferencePaper","2016","Ramos-Fernández, Gabriel; Boyer, Denis; Miramontes, Octavio","Understanding fission-fusion dynamics in social animals through agent-based modelling","","","","10.1162/978-0-262-33936-0-ch056","https://dx.doi.org/10.1162/978-0-262-33936-0-ch056","Abstract. This paper describes the way in which we have employed agent-based models to understand fission-fusion dynamics (FFD), a collective pattern of behavior in many social animals. Groups with a high degree of FFD split into subgroups that vary in size, cohesion and composition, often within short temporal scales. These dynamics are thought to be more complex than those of other species with cohesive, stable groups, leading to hypotheses about the origin of social intelligence. Also, a flexible grouping pattern is supposed to be an adaptive solution to the temporal and spatial variation in feeding resources. We have used models where relatively simple agents forage in realistic, heterogenous environments and have shown that, for intermediate levels of heterogeneity in the size of food patches, agents form subgroups that vary in size and composition in a similar fashion as they do in species with a high degree of FFD. We have also explored the idea that by splitting in subgroups that vary in size, animals can exploit a heterogeneous environment with ephemeral food sources more efficiently than cohesive groups. Agent-based models have provided ways to test hypotheses and develop predictions about social and ecological dynamics.","2016-07-01","2024-04-14 13:47:44","2024-04-14 13:47:44","2024-04-14 13:47:44","338-339","","","","","","","","","","","MIT Press","","en","","","","","direct.mit.edu","","","","C:\Users\User\Documents\99_Papers\Ramos-FernándezG et al\Ramos-Fernández et al_2016_Understanding fission-fusion dynamics in social animals through agent-based.pdf","","","","","","","","","","","","","","","","","","","","","","","","","","","","","","","","","","ALIFE 2016, the Fifteenth International Conference on the Synthesis and Simulation of Living Systems","","","","","","","","","","","","","","",""
"VNSZLJHP","journalArticle","","Gershenson, Edited Carlos; Froese, Tom; Siqueiros, Jesus M; Aguilar, Wendy; Izquierdo, Eduardo J; Sayama, Hiroki","Proceedings of the Artificial Life Conference 2016","","","","","","","","2024-04-14 06:47:44","2024-04-14 06:47:44","","","","","","","","","","","","","","","en","","","","","Zotero","","","","C:\Users\User\Documents\99_Papers\GershensonE et al\Gershenson et al_Proceedings of the Artificial Life Conference 2016.pdf","","","","","","","","","","","","","","","","","","","","","","","","","","","","","","","","","","","","","","","","","","","","","","","","",""