"Key","Item Type","Publication Year","Author","Title","Publication Title","ISBN","ISSN","DOI","Url","Abstract Note","Date","Date Added","Date Modified","Access Date","Pages","Num Pages","Issue","Volume","Number Of Volumes","Journal Abbreviation","Short Title","Series","Series Number","Series Text","Series Title","Publisher","Place","Language","Rights","Type","Archive","Archive Location","Library Catalog","Call Number","Extra","Notes","File Attachments","Link Attachments","Manual Tags","Automatic Tags","Editor","Series Editor","Translator","Contributor","Attorney Agent","Book Author","Cast Member","Commenter","Composer","Cosponsor","Counsel","Interviewer","Producer","Recipient","Reviewed Author","Scriptwriter","Words By","Guest","Number","Edition","Running Time","Scale","Medium","Artwork Size","Filing Date","Application Number","Assignee","Issuing Authority","Country","Meeting Name","Conference Name","Court","References","Reporter","Legal Status","Priority Numbers","Programming Language","Version","System","Code","Code Number","Section","Session","Committee","History","Legislative Body"
"84RXHCKL","conferencePaper","2018","Ikegami, Takashi; Virgo, Nathaniel; Witkowski, Olaf; Oka, Mizuki; Suzuki, Reiji; Iizuka, Hiroyuki","The 2018 Conference on Artificial Life (full proceedings pdf)","","","","10.1162/isal_a_00122","https://dx.doi.org/10.1162/isal_a_00122","Abstract. The complete Proceedings of the The 2018 Conference on Artificial Life: A Hybrid of the European Conference on Artificial Life (ECAL) and the International Conference on the Synthesis and Simulation of Living Systems (ALIFE)","2018-07-01","2024-04-12 15:16:45","2024-04-12 15:16:45","2024-04-12 15:16:45","i-672","","","","","","","","","","","MIT Press","","en","","","","","direct.mit.edu","","","","C:\Users\User\Documents\99_Papers\IkegamiT et al\Ikegami et al_2018_The 2018 Conference on Artificial Life (full proceedings pdf).pdf","","","","","","","","","","","","","","","","","","","","","","","","","","","","","","","","","","ALIFE 2018: The 2018 Conference on Artificial Life","","","","","","","","","","","","","","",""
"4JMEZFQ3","conferencePaper","2018","Asllani, Malbor; Carletti, Timoteo","Topological resilience in non-normal networked systems","The 2018 Conference on Artificial Life","","","10.1162/isal_a_00071","https://www.mitpressjournals.org/doi/abs/10.1162/isal_a_00071","","2018","2024-04-13 14:17:40","2024-04-13 14:17:40","2024-04-13 14:17:40","372-373","","","","","","","","","","","MIT Press","Tokyo, Japan","en","","","","","DOI.org (Crossref)","","","","C:\Users\User\Documents\99_Papers\AsllaniM_CarlettiT\Asllani_Carletti_2018_Topological resilience in non-normal networked systems.pdf","","","","","","","","","","","","","","","","","","","","","","","","","","","","","","","","","","The 2018 Conference on Artificial Life","","","","","","","","","","","","","","",""
"9GFY7SEA","conferencePaper","2018","Andras, Peter","Cooperation in Repeated Rock-Paper-Scissors Games in Uncertain Environments","The 2018 Conference on Artificial Life","","","10.1162/isal_a_00078","https://www.mitpressjournals.org/doi/abs/10.1162/isal_a_00078","","2018","2024-04-13 14:17:40","2024-04-13 14:17:40","2024-04-13 14:17:40","404-411","","","","","","","","","","","MIT Press","Tokyo, Japan","en","","","","","DOI.org (Crossref)","","","","C:\Users\User\Documents\99_Papers\AndrasP\Andras_2018_Cooperation in Repeated Rock-Paper-Scissors Games in Uncertain Environments.pdf","","","","","","","","","","","","","","","","","","","","","","","","","","","","","","","","","","The 2018 Conference on Artificial Life","","","","","","","","","","","","","","",""
"UWKNU3PR","conferencePaper","2018","Hintze, Arend; Kirkpatrick, Douglas; Adami, Christoph","The structure of evolved representations across different substrates for artificial intelligence","The 2018 Conference on Artificial Life","","","10.1162/isal_a_00076","https://www.mitpressjournals.org/doi/abs/10.1162/isal_a_00076","","2018","2024-04-13 14:17:40","2024-04-13 14:17:40","2024-04-13 14:17:40","388-395","","","","","","","","","","","MIT Press","Tokyo, Japan","en","","","","","DOI.org (Crossref)","","","","C:\Users\User\Documents\99_Papers\HintzeA et al\Hintze et al_2018_The structure of evolved representations across different substrates for.pdf","","","","","","","","","","","","","","","","","","","","","","","","","","","","","","","","","","The 2018 Conference on Artificial Life","","","","","","","","","","","","","","",""
"PAJY3WBF","conferencePaper","2018","Raimbault, Juste","Multi-modeling the morphogenesis of transportation networks","The 2018 Conference on Artificial Life","","","10.1162/isal_a_00073","https://www.mitpressjournals.org/doi/abs/10.1162/isal_a_00073","","2018","2024-04-13 14:17:40","2024-04-13 14:17:40","2024-04-13 14:17:40","382-383","","","","","","","","","","","MIT Press","Tokyo, Japan","en","","","","","DOI.org (Crossref)","","","","C:\Users\User\Documents\99_Papers\RaimbaultJ\Raimbault_2018_Multi-modeling the morphogenesis of transportation networks.pdf","","","","","","","","","","","","","","","","","","","","","","","","","","","","","","","","","","The 2018 Conference on Artificial Life","","","","","","","","","","","","","","",""
"2SPMCIEB","conferencePaper","2018","Shorten, David; Nitschke, Geoff","Exploring Exploration Catastrophes in Various Network Models","The 2018 Conference on Artificial Life","","","10.1162/isal_a_00072","https://www.mitpressjournals.org/doi/abs/10.1162/isal_a_00072","","2018","2024-04-13 14:17:40","2024-04-13 14:17:40","2024-04-13 14:17:40","374-381","","","","","","","","","","","MIT Press","Tokyo, Japan","en","","","","","DOI.org (Crossref)","","","","C:\Users\User\Documents\99_Papers\ShortenD_NitschkeG\Shorten_Nitschke_2018_Exploring Exploration Catastrophes in Various Network Models.pdf","","","","","","","","","","","","","","","","","","","","","","","","","","","","","","","","","","The 2018 Conference on Artificial Life","","","","","","","","","","","","","","",""
"YMEYVTRF","conferencePaper","2018","Shirt-Ediss, Ben; Krasnogor, Natalio; Fellermann, Harold","The fittest, the common, and the dullest: Selection dynamics of exact autocatalytic replicators","The 2018 Conference on Artificial Life","","","10.1162/isal_a_00070","https://www.mitpressjournals.org/doi/abs/10.1162/isal_a_00070","","2018","2024-04-13 14:17:40","2024-04-13 14:17:40","2024-04-13 14:17:40","370-371","","","","","","The fittest, the common, and the dullest","","","","","MIT Press","Tokyo, Japan","en","","","","","DOI.org (Crossref)","","","","C:\Users\User\Documents\99_Papers\Shirt-EdissB et al\Shirt-Ediss et al_2018_The fittest, the common, and the dullest.pdf","","","","","","","","","","","","","","","","","","","","","","","","","","","","","","","","","","The 2018 Conference on Artificial Life","","","","","","","","","","","","","","",""
"QD3Z5L6N","conferencePaper","2018","Harvey, Inman","An Artificial Life perspective on traditional Pacific wave navigation","The 2018 Conference on Artificial Life","","","10.1162/isal_a_00067","https://www.mitpressjournals.org/doi/abs/10.1162/isal_a_00067","","2018","2024-04-13 14:17:40","2024-04-13 14:17:40","2024-04-13 14:17:40","359-360","","","","","","","","","","","MIT Press","Tokyo, Japan","en","","","","","DOI.org (Crossref)","","","","C:\Users\User\Documents\99_Papers\HarveyI\Harvey_2018_An Artificial Life perspective on traditional Pacific wave navigation.pdf","","","","","","","","","","","","","","","","","","","","","","","","","","","","","","","","","","The 2018 Conference on Artificial Life","","","","","","","","","","","","","","",""
"EUYH2QG6","conferencePaper","2018","Brodsky, Micah Z.; Levin, Michael","From Physics to Pattern: Uncovering Pattern Formation in Tissue Electrophysiology","The 2018 Conference on Artificial Life","","","10.1162/isal_a_00066","https://www.mitpressjournals.org/doi/abs/10.1162/isal_a_00066","","2018","2024-04-13 14:17:40","2024-04-13 14:17:40","2024-04-13 14:17:40","351-358","","","","","","From Physics to Pattern","","","","","MIT Press","Tokyo, Japan","en","","","","","DOI.org (Crossref)","","","","C:\Users\User\Documents\99_Papers\BrodskyM_LevinM\Brodsky_Levin_2018_From Physics to Pattern.pdf","","","","","","","","","","","","","","","","","","","","","","","","","","","","","","","","","","The 2018 Conference on Artificial Life","","","","","","","","","","","","","","",""
"M7VEXIUG","conferencePaper","2018","Leung, Binggwong; Thor, Mathias; Manoonpong, Poramate","Modular Neural Control for Bio-Inspired Walking and Ball Rolling of a Dung Beetle-Like Robot","The 2018 Conference on Artificial Life","","","10.1162/isal_a_00064","https://www.mitpressjournals.org/doi/abs/10.1162/isal_a_00064","","2018","2024-04-13 14:17:40","2024-04-13 14:17:40","2024-04-13 14:17:40","335-342","","","","","","","","","","","MIT Press","Tokyo, Japan","en","","","","","DOI.org (Crossref)","","","","C:\Users\User\Documents\99_Papers\LeungB et al\Leung et al_2018_Modular Neural Control for Bio-Inspired Walking and Ball Rolling of a Dung.pdf","","","","","","","","","","","","","","","","","","","","","","","","","","","","","","","","","","The 2018 Conference on Artificial Life","","","","","","","","","","","","","","",""
"MQCRM52V","conferencePaper","2018","Jelisavcic, Milan; Roijers, Diederik M.; Eiben, A.E.","Analysing the Relative Importance of Robot Brains and Bodies","The 2018 Conference on Artificial Life","","","10.1162/isal_a_00063","https://www.mitpressjournals.org/doi/abs/10.1162/isal_a_00063","","2018","2024-04-13 14:17:40","2024-04-13 14:17:40","2024-04-13 14:17:40","327-334","","","","","","","","","","","MIT Press","Tokyo, Japan","en","","","","","DOI.org (Crossref)","","","","C:\Users\User\Documents\99_Papers\JelisavcicM et al\Jelisavcic et al_2018_Analysing the Relative Importance of Robot Brains and Bodies.pdf","","","","","","","","","","","","","","","","","","","","","","","","","","","","","","","","","","The 2018 Conference on Artificial Life","","","","","","","","","","","","","","",""
"6GMP575C","conferencePaper","2018","Bader, Christoph; Sharma, Sunanda; Smith, Rachel Soo Hoo; Disset, Jean; Oxman, Neri","Viva in Silico: A position-based dynamics model for microcolony morphology simulation","The 2018 Conference on Artificial Life","","","10.1162/isal_a_00060","https://www.mitpressjournals.org/doi/abs/10.1162/isal_a_00060","","2018","2024-04-13 14:17:40","2024-04-13 14:17:40","2024-04-13 14:17:40","304-310","","","","","","Viva in Silico","","","","","MIT Press","Tokyo, Japan","en","","","","","DOI.org (Crossref)","","","","C:\Users\User\Documents\99_Papers\BaderC et al\Bader et al_2018_Viva in Silico.pdf","","","","","","","","","","","","","","","","","","","","","","","","","","","","","","","","","","The 2018 Conference on Artificial Life","","","","","","","","","","","","","","",""
"AHWXR4S2","conferencePaper","2018","Lalejini, Alexander; Ofria, Charles","Evolving Reactive Agents with SignalGP","The 2018 Conference on Artificial Life","","","10.1162/isal_a_00069","https://www.mitpressjournals.org/doi/abs/10.1162/isal_a_00069","","2018","2024-04-13 14:17:40","2024-04-13 14:17:40","2024-04-13 14:17:40","368-369","","","","","","","","","","","MIT Press","Tokyo, Japan","en","","","","","DOI.org (Crossref)","","","","C:\Users\User\Documents\99_Papers\LalejiniA_OfriaC\Lalejini_Ofria_2018_Evolving Reactive Agents with SignalGP.pdf","","","","","","","","","","","","","","","","","","","","","","","","","","","","","","","","","","The 2018 Conference on Artificial Life","","","","","","","","","","","","","","",""
"XFFNY3XK","conferencePaper","2018","Rainford, Penelope Faulkner; Sebald, Angelika; Stepney, Susan","Modular combinations of Artificial Chemistries","The 2018 Conference on Artificial Life","","","10.1162/isal_a_00068","https://www.mitpressjournals.org/doi/abs/10.1162/isal_a_00068","","2018","2024-04-13 14:17:40","2024-04-13 14:17:40","2024-04-13 14:17:40","361-367","","","","","","","","","","","MIT Press","Tokyo, Japan","en","","","","","DOI.org (Crossref)","","","","C:\Users\User\Documents\99_Papers\RainfordP et al\Rainford et al_2018_Modular combinations of Artificial Chemistries.pdf","","","","","","","","","","","","","","","","","","","","","","","","","","","","","","","","","","The 2018 Conference on Artificial Life","","","","","","","","","","","","","","",""
"GTFAKXA7","conferencePaper","2018","Egbert, Matthew","Investigations of an Adaptive and Autonomous Sensorimotor Individual","The 2018 Conference on Artificial Life","","","10.1162/isal_a_00065","https://www.mitpressjournals.org/doi/abs/10.1162/isal_a_00065","","2018","2024-04-13 14:17:40","2024-04-13 14:17:40","2024-04-13 14:17:40","343-350","","","","","","","","","","","MIT Press","Tokyo, Japan","en","","","","","DOI.org (Crossref)","","","","C:\Users\User\Documents\99_Papers\EgbertM\Egbert_2018_Investigations of an Adaptive and Autonomous Sensorimotor Individual.pdf","","","","","","","","","","","","","","","","","","","","","","","","","","","","","","","","","","The 2018 Conference on Artificial Life","","","","","","","","","","","","","","",""
"BD4BFPS9","conferencePaper","2018","Pinneri, Cristina; Martius, Georg","Systematic self-exploration of behaviors for robots in a dynamical systems framework","The 2018 Conference on Artificial Life","","","10.1162/isal_a_00062","https://www.mitpressjournals.org/doi/abs/10.1162/isal_a_00062","","2018","2024-04-13 14:17:40","2024-04-13 14:17:40","2024-04-13 14:17:40","319-326","","","","","","","","","","","MIT Press","Tokyo, Japan","en","","","","","DOI.org (Crossref)","","","","C:\Users\User\Documents\99_Papers\PinneriC_MartiusG\Pinneri_Martius_2018_Systematic self-exploration of behaviors for robots in a dynamical systems.pdf","","","","","","","","","","","","","","","","","","","","","","","","","","","","","","","","","","The 2018 Conference on Artificial Life","","","","","","","","","","","","","","",""
"S7N2TQU8","conferencePaper","2018","Szabo, Claudia; Barnes, Jayden; Munguia, Pablo","Multi-objective Strategies for Exploring Form and Function in Crustaceans","The 2018 Conference on Artificial Life","","","10.1162/isal_a_00061","https://www.mitpressjournals.org/doi/abs/10.1162/isal_a_00061","","2018","2024-04-13 14:17:40","2024-04-13 14:17:40","2024-04-13 14:17:40","311-318","","","","","","","","","","","MIT Press","Tokyo, Japan","en","","","","","DOI.org (Crossref)","","","","C:\Users\User\Documents\99_Papers\SzaboC et al\Szabo et al_2018_Multi-objective Strategies for Exploring Form and Function in Crustaceans.pdf","","","","","","","","","","","","","","","","","","","","","","","","","","","","","","","","","","The 2018 Conference on Artificial Life","","","","","","","","","","","","","","",""
"4YC4GCZI","conferencePaper","2018","Eldridge, Alice; Kiefer, Chris","Toward a Synthetic Acoustic Ecology: Sonically Situated, Evolutionary Agent Based Models of the Acoustic Niche Hypothesis","The 2018 Conference on Artificial Life","","","10.1162/isal_a_00059","https://www.mitpressjournals.org/doi/abs/10.1162/isal_a_00059","","2018","2024-04-13 14:17:40","2024-04-13 14:17:40","2024-04-13 14:17:40","296-303","","","","","","Toward a Synthetic Acoustic Ecology","","","","","MIT Press","Tokyo, Japan","en","","","","","DOI.org (Crossref)","","","","C:\Users\User\Documents\99_Papers\EldridgeA_KieferC\Eldridge_Kiefer_2018_Toward a Synthetic Acoustic Ecology.pdf","","","","","","","","","","","","","","","","","","","","","","","","","","","","","","","","","","The 2018 Conference on Artificial Life","","","","","","","","","","","","","","",""
"9HXVYBZ7","conferencePaper","2018","Kozdon, Katarzyna; Bentley, Peter","The Evolution of Training Parameters for Spiking Neural Networks with Hebbian Learning","The 2018 Conference on Artificial Life","","","10.1162/isal_a_00055","https://www.mitpressjournals.org/doi/abs/10.1162/isal_a_00055","","2018","2024-04-13 14:17:40","2024-04-13 14:17:40","2024-04-13 14:17:40","276-283","","","","","","","","","","","MIT Press","Tokyo, Japan","en","","","","","DOI.org (Crossref)","","","","C:\Users\User\Documents\99_Papers\KozdonK_BentleyP\Kozdon_Bentley_2018_The Evolution of Training Parameters for Spiking Neural Networks with Hebbian.pdf","","","","","","","","","","","","","","","","","","","","","","","","","","","","","","","","","","The 2018 Conference on Artificial Life","","","","","","","","","","","","","","",""
"A9IKX3JS","conferencePaper","2018","Yoder, Jason A.; Izquierdo, Eduardo J.","Behavioral Stability in the Face of Neuromodulation in Brain-Body-Environment Systems","The 2018 Conference on Artificial Life","","","10.1162/isal_a_00054","https://www.mitpressjournals.org/doi/abs/10.1162/isal_a_00054","","2018","2024-04-13 14:17:40","2024-04-13 14:17:40","2024-04-13 14:17:40","268-275","","","","","","","","","","","MIT Press","Tokyo, Japan","en","","","","","DOI.org (Crossref)","","","","C:\Users\User\Documents\99_Papers\YoderJ_IzquierdoE\Yoder_Izquierdo_2018_Behavioral Stability in the Face of Neuromodulation in Brain-Body-Environment.pdf","","","","","","","","","","","","","","","","","","","","","","","","","","","","","","","","","","The 2018 Conference on Artificial Life","","","","","","","","","","","","","","",""
"LSQM4KUC","conferencePaper","2018","Edvardsen, Vegard","Navigating with distorted grid cells","The 2018 Conference on Artificial Life","","","10.1162/isal_a_00053","https://www.mitpressjournals.org/doi/abs/10.1162/isal_a_00053","","2018","2024-04-13 14:17:40","2024-04-13 14:17:40","2024-04-13 14:17:40","260-267","","","","","","","","","","","MIT Press","Tokyo, Japan","en","","","","","DOI.org (Crossref)","","","","C:\Users\User\Documents\99_Papers\EdvardsenV\Edvardsen_2018_Navigating with distorted grid cells.pdf","","","","","","","","","","","","","","","","","","","","","","","","","","","","","","","","","","The 2018 Conference on Artificial Life","","","","","","","","","","","","","","",""
"SZNLDHZZ","conferencePaper","2018","Zaman, Luis","Investigating Open-Ended Coevolution in Digital Organisms","The 2018 Conference on Artificial Life","","","10.1162/isal_a_00052","https://www.mitpressjournals.org/doi/abs/10.1162/isal_a_00052","","2018","2024-04-13 14:17:40","2024-04-13 14:17:40","2024-04-13 14:17:40","258-259","","","","","","","","","","","MIT Press","Tokyo, Japan","en","","","","","DOI.org (Crossref)","","","","C:\Users\User\Documents\99_Papers\ZamanL\Zaman_2018_Investigating Open-Ended Coevolution in Digital Organisms.pdf","","","","","","","","","","","","","","","","","","","","","","","","","","","","","","","","","","The 2018 Conference on Artificial Life","","","","","","","","","","","","","","",""
"YF8WI923","conferencePaper","2018","Perret, Cedric; Powers, Simon T.; Pitt, Jeremy; Hart, Emma","Can justice be fair when it is blind? How social network structures can promote or prevent the evolution of despotism","The 2018 Conference on Artificial Life","","","10.1162/isal_a_00058","https://www.mitpressjournals.org/doi/abs/10.1162/isal_a_00058","","2018","2024-04-13 14:17:40","2024-04-13 14:17:40","2024-04-13 14:17:40","288-295","","","","","","Can justice be fair when it is blind?","","","","","MIT Press","Tokyo, Japan","en","","","","","DOI.org (Crossref)","","","","C:\Users\User\Documents\99_Papers\PerretC et al\Perret et al_2018_Can justice be fair when it is blind.pdf","","","","","","","","","","","","","","","","","","","","","","","","","","","","","","","","","","The 2018 Conference on Artificial Life","","","","","","","","","","","","","","",""
"B5PEIFUB","conferencePaper","2018","Santos, Fernando P.; Pacheco, Jorge M.; Paiva, Ana; Santos, Francisco C.","Multiplayer Ultimatum Games and Collective Fairness in Networked Communities","The 2018 Conference on Artificial Life","","","10.1162/isal_a_00057","https://www.mitpressjournals.org/doi/abs/10.1162/isal_a_00057","","2018","2024-04-13 14:17:40","2024-04-13 14:17:40","2024-04-13 14:17:40","286-287","","","","","","","","","","","MIT Press","Tokyo, Japan","en","","","","","DOI.org (Crossref)","","","","C:\Users\User\Documents\99_Papers\SantosF et al\Santos et al_2018_Multiplayer Ultimatum Games and Collective Fairness in Networked Communities.pdf","","","","","","","","","","","","","","","","","","","","","","","","","","","","","","","","","","The 2018 Conference on Artificial Life","","","","","","","","","","","","","","",""
"LIU8IE9U","conferencePaper","2018","Ichinose, Genki; Masuda, Naoki","Zero-Determinant Strategies in Repeated Prisoner’s Dilemma Games","The 2018 Conference on Artificial Life","","","10.1162/isal_a_00056","https://www.mitpressjournals.org/doi/abs/10.1162/isal_a_00056","","2018","2024-04-13 14:17:40","2024-04-13 14:17:40","2024-04-13 14:17:40","284-285","","","","","","","","","","","MIT Press","Tokyo, Japan","en","","","","","DOI.org (Crossref)","","","","C:\Users\User\Documents\99_Papers\IchinoseG_MasudaN\Ichinose_Masuda_2018_Zero-Determinant Strategies in Repeated Prisoner’s Dilemma Games.pdf","","","","","","","","","","","","","","","","","","","","","","","","","","","","","","","","","","The 2018 Conference on Artificial Life","","","","","","","","","","","","","","",""
"APDD8JZZ","conferencePaper","2018","Liard, Vincent; Parsons, David; Rouzaud-Cornabas, Jonathan; Beslon, Guillaume","The Complexity Ratchet: Stronger than selection, weaker than robustness","The 2018 Conference on Artificial Life","","","10.1162/isal_a_00051","https://www.mitpressjournals.org/doi/abs/10.1162/isal_a_00051","","2018","2024-04-13 14:17:40","2024-04-13 14:17:40","2024-04-13 14:17:40","250-257","","","","","","The Complexity Ratchet","","","","","MIT Press","Tokyo, Japan","en","","","","","DOI.org (Crossref)","","","","C:\Users\User\Documents\99_Papers\LiardV et al\Liard et al_2018_The Complexity Ratchet.pdf","","","","","","","","","","","","","","","","","","","","","","","","","","","","","","","","","","The 2018 Conference on Artificial Life","","","","","","","","","","","","","","",""
"G64YHVHP","conferencePaper","2018","Veenstra, Frank; De Prado Salas, Pablo González; Bongard, Josh; Stoy, Kasper; Risi, Sebastian","Intrinsic Mortality Governs Evolvability","The 2018 Conference on Artificial Life","","","10.1162/isal_a_00050","https://www.mitpressjournals.org/doi/abs/10.1162/isal_a_00050","","2018","2024-04-13 14:17:40","2024-08-01 09:22:53","2024-04-13 14:17:40","242-249","","","","","","","","","","","MIT Press","Tokyo, Japan","en","","","","","DOI.org (Crossref)","","","","C:\Users\User\Documents\99_Papers\VeenstraF et al\Veenstra et al_2018_Intrinsic Mortality Governs Evolvability.pdf","","Evolvability; skimmed","","","","","","","","","","","","","","","","","","","","","","","","","","","","","","","","The 2018 Conference on Artificial Life","","","","","","","","","","","","","","",""
"JQGG94Q9","conferencePaper","2018","Zahadat, Payam; Schmickl, Thomas","Locomotion as a Result of Displacement of Resources","The 2018 Conference on Artificial Life","","","10.1162/isal_a_00048","https://www.mitpressjournals.org/doi/abs/10.1162/isal_a_00048","","2018","2024-04-13 14:17:40","2024-04-13 14:17:40","2024-04-13 14:17:40","232-233","","","","","","","","","","","MIT Press","Tokyo, Japan","en","","","","","DOI.org (Crossref)","","","","C:\Users\User\Documents\99_Papers\ZahadatP_SchmicklT\Zahadat_Schmickl_2018_Locomotion as a Result of Displacement of Resources.pdf","","","","","","","","","","","","","","","","","","","","","","","","","","","","","","","","","","The 2018 Conference on Artificial Life","","","","","","","","","","","","","","",""
"YA9M7YA5","conferencePaper","2018","Miras, Karine; Haasdijk, Evert; Glette, Kyrre; Eiben, A.E.","Effects of Selection Preferences on Evolved Robot Morphologies and Behaviors","The 2018 Conference on Artificial Life","","","10.1162/isal_a_00047","https://www.mitpressjournals.org/doi/abs/10.1162/isal_a_00047","","2018","2024-04-13 14:17:40","2024-04-13 14:17:40","2024-04-13 14:17:40","224-231","","","","","","","","","","","MIT Press","Tokyo, Japan","en","","","","","DOI.org (Crossref)","","","","C:\Users\User\Documents\99_Papers\MirasK et al\Miras et al_2018_Effects of Selection Preferences on Evolved Robot Morphologies and Behaviors.pdf","","","","","","","","","","","","","","","","","","","","","","","","","","","","","","","","","","The 2018 Conference on Artificial Life","","","","","","","","","","","","","","",""
"KRY8DNN4","conferencePaper","2018","Stanton, Adam","Stochastic Ontogenesis in Evolutionary Robotics","The 2018 Conference on Artificial Life","","","10.1162/isal_a_00045","https://www.mitpressjournals.org/doi/abs/10.1162/isal_a_00045","","2018","2024-04-13 14:17:40","2024-04-13 14:17:40","2024-04-13 14:17:40","214-221","","","","","","","","","","","MIT Press","Tokyo, Japan","en","","","","","DOI.org (Crossref)","","","","C:\Users\User\Documents\99_Papers\StantonA\Stanton_2018_Stochastic Ontogenesis in Evolutionary Robotics.pdf","","","","","","","","","","","","","","","","","","","","","","","","","","","","","","","","","","The 2018 Conference on Artificial Life","","","","","","","","","","","","","","",""
"7WE69JPP","conferencePaper","2018","Ferreira, Giordano B. S.; Scheutz, Matthias; Levin, Michael","Modeling Cell Migration in a Simulated Bioelectrical Signaling Network for Anatomical Regeneration","The 2018 Conference on Artificial Life","","","10.1162/isal_a_00041","https://www.mitpressjournals.org/doi/abs/10.1162/isal_a_00041","","2018","2024-04-13 14:17:40","2024-04-13 14:17:40","2024-04-13 14:17:40","194-201","","","","","","","","","","","MIT Press","Tokyo, Japan","en","","","","","DOI.org (Crossref)","","","","C:\Users\User\Documents\99_Papers\FerreiraG et al\Ferreira et al_2018_Modeling Cell Migration in a Simulated Bioelectrical Signaling Network for.pdf","","","","","","","","","","","","","","","","","","","","","","","","","","","","","","","","","","The 2018 Conference on Artificial Life","","","","","","","","","","","","","","",""
"49LJ5EDN","conferencePaper","2018","Diaconescu, Ada; Tomforde, Sven; Müller-Schloer, Christian","Holonic Cellular Automata: Modelling Multi-level Self-organisation of Structure and Behaviour","The 2018 Conference on Artificial Life","","","10.1162/isal_a_00040","https://www.mitpressjournals.org/doi/abs/10.1162/isal_a_00040","","2018","2024-04-13 14:17:40","2024-04-13 14:17:40","2024-04-13 14:17:40","186-193","","","","","","Holonic Cellular Automata","","","","","MIT Press","Tokyo, Japan","en","","","","","DOI.org (Crossref)","","","","C:\Users\User\Documents\99_Papers\DiaconescuA et al\Diaconescu et al_2018_Holonic Cellular Automata.pdf","","","","","","","","","","","","","","","","","","","","","","","","","","","","","","","","","","The 2018 Conference on Artificial Life","","","","","","","","","","","","","","",""
"G4S4JUZH","conferencePaper","2018","Chang, Oscar; Lipson, Hod","Neural Network Quine","The 2018 Conference on Artificial Life","","","10.1162/isal_a_00049","https://www.mitpressjournals.org/doi/abs/10.1162/isal_a_00049","","2018","2024-04-13 14:17:40","2024-04-13 14:17:40","2024-04-13 14:17:40","234-241","","","","","","","","","","","MIT Press","Tokyo, Japan","en","","","","","DOI.org (Crossref)","","","","C:\Users\User\Documents\99_Papers\ChangO_LipsonH\Chang_Lipson_2018_Neural Network Quine.pdf","","","","","","","","","","","","","","","","","","","","","","","","","","","","","","","","","","The 2018 Conference on Artificial Life","","","","","","","","","","","","","","",""
"AX8583SS","conferencePaper","2018","Trueba, Pedro; Prieto, Abraham","Improving performance in distributed embodied evolution: Distributed Differential Embodied Evolution","The 2018 Conference on Artificial Life","","","10.1162/isal_a_00046","https://www.mitpressjournals.org/doi/abs/10.1162/isal_a_00046","","2018","2024-04-13 14:17:40","2024-04-13 14:17:40","2024-04-13 14:17:40","222-223","","","","","","Improving performance in distributed embodied evolution","","","","","MIT Press","Tokyo, Japan","en","","","","","DOI.org (Crossref)","","","","C:\Users\User\Documents\99_Papers\TruebaP_PrietoA\Trueba_Prieto_2018_Improving performance in distributed embodied evolution.pdf","","","","","","","","","","","","","","","","","","","","","","","","","","","","","","","","","","The 2018 Conference on Artificial Life","","","","","","","","","","","","","","",""
"QQXY9KVC","conferencePaper","2018","La Cava, William; Moore, Jason","Behavioral search drivers and the role of elitism in soft robotics","The 2018 Conference on Artificial Life","","","10.1162/isal_a_00044","https://www.mitpressjournals.org/doi/abs/10.1162/isal_a_00044","","2018","2024-04-13 14:17:40","2024-04-13 14:17:40","2024-04-13 14:17:40","206-213","","","","","","","","","","","MIT Press","Tokyo, Japan","en","","","","","DOI.org (Crossref)","","","","C:\Users\User\Documents\99_Papers\La CavaW_MooreJ\La Cava_Moore_2018_Behavioral search drivers and the role of elitism in soft robotics.pdf","","","","","","","","","","","","","","","","","","","","","","","","","","","","","","","","","","The 2018 Conference on Artificial Life","","","","","","","","","","","","","","",""
"8WU5ENKI","conferencePaper","2018","Moore, Douglas G.; Walker, Sara I.; Levin, Michael","Pattern Regeneration in Coupled Networks","The 2018 Conference on Artificial Life","","","10.1162/isal_a_00043","https://www.mitpressjournals.org/doi/abs/10.1162/isal_a_00043","","2018","2024-04-13 14:17:40","2024-04-13 14:17:40","2024-04-13 14:17:40","204-205","","","","","","","","","","","MIT Press","Tokyo, Japan","en","","","","","DOI.org (Crossref)","","","","C:\Users\User\Documents\99_Papers\MooreD et al\Moore et al_2018_Pattern Regeneration in Coupled Networks.pdf","","","","","","","","","","","","","","","","","","","","","","","","","","","","","","","","","","The 2018 Conference on Artificial Life","","","","","","","","","","","","","","",""
"6R93B36T","conferencePaper","2018","Hiesinger, P. Robin","The Self-Assembling Brain: Contributions to Morphogenetic Engineering from a Self-Organizing Neural Network in the Insect Brain","The 2018 Conference on Artificial Life","","","10.1162/isal_a_00042","https://www.mitpressjournals.org/doi/abs/10.1162/isal_a_00042","","2018","2024-04-13 14:17:40","2024-04-13 14:17:40","2024-04-13 14:17:40","202-203","","","","","","The Self-Assembling Brain","","","","","MIT Press","Tokyo, Japan","en","","","","","DOI.org (Crossref)","","","","C:\Users\User\Documents\99_Papers\HiesingerP\Hiesinger_2018_The Self-Assembling Brain.pdf","","","","","","","","","","","","","","","","","","","","","","","","","","","","","","","","","","The 2018 Conference on Artificial Life","","","","","","","","","","","","","","",""
"RFP7STLA","conferencePaper","2018","Mariano, Pedro; Salem, Ziad; Mills, Rob; Schönwetter-Fuchs-Schistek, Stefan; Correia, Luís; Schmickl, Thomas","Evolving robot controllers for a bio-hybrid system","The 2018 Conference on Artificial Life","","","10.1162/isal_a_00036","https://www.mitpressjournals.org/doi/abs/10.1162/isal_a_00036","","2018","2024-04-13 14:17:40","2024-04-13 14:17:40","2024-04-13 14:17:40","155-162","","","","","","","","","","","MIT Press","Tokyo, Japan","en","","","","","DOI.org (Crossref)","","","","C:\Users\User\Documents\99_Papers\MarianoP et al\Mariano et al_2018_Evolving robot controllers for a bio-hybrid system.pdf","","","","","","","","","","","","","","","","","","","","","","","","","","","","","","","","","","The 2018 Conference on Artificial Life","","","","","","","","","","","","","","",""
"846HDDR6","conferencePaper","2018","Noguchi, Wataru; Iizuka, Hiroyuki; Yamamoto, Masahito","Effect of Behavioral Complexity on Development of Spatial Recognition","The 2018 Conference on Artificial Life","","","10.1162/isal_a_00035","https://www.mitpressjournals.org/doi/abs/10.1162/isal_a_00035","","2018","2024-04-13 14:17:40","2024-04-13 14:17:40","2024-04-13 14:17:40","147-154","","","","","","","","","","","MIT Press","Tokyo, Japan","en","","","","","DOI.org (Crossref)","","","","C:\Users\User\Documents\99_Papers\NoguchiW et al\Noguchi et al_2018_Effect of Behavioral Complexity on Development of Spatial Recognition.pdf","","","","","","","","","","","","","","","","","","","","","","","","","","","","","","","","","","The 2018 Conference on Artificial Life","","","","","","","","","","","","","","",""
"EZ9T8B25","conferencePaper","2018","Rampioni, Giordano; Leoni, Livia; Mavelli, Fabio; Damiano, Luisa; Stano, Pasquale","Interfacing Synthetic Cells with Biological Cells: An Application of the Synthetic Method","The 2018 Conference on Artificial Life","","","10.1162/isal_a_00034","https://www.mitpressjournals.org/doi/abs/10.1162/isal_a_00034","","2018","2024-04-13 14:17:40","2024-04-13 14:17:40","2024-04-13 14:17:40","145-146","","","","","","Interfacing Synthetic Cells with Biological Cells","","","","","MIT Press","Tokyo, Japan","en","","","","","DOI.org (Crossref)","","","","C:\Users\User\Documents\99_Papers\RampioniG et al\Rampioni et al_2018_Interfacing Synthetic Cells with Biological Cells.pdf","","","","","","","","","","","","","","","","","","","","","","","","","","","","","","","","","","The 2018 Conference on Artificial Life","","","","","","","","","","","","","","",""
"P6MMMA4B","conferencePaper","2018","Froese, Tom; Campos, Jorge I.; Virgo, Nathaniel","An iterated learning approach to the origins of the standard genetic code can help to explain its sequence of amino acid assignments","The 2018 Conference on Artificial Life","","","10.1162/isal_a_00033","https://www.mitpressjournals.org/doi/abs/10.1162/isal_a_00033","","2018","2024-04-13 14:17:40","2024-04-13 14:17:40","2024-04-13 14:17:40","137-144","","","","","","","","","","","MIT Press","Tokyo, Japan","en","","","","","DOI.org (Crossref)","","","","C:\Users\User\Documents\99_Papers\FroeseT et al\Froese et al_2018_An iterated learning approach to the origins of the standard genetic code can.pdf","","","","","","","","","","","","","","","","","","","","","","","","","","","","","","","","","","The 2018 Conference on Artificial Life","","","","","","","","","","","","","","",""
"HKNSGXJM","conferencePaper","2018","Cowley, Benjamin; Thornton, John; Main, Linda; Sattar, Abdul","Precision without Precisions: Handling uncertainty with a single predictive model","The 2018 Conference on Artificial Life","","","10.1162/isal_a_00032","https://www.mitpressjournals.org/doi/abs/10.1162/isal_a_00032","","2018","2024-04-13 14:17:40","2024-04-13 14:17:40","2024-04-13 14:17:40","129-136","","","","","","Precision without Precisions","","","","","MIT Press","Tokyo, Japan","en","","","","","DOI.org (Crossref)","","","","C:\Users\User\Documents\99_Papers\CowleyB et al\Cowley et al_2018_Precision without Precisions.pdf","","","","","","","","","","","","","","","","","","","","","","","","","","","","","","","","","","The 2018 Conference on Artificial Life","","","","","","","","","","","","","","",""
"ZANABLGP","conferencePaper","2018","Baltieri, Manuel; Buckley, Christopher L.","The modularity of action and perception revisited using control theory and active inference","The 2018 Conference on Artificial Life","","","10.1162/isal_a_00031","https://www.mitpressjournals.org/doi/abs/10.1162/isal_a_00031","","2018","2024-04-13 14:17:40","2024-04-13 14:17:40","2024-04-13 14:17:40","121-128","","","","","","","","","","","MIT Press","Tokyo, Japan","en","","","","","DOI.org (Crossref)","","","","C:\Users\User\Documents\99_Papers\BaltieriM_BuckleyC\Baltieri_Buckley_2018_The modularity of action and perception revisited using control theory and.pdf","","","","","","","","","","","","","","","","","","","","","","","","","","","","","","","","","","The 2018 Conference on Artificial Life","","","","","","","","","","","","","","",""
"EDQP6J2P","conferencePaper","2018","Iizuka, Hiroyuki; Nakamoto, Yosuke; Yamamoto, Masahito","Learning of Individual Sensorimotor Mapping to Form Swarm Behavior from Real Fish Data","The 2018 Conference on Artificial Life","","","10.1162/isal_a_00039","https://www.mitpressjournals.org/doi/abs/10.1162/isal_a_00039","","2018","2024-04-13 14:17:40","2024-04-13 14:17:40","2024-04-13 14:17:40","179-185","","","","","","","","","","","MIT Press","Tokyo, Japan","en","","","","","DOI.org (Crossref)","","","","C:\Users\User\Documents\99_Papers\IizukaH et al\Iizuka et al_2018_Learning of Individual Sensorimotor Mapping to Form Swarm Behavior from Real.pdf","","","","","","","","","","","","","","","","","","","","","","","","","","","","","","","","","","The 2018 Conference on Artificial Life","","","","","","","","","","","","","","",""
"SD3J37Y5","conferencePaper","2018","Dorin, Alan; Dyer, Adrian; Taylor, Tim; Bukovac, Zoë","Simulation-governed design and tuning of greenhouses for successful bee pollination","The 2018 Conference on Artificial Life","","","10.1162/isal_a_00038","https://www.mitpressjournals.org/doi/abs/10.1162/isal_a_00038","","2018","2024-04-13 14:17:40","2024-04-13 14:17:40","2024-04-13 14:17:40","171-178","","","","","","","","","","","MIT Press","Tokyo, Japan","en","","","","","DOI.org (Crossref)","","","","C:\Users\User\Documents\99_Papers\DorinA et al\Dorin et al_2018_Simulation-governed design and tuning of greenhouses for successful bee.pdf","","","","","","","","","","","","","","","","","","","","","","","","","","","","","","","","","","The 2018 Conference on Artificial Life","","","","","","","","","","","","","","",""
"9WW4ITQJ","conferencePaper","2018","Masumori, Atsushi; Sinapayen, Lana; Maruyama, Norihiro; Mita, Takeshi; Bakkum, Douglas; Frey, Urs; Takahashi, Hirokazu; Ikegami, Takashi","Autonomous Regulation of Self and Non-Self by Stimulation Avoidance in Embodied Neural Networks","The 2018 Conference on Artificial Life","","","10.1162/isal_a_00037","https://www.mitpressjournals.org/doi/abs/10.1162/isal_a_00037","","2018","2024-04-13 14:17:40","2024-04-13 14:17:40","2024-04-13 14:17:40","163-170","","","","","","","","","","","MIT Press","Tokyo, Japan","en","","","","","DOI.org (Crossref)","","","","C:\Users\User\Documents\99_Papers\MasumoriA et al\Masumori et al_2018_Autonomous Regulation of Self and Non-Self by Stimulation Avoidance in Embodied.pdf","","","","","","","","","","","","","","","","","","","","","","","","","","","","","","","","","","The 2018 Conference on Artificial Life","","","","","","","","","","","","","","",""
"Q283WBLD","conferencePaper","2018","Aguilera, Miguel; Di Paolo, Ezequiel A.","Integrated Information and Autonomy in the Thermodynamic Limit","The 2018 Conference on Artificial Life","","","10.1162/isal_a_00030","https://www.mitpressjournals.org/doi/abs/10.1162/isal_a_00030","","2018","2024-04-13 14:17:40","2024-04-13 14:17:40","2024-04-13 14:17:40","113-120","","","","","","","","","","","MIT Press","Tokyo, Japan","en","","","","","DOI.org (Crossref)","","","","C:\Users\User\Documents\99_Papers\AguileraM_Di PaoloE\Aguilera_Di Paolo_2018_Integrated Information and Autonomy in the Thermodynamic Limit.pdf","","","","","","","","","","","","","","","","","","","","","","","","","","","","","","","","","","The 2018 Conference on Artificial Life","","","","","","","","","","","","","","",""
"ELP6P7AR","conferencePaper","2018","Dotov, Dobromir; Froese, Tom","Mutual synchronization and control between artificial chaotic system and human","The 2018 Conference on Artificial Life","","","10.1162/isal_a_00028","https://www.mitpressjournals.org/doi/abs/10.1162/isal_a_00028","","2018","2024-04-13 14:17:40","2024-04-13 14:17:40","2024-04-13 14:17:40","109-110","","","","","","","","","","","MIT Press","Tokyo, Japan","en","","","","","DOI.org (Crossref)","","","","C:\Users\User\Documents\99_Papers\DotovD_FroeseT\Dotov_Froese_2018_Mutual synchronization and control between artificial chaotic system and human.pdf","","","","","","","","","","","","","","","","","","","","","","","","","","","","","","","","","","The 2018 Conference on Artificial Life","","","","","","","","","","","","","","",""
"KXB477SN","conferencePaper","2018","Oka, Mizuki; Chen, Dominique; Aoki, Ryuta; Ikegami, Takashi","ALife as a Tool for Cooperative Society Between People and Machines","The 2018 Conference on Artificial Life","","","10.1162/isal_a_00025","https://www.mitpressjournals.org/doi/abs/10.1162/isal_a_00025","","2018","2024-04-13 14:17:40","2024-04-13 14:17:40","2024-04-13 14:17:40","103-104","","","","","","","","","","","MIT Press","Tokyo, Japan","en","","","","","DOI.org (Crossref)","","","","C:\Users\User\Documents\99_Papers\OkaM et al\Oka et al_2018_ALife as a Tool for Cooperative Society Between People and Machines.pdf","","","","","","","","","","","","","","","","","","","","","","","","","","","","","","","","","","The 2018 Conference on Artificial Life","","","","","","","","","","","","","","",""
"CUQBALYF","conferencePaper","2018","Furukawa, Hikaru; Walker, Sara Imari","Major Transitions in Planetary Evolution","The 2018 Conference on Artificial Life","","","10.1162/isal_a_00024","https://www.mitpressjournals.org/doi/abs/10.1162/isal_a_00024","","2018","2024-04-13 14:17:40","2024-04-13 14:17:40","2024-04-13 14:17:40","101-102","","","","","","","","","","","MIT Press","Tokyo, Japan","en","","","","","DOI.org (Crossref)","","","","C:\Users\User\Documents\99_Papers\FurukawaH_WalkerS\Furukawa_Walker_2018_Major Transitions in Planetary Evolution.pdf","","","","","","","","","","","","","","","","","","","","","","","","","","","","","","","","","","The 2018 Conference on Artificial Life","","","","","","","","","","","","","","",""
"HL9HUASX","conferencePaper","2018","Taylor, Tim; Dorin, Alan","Past Visions of Artificial Futures: One Hundred and Fifty Years under the Spectre of Evolving Machines","The 2018 Conference on Artificial Life","","","10.1162/isal_a_00022","https://www.mitpressjournals.org/doi/abs/10.1162/isal_a_00022","","2018","2024-04-13 14:17:40","2024-04-16 02:30:10","2024-04-13 14:17:40","91-98","","","","","","Past Visions of Artificial Futures","","","","","MIT Press","Tokyo, Japan","en","","","","","DOI.org (Crossref)","","","","C:\Users\User\Documents\99_Papers\TaylorT_DorinA\Taylor_Dorin_2018_Past Visions of Artificial Futures.pdf","","","","","","","","","","","","","","","","","","","","","","","","","","","","","","","","","","The 2018 Conference on Artificial Life","","","","","","","","","","","","","","",""
"ZQX629ZN","conferencePaper","2018","Ackley, David H.","Digital protocells with dynamic size, position, and topology","The 2018 Conference on Artificial Life","","","10.1162/isal_a_00021","https://www.mitpressjournals.org/doi/abs/10.1162/isal_a_00021","","2018","2024-04-13 14:17:40","2024-04-13 14:17:40","2024-04-13 14:17:40","83-90","","","","","","","","","","","MIT Press","Tokyo, Japan","en","","","","","DOI.org (Crossref)","","","","C:\Users\User\Documents\99_Papers\AckleyD\Ackley_2018_Digital protocells with dynamic size, position, and topology.pdf","","","","","","","","","","","","","","","","","","","","","","","","","","","","","","","","","","The 2018 Conference on Artificial Life","","","","","","","","","","","","","","",""
"ETFSL66P","conferencePaper","2018","Suzuki, Keisuke; Roseboom, Warrick; Schwartzman, David J.; Seth, Anil K.","Hallucination Machine: Simulating Altered Perceptual Phenomenology with a Deep-Dream Virtual Reality platform","The 2018 Conference on Artificial Life","","","10.1162/isal_a_00029","https://www.mitpressjournals.org/doi/abs/10.1162/isal_a_00029","","2018","2024-04-13 14:17:40","2024-04-13 14:17:40","2024-04-13 14:17:40","111-112","","","","","","Hallucination Machine","","","","","MIT Press","Tokyo, Japan","en","","","","","DOI.org (Crossref)","","","","C:\Users\User\Documents\99_Papers\SuzukiK et al\Suzuki et al_2018_Hallucination Machine.pdf","","","","","","","","","","","","","","","","","","","","","","","","","","","","","","","","","","The 2018 Conference on Artificial Life","","","","","","","","","","","","","","",""
"QA6DXKHF","conferencePaper","2018","Siqueiros-García, Jesús M.; Mojica, Laura; Ramírez-Vizcaya, Susana","The affective affordances of the web: a 4E approach","The 2018 Conference on Artificial Life","","","10.1162/isal_a_00027","https://www.mitpressjournals.org/doi/abs/10.1162/isal_a_00027","","2018","2024-04-13 14:17:40","2024-04-13 14:17:40","2024-04-13 14:17:40","107-108","","","","","","The affective affordances of the web","","","","","MIT Press","Tokyo, Japan","en","","","","","DOI.org (Crossref)","","","","C:\Users\User\Documents\99_Papers\Siqueiros-GarcíaJ et al\Siqueiros-García et al_2018_The affective affordances of the web.pdf","","","","","","","","","","","","","","","","","","","","","","","","","","","","","","","","","","The 2018 Conference on Artificial Life","","","","","","","","","","","","","","",""
"WZX3K2DX","conferencePaper","2018","Powers, Simon T.; Ekárt, Anikó; Lewis, Peter R.","Co-creating Enduring Institutions for Socio-Technical Systems: The Complementarity of Content-based and Value-based Modelling Approaches","The 2018 Conference on Artificial Life","","","10.1162/isal_a_00026","https://www.mitpressjournals.org/doi/abs/10.1162/isal_a_00026","","2018","2024-04-13 14:17:40","2024-04-13 14:17:40","2024-04-13 14:17:40","105-106","","","","","","Co-creating Enduring Institutions for Socio-Technical Systems","","","","","MIT Press","Tokyo, Japan","en","","","","","DOI.org (Crossref)","","","","C:\Users\User\Documents\99_Papers\PowersS et al\Powers et al_2018_Co-creating Enduring Institutions for Socio-Technical Systems.pdf","","","","","","","","","","","","","","","","","","","","","","","","","","","","","","","","","","The 2018 Conference on Artificial Life","","","","","","","","","","","","","","",""
"WPN26QU8","conferencePaper","2018","Rosenlyst, Martin; Siboni, Henrik; Rasmussen, Steen","Socio-technical evolution","The 2018 Conference on Artificial Life","","","10.1162/isal_a_00023","https://www.mitpressjournals.org/doi/abs/10.1162/isal_a_00023","","2018","2024-04-13 14:17:40","2024-04-13 14:17:40","2024-04-13 14:17:40","99-100","","","","","","","","","","","MIT Press","Tokyo, Japan","en","","","","","DOI.org (Crossref)","","","","C:\Users\User\Documents\99_Papers\RosenlystM et al\Rosenlyst et al_2018_Socio-technical evolution.pdf","","","","","","","","","","","","","","","","","","","","","","","","","","","","","","","","","","The 2018 Conference on Artificial Life","","","","","","","","","","","","","","",""
"2G23JAGM","conferencePaper","2018","Lehman, Joel; Clune, Jeff; Misevic, Dusan","The Surprising Creativity of Digital Evolution","The 2018 Conference on Artificial Life","","","10.1162/isal_a_00016","https://www.mitpressjournals.org/doi/abs/10.1162/isal_a_00016","","2018","2024-04-13 14:17:40","2024-04-16 03:59:17","2024-04-13 14:17:40","55-56","","","","","","","","","","","MIT Press","Tokyo, Japan","en","","","","","DOI.org (Crossref)","","","","C:\Users\User\Documents\99_Papers\LehmanJ et al\Lehman et al_2018_The Surprising Creativity of Digital Evolution.pdf","","","","","","","","","","","","","","","","","","","","","","","","","","","","","","","","","","The 2018 Conference on Artificial Life","","","","","","","","","","","","","","",""
"2GXM2GE6","conferencePaper","2018","Moran, Nick; Pollack, Jordan","Coevolutionary Neural Population Models","The 2018 Conference on Artificial Life","","","10.1162/isal_a_00014","https://www.mitpressjournals.org/doi/abs/10.1162/isal_a_00014","","2018","2024-04-13 14:17:40","2024-04-13 14:17:40","2024-04-13 14:17:40","39-46","","","","","","","","","","","MIT Press","Tokyo, Japan","en","","","","","DOI.org (Crossref)","","","","C:\Users\User\Documents\99_Papers\MoranN_PollackJ\Moran_Pollack_2018_Coevolutionary Neural Population Models.pdf","","","","","","","","","","","","","","","","","","","","","","","","","","","","","","","","","","The 2018 Conference on Artificial Life","","","","","","","","","","","","","","",""
"2K23IEWC","conferencePaper","2018","Moore, Jason H.; Olson, Randal S.; Schmitt, Peter; Chen, Yong; Manduchi, Elisabetta","How computational thought experiments can improve our understanding of the genetic architecture of common human diseases","The 2018 Conference on Artificial Life","","","10.1162/isal_a_00012","https://www.mitpressjournals.org/doi/abs/10.1162/isal_a_00012","","2018","2024-04-13 14:17:40","2024-04-13 14:17:40","2024-04-13 14:17:40","23-30","","","","","","","","","","","MIT Press","Tokyo, Japan","en","","","","","DOI.org (Crossref)","","","","C:\Users\User\Documents\99_Papers\MooreJ et al\Moore et al_2018_How computational thought experiments can improve our understanding of the.pdf","","","","","","","","","","","","","","","","","","","","","","","","","","","","","","","","","","The 2018 Conference on Artificial Life","","","","","","","","","","","","","","",""
"343BVSC2","conferencePaper","2018","Sayama, Hiroki","Seeking Open-Ended Evolution in Swarm Chemistry II: Analyzing Long-Term Dynamics via Automated Object Harvesting","The 2018 Conference on Artificial Life","","","10.1162/isal_a_00018","https://www.mitpressjournals.org/doi/abs/10.1162/isal_a_00018","","2018","2024-04-13 14:17:40","2024-04-13 14:17:40","2024-04-13 14:17:40","59-66","","","","","","Seeking Open-Ended Evolution in Swarm Chemistry II","","","","","MIT Press","Tokyo, Japan","en","","","","","DOI.org (Crossref)","","","","C:\Users\User\Documents\99_Papers\SayamaH\Sayama_2018_Seeking Open-Ended Evolution in Swarm Chemistry II.pdf","","","","","","","","","","","","","","","","","","","","","","","","","","","","","","","","","","The 2018 Conference on Artificial Life","","","","","","","","","","","","","","",""
"8Q8BXRCN","conferencePaper","2018","Schossau, Jory; Hintze, Arend","Neuronal Variation as a Cognitive Evolutionary Adaptation","The 2018 Conference on Artificial Life","","","10.1162/isal_a_00017","https://www.mitpressjournals.org/doi/abs/10.1162/isal_a_00017","","2018","2024-04-13 14:17:40","2024-04-13 14:17:40","2024-04-13 14:17:40","57-58","","","","","","","","","","","MIT Press","Tokyo, Japan","en","","","","","DOI.org (Crossref)","","","","C:\Users\User\Documents\99_Papers\SchossauJ_HintzeA\Schossau_Hintze_2018_Neuronal Variation as a Cognitive Evolutionary Adaptation.pdf","","","","","","","","","","","","","","","","","","","","","","","","","","","","","","","","","","The 2018 Conference on Artificial Life","","","","","","","","","","","","","","",""
"FGFP38G2","conferencePaper","2018","Khajehabdollahi, Sina; Witkowski, Olaf","Critical Learning vs. Evolution: Evolutionary Simulation of a Population of Ising-Embodied Neural Networks","The 2018 Conference on Artificial Life","","","10.1162/isal_a_00015","https://www.mitpressjournals.org/doi/abs/10.1162/isal_a_00015","","2018","2024-04-13 14:17:40","2024-04-13 14:17:40","2024-04-13 14:17:40","47-54","","","","","","Critical Learning vs. Evolution","","","","","MIT Press","Tokyo, Japan","en","","","","","DOI.org (Crossref)","","","","C:\Users\User\Documents\99_Papers\KhajehabdollahiS_WitkowskiO\Khajehabdollahi_Witkowski_2018_Critical Learning vs.pdf","","","","","","","","","","","","","","","","","","","","","","","","","","","","","","","","","","The 2018 Conference on Artificial Life","","","","","","","","","","","","","","",""
"EH39XLRW","conferencePaper","2018","Yahiro, Wataru; Aubert-Kato, Nathanael; Hagiya, Masami","A reservoir computing approach for molecular computing","The 2018 Conference on Artificial Life","","","10.1162/isal_a_00013","https://www.mitpressjournals.org/doi/abs/10.1162/isal_a_00013","","2018","2024-04-13 14:17:40","2024-04-13 14:17:40","2024-04-13 14:17:40","31-38","","","","","","","","","","","MIT Press","Tokyo, Japan","en","","","","","DOI.org (Crossref)","","","","C:\Users\User\Documents\99_Papers\YahiroW et al\Yahiro et al_2018_A reservoir computing approach for molecular computing.pdf","","","","","","","","","","","","","","","","","","","","","","","","","","","","","","","","","","The 2018 Conference on Artificial Life","","","","","","","","","","","","","","",""
"5MXFL9JV","conferencePaper","2018","Jensen, Johannes H.; Folven, Erik; Tufte, Gunnar","Computation in artificial spin ice","The 2018 Conference on Artificial Life","","","10.1162/isal_a_00011","https://www.mitpressjournals.org/doi/abs/10.1162/isal_a_00011","","2018","2024-04-13 14:17:40","2024-04-13 14:17:40","2024-04-13 14:17:40","15-22","","","","","","","","","","","MIT Press","Tokyo, Japan","en","","","","","DOI.org (Crossref)","","","","C:\Users\User\Documents\99_Papers\JensenJ et al\Jensen et al_2018_Computation in artificial spin ice.pdf","","","","","","","","","","","","","","","","","","","","","","","","","","","","","","","","","","The 2018 Conference on Artificial Life","","","","","","","","","","","","","","",""
"FJWE5INA","conferencePaper","2018","Banno, Taisuke; Toyota, Taro; Asakura, Kouichi","Cell-Mimicry Behaviors of Micrometer-Sized Oil Droplets in Aqueous Solution","The 2018 Conference on Artificial Life","","","10.1162/isal_a_00010","https://www.mitpressjournals.org/doi/abs/10.1162/isal_a_00010","","2018","2024-04-13 14:17:40","2024-04-13 14:17:40","2024-04-13 14:17:40","13-14","","","","","","","","","","","MIT Press","Tokyo, Japan","en","","","","","DOI.org (Crossref)","","","","C:\Users\User\Documents\99_Papers\BannoT et al\Banno et al_2018_Cell-Mimicry Behaviors of Micrometer-Sized Oil Droplets in Aqueous Solution.pdf","","","","","","","","","","","","","","","","","","","","","","","","","","","","","","","","","","The 2018 Conference on Artificial Life","","","","","","","","","","","","","","",""
"ZCGXQIUT","conferencePaper","2018","Harvey, Inman","Artificial Life Beyond AI: Neats, Scruffies and Holograms","The 2018 Conference on Artificial Life","","","10.1162/isal_a_00009","https://www.mitpressjournals.org/doi/abs/10.1162/isal_a_00009","","2018","2024-04-13 14:17:40","2024-04-13 14:17:40","2024-04-13 14:17:40","12-12","","","","","","Artificial Life Beyond AI","","","","","MIT Press","Tokyo, Japan","en","","","","","DOI.org (Crossref)","","","","C:\Users\User\Documents\99_Papers\HarveyI\Harvey_2018_Artificial Life Beyond AI.pdf","","","","","","","","","","","","","","","","","","","","","","","","","","","","","","","","","","The 2018 Conference on Artificial Life","","","","","","","","","","","","","","",""
"TPHPQSLG","conferencePaper","2018","Brooks, Rodney","The Philosophical Underpinnings of Work in Artificial Life","The 2018 Conference on Artificial Life","","","10.1162/isal_a_00006","https://www.mitpressjournals.org/doi/abs/10.1162/isal_a_00006","","2018","2024-04-13 14:17:40","2024-04-13 14:17:40","2024-04-13 14:17:40","8-8","","","","","","","","","","","MIT Press","Tokyo, Japan","en","","","","","DOI.org (Crossref)","","","","C:\Users\User\Documents\99_Papers\BrooksR\Brooks_2018_The Philosophical Underpinnings of Work in Artificial Life.pdf","","","","","","","","","","","","","","","","","","","","","","","","","","","","","","","","","","The 2018 Conference on Artificial Life","","","","","","","","","","","","","","",""
"L768F5BX","conferencePaper","2018","Youn, Hyejin","Scaling in Physics, Biology, Cities and Beyond","The 2018 Conference on Artificial Life","","","10.1162/isal_a_00004","https://www.mitpressjournals.org/doi/abs/10.1162/isal_a_00004","","2018","2024-04-13 14:17:40","2024-04-13 14:17:40","2024-04-13 14:17:40","6-6","","","","","","","","","","","MIT Press","Tokyo, Japan","en","","","","","DOI.org (Crossref)","","","","C:\Users\User\Documents\99_Papers\YounH\Youn_2018_Scaling in Physics, Biology, Cities and Beyond.pdf","","","","","","","","","","","","","","","","","","","","","","","","","","","","","","","","","","The 2018 Conference on Artificial Life","","","","","","","","","","","","","","",""
"B6N4HQBG","conferencePaper","2018","Ikegami, Takashi; Virgo, Nathaniel; Witkowski, Olaf; Oka, Mizuki; Suzuki, Reiji; Iizuka, Hiroyuki","Beyond AI: A New Epistemology for Artificial Life and Complex Systems, an Introduction to the 2018 ALIFE conference","The 2018 Conference on Artificial Life","","","10.1162/isal_e_00002","https://www.mitpressjournals.org/doi/abs/10.1162/isal_e_00002","","2018","2024-04-13 14:17:40","2024-04-13 14:17:40","2024-04-13 14:17:40","1-4","","","","","","Beyond AI","","","","","MIT Press","Tokyo, Japan","en","","","","","DOI.org (Crossref)","","","","C:\Users\User\Documents\99_Papers\IkegamiT et al\Ikegami et al_2018_Beyond AI.pdf","","","","","","","","","","","","","","","","","","","","","","","","","","","","","","","","","","The 2018 Conference on Artificial Life","","","","","","","","","","","","","","",""
"3HHCQ9ND","conferencePaper","2018","Ishiguro, Hiroshi","Studies on Interactive Humanoids","The 2018 Conference on Artificial Life","","","10.1162/isal_a_00008","https://www.mitpressjournals.org/doi/abs/10.1162/isal_a_00008","","2018","2024-04-13 14:17:40","2024-04-13 14:17:40","2024-04-13 14:17:40","11-11","","","","","","","","","","","MIT Press","Tokyo, Japan","en","","","","","DOI.org (Crossref)","","","","C:\Users\User\Documents\99_Papers\IshiguroH\Ishiguro_2018_Studies on Interactive Humanoids.pdf","","","","","","","","","","","","","","","","","","","","","","","","","","","","","","","","","","The 2018 Conference on Artificial Life","","","","","","","","","","","","","","",""
"IJNVPR26","conferencePaper","2018","Antonova, Elena","Varela’s Legacy for ALIFE: from Enactive to Enlightened AI","The 2018 Conference on Artificial Life","","","10.1162/isal_a_00007","https://www.mitpressjournals.org/doi/abs/10.1162/isal_a_00007","","2018","2024-04-13 14:17:40","2024-04-13 14:17:40","2024-04-13 14:17:40","9-10","","","","","","Varela’s Legacy for ALIFE","","","","","MIT Press","Tokyo, Japan","en","","","","","DOI.org (Crossref)","","","","C:\Users\User\Documents\99_Papers\AntonovaE\Antonova_2018_Varela’s Legacy for ALIFE.pdf","","","","","","","","","","","","","","","","","","","","","","","","","","","","","","","","","","The 2018 Conference on Artificial Life","","","","","","","","","","","","","","",""
"W2QTTUBV","conferencePaper","2018","Stanley, Kenneth O.","Answering the Call of Open-Endedness","The 2018 Conference on Artificial Life","","","10.1162/isal_a_00005","https://www.mitpressjournals.org/doi/abs/10.1162/isal_a_00005","","2018","2024-04-13 14:17:40","2024-04-13 14:17:40","2024-04-13 14:17:40","7-7","","","","","","","","","","","MIT Press","Tokyo, Japan","en","","","","","DOI.org (Crossref)","","","","C:\Users\User\Documents\99_Papers\StanleyK\Stanley_2018_Answering the Call of Open-Endedness.pdf","","","","","","","","","","","","","","","","","","","","","","","","","","","","","","","","","","The 2018 Conference on Artificial Life","","","","","","","","","","","","","","",""
"UEWXFS8E","conferencePaper","2018","OReilly, David","Describing the Systems of Life","The 2018 Conference on Artificial Life","","","10.1162/isal_a_00003","https://www.mitpressjournals.org/doi/abs/10.1162/isal_a_00003","","2018","2024-04-13 14:17:40","2024-04-13 14:17:40","2024-04-13 14:17:40","5-5","","","","","","","","","","","MIT Press","Tokyo, Japan","en","","","","","DOI.org (Crossref)","","","","C:\Users\User\Documents\99_Papers\OReillyD\OReilly_2018_Describing the Systems of Life.pdf","","","","","","","","","","","","","","","","","","","","","","","","","","","","","","","","","","The 2018 Conference on Artificial Life","","","","","","","","","","","","","","",""
"REL8YLTX","conferencePaper","2018","Ikegami, Takashi; Virgo, Nathaniel; Witkowski, Olaf; Oka, Mizuki; Suzuki, Reiji; Iizuka, Hiroyuki","2018 Preface","The 2018 Conference on Artificial Life","","","10.1162/isal_e_00001","https://www.mitpressjournals.org/doi/abs/10.1162/isal_e_00001","","2018","2024-04-13 14:17:40","2024-04-13 14:17:40","2024-04-13 14:17:40","ix-xvii","","","","","","","","","","","MIT Press","Tokyo, Japan","en","","","","","DOI.org (Crossref)","","","","C:\Users\User\Documents\99_Papers\IkegamiT et al\Ikegami et al_2018_2018 Preface.pdf","","","","","","","","","","","","","","","","","","","","","","","","","","","","","","","","","","The 2018 Conference on Artificial Life","","","","","","","","","","","","","","",""
"SXESTMJN","conferencePaper","2018","","Preface","The 2018 Conference on Artificial Life","","","","","","2018","2024-04-13 14:17:40","2024-04-16 02:03:50","","","","","","","","","","","","","MIT Press","Tokyo, Japan","en","","","","","DOI.org (Crossref)","","","","","","","","","","","","","","","","","","","","","","","","","","","","","","","","","","","","","","The 2018 Conference on Artificial Life","","","","","","","","","","","","","","",""
"TGMA44XU","conferencePaper","2018","Yaqoob, Muhammad; Wróbel, Borys","Robust Very Small Spiking Neural Networks Evolved with Noise to Recognize Temporal Patterns","The 2018 Conference on Artificial Life","","","10.1162/isal_a_00121","https://www.mitpressjournals.org/doi/abs/10.1162/isal_a_00121","","2018","2024-04-13 14:17:40","2024-04-13 14:17:40","2024-04-13 14:17:40","665-672","","","","","","","","","","","MIT Press","Tokyo, Japan","en","","","","","DOI.org (Crossref)","","","","C:\Users\User\Documents\99_Papers\YaqoobM_WróbelB\Yaqoob_Wróbel_2018_Robust Very Small Spiking Neural Networks Evolved with Noise to Recognize.pdf","","","","","","","","","","","","","","","","","","","","","","","","","","","","","","","","","","The 2018 Conference on Artificial Life","","","","","","","","","","","","","","",""
"PMNZVXND","conferencePaper","2018","Yamazaki, Seiya; Iizuka, Hiroyuki; Yamamoto, Masahito","Emergence of Chaotic Time Series by Adversarial Imitation Learning","The 2018 Conference on Artificial Life","","","10.1162/isal_a_00120","https://www.mitpressjournals.org/doi/abs/10.1162/isal_a_00120","","2018","2024-04-13 14:17:40","2024-04-13 14:17:40","2024-04-13 14:17:40","659-664","","","","","","","","","","","MIT Press","Tokyo, Japan","en","","","","","DOI.org (Crossref)","","","","C:\Users\User\Documents\99_Papers\YamazakiS et al\Yamazaki et al_2018_Emergence of Chaotic Time Series by Adversarial Imitation Learning.pdf","","","","","","","","","","","","","","","","","","","","","","","","","","","","","","","","","","The 2018 Conference on Artificial Life","","","","","","","","","","","","","","",""
"9FQTVYXS","conferencePaper","2018","Tehrani-Saleh, Ali; LaBar, Thomas; Adami, Christoph","Evolution leads to a diversity of motion-detection neuronal circuits","The 2018 Conference on Artificial Life","","","10.1162/isal_a_00115","https://www.mitpressjournals.org/doi/abs/10.1162/isal_a_00115","","2018","2024-04-13 14:17:40","2024-04-13 14:17:40","2024-04-13 14:17:40","625-632","","","","","","","","","","","MIT Press","Tokyo, Japan","en","","","","","DOI.org (Crossref)","","","","C:\Users\User\Documents\99_Papers\Tehrani-SalehA et al\Tehrani-Saleh et al_2018_Evolution leads to a diversity of motion-detection neuronal circuits.pdf","","","","","","","","","","","","","","","","","","","","","","","","","","","","","","","","","","The 2018 Conference on Artificial Life","","","","","","","","","","","","","","",""
"D5TZ92T6","conferencePaper","2018","Shahrzad, Hormoz; Fink, Daniel; Miikkulainen, Risto","Enhanced Optimization with Composite Objectives and Novelty Selection","The 2018 Conference on Artificial Life","","","10.1162/isal_a_00113","https://www.mitpressjournals.org/doi/abs/10.1162/isal_a_00113","","2018","2024-04-13 14:17:40","2024-04-13 14:17:40","2024-04-13 14:17:40","616-622","","","","","","","","","","","MIT Press","Tokyo, Japan","en","","","","","DOI.org (Crossref)","","","","C:\Users\User\Documents\99_Papers\ShahrzadH et al\Shahrzad et al_2018_Enhanced Optimization with Composite Objectives and Novelty Selection.pdf","","","","","","","","","","","","","","","","","","","","","","","","","","","","","","","","","","The 2018 Conference on Artificial Life","","","","","","","","","","","","","","",""
"BTG9EQCU","conferencePaper","2018","Santos, Fernando P.; Pacheco, Jorge M.; Santos, Francisco C.","Human Cooperation and the Complexity of Moral Codes","The 2018 Conference on Artificial Life","","","10.1162/isal_a_00112","https://www.mitpressjournals.org/doi/abs/10.1162/isal_a_00112","","2018","2024-04-13 14:17:40","2024-04-13 14:17:40","2024-04-13 14:17:40","614-615","","","","","","","","","","","MIT Press","Tokyo, Japan","en","","","","","DOI.org (Crossref)","","","","C:\Users\User\Documents\99_Papers\SantosF et al\Santos et al_2018_Human Cooperation and the Complexity of Moral Codes.pdf","","","","","","","","","","","","","","","","","","","","","","","","","","","","","","","","","","The 2018 Conference on Artificial Life","","","","","","","","","","","","","","",""
"Z6EH3JCB","conferencePaper","2018","Powers, Joshua; Kriegman, Sam; Bongard, Josh","The effects of morphology and fitness on catastrophic interference","The 2018 Conference on Artificial Life","","","10.1162/isal_a_00111","https://www.mitpressjournals.org/doi/abs/10.1162/isal_a_00111","","2018","2024-04-13 14:17:40","2024-04-13 14:17:40","2024-04-13 14:17:40","606-613","","","","","","","","","","","MIT Press","Tokyo, Japan","en","","","","","DOI.org (Crossref)","","","","C:\Users\User\Documents\99_Papers\PowersJ et al\Powers et al_2018_The effects of morphology and fitness on catastrophic interference.pdf","","","","","","","","","","","","","","","","","","","","","","","","","","","","","","","","","","The 2018 Conference on Artificial Life","","","","","","","","","","","","","","",""
"SC2B243J","conferencePaper","2018","Vostinar, Anya E.; Fenton, Jacob; Waters, Chris; Ofria, Charles","Signals in the Dark: What factors select for the evolution of cooperation controlled by quorum sensing?","The 2018 Conference on Artificial Life","","","10.1162/isal_a_00119","https://www.mitpressjournals.org/doi/abs/10.1162/isal_a_00119","","2018","2024-04-13 14:17:40","2024-04-13 14:17:40","2024-04-13 14:17:40","651-658","","","","","","Signals in the Dark","","","","","MIT Press","Tokyo, Japan","en","","","","","DOI.org (Crossref)","","","","C:\Users\User\Documents\99_Papers\VostinarA et al\Vostinar et al_2018_Signals in the Dark.pdf","","","","","","","","","","","","","","","","","","","","","","","","","","","","","","","","","","The 2018 Conference on Artificial Life","","","","","","","","","","","","","","",""
"DT4CV6UA","conferencePaper","2018","Vincent, Lena; Vetsigian, Kalin; Baum, David","A Chemical Ecosystem Selection Approach for Generating Evolvable Chemical Systems in Vitro","The 2018 Conference on Artificial Life","","","10.1162/isal_a_00118","https://www.mitpressjournals.org/doi/abs/10.1162/isal_a_00118","","2018","2024-04-13 14:17:40","2024-04-16 02:31:20","2024-04-13 14:17:40","649-650","","","","","","","","","","","MIT Press","Tokyo, Japan","en","","","","","DOI.org (Crossref)","","","","C:\Users\User\Documents\99_Papers\VincentL et al\Vincent et al_2018_A Chemical Ecosystem Selection Approach for Generating Evolvable Chemical.pdf","","","","","","","","","","","","","","","","","","","","","","","","","","","","","","","","","","The 2018 Conference on Artificial Life","","","","","","","","","","","","","","",""
"WPTGZ8Q8","conferencePaper","2018","Valentini, Gabriele; Moore, Douglas G.; Hanson, Jake R.; Pavlic, Theodore P.; Pratt, Stephen C.; Walker, Sara Imari","Transfer of Information in Collective Decisions by Artificial Agents","The 2018 Conference on Artificial Life","","","10.1162/isal_a_00117","https://www.mitpressjournals.org/doi/abs/10.1162/isal_a_00117","","2018","2024-04-13 14:17:40","2024-04-13 14:17:40","2024-04-13 14:17:40","641-648","","","","","","","","","","","MIT Press","Tokyo, Japan","en","","","","","DOI.org (Crossref)","","","","C:\Users\User\Documents\99_Papers\ValentiniG et al\Valentini et al_2018_Transfer of Information in Collective Decisions by Artificial Agents.pdf","","","","","","","","","","","","","","","","","","","","","","","","","","","","","","","","","","The 2018 Conference on Artificial Life","","","","","","","","","","","","","","",""
"ENNJJGXJ","conferencePaper","2018","Uluşeker, Cansu; Hanczyc, Martin M.; Kahramanoğulları, Ozan","Mechanisms of Switching Response to External Phosphate Levels in Escheria coli","The 2018 Conference on Artificial Life","","","10.1162/isal_a_00116","https://www.mitpressjournals.org/doi/abs/10.1162/isal_a_00116","","2018","2024-04-13 14:17:40","2024-04-13 14:17:40","2024-04-13 14:17:40","633-640","","","","","","","","","","","MIT Press","Tokyo, Japan","en","","","","","DOI.org (Crossref)","","","","C:\Users\User\Documents\99_Papers\UluşekerC et al\Uluşeker et al_2018_Mechanisms of Switching Response to External Phosphate Levels in Escheria coli.pdf","","","","","","","","","","","","","","","","","","","","","","","","","","","","","","","","","","The 2018 Conference on Artificial Life","","","","","","","","","","","","","","",""
"26J6GMYR","conferencePaper","2018","Tamaru, Juntaro; Yui, Toshiya; Hashida, Tomoko","Autonomously Moving Pine Cone Robot: Using Pine Cones as Natural Hygromorphic Actuators and as Components of the Mechanism.","The 2018 Conference on Artificial Life","","","10.1162/isal_a_00114","https://www.mitpressjournals.org/doi/abs/10.1162/isal_a_00114","","2018","2024-04-13 14:17:40","2024-04-13 14:17:40","2024-04-13 14:17:40","623-624","","","","","","Autonomously Moving Pine Cone Robot","","","","","MIT Press","Tokyo, Japan","en","","","","","DOI.org (Crossref)","","","","C:\Users\User\Documents\99_Papers\TamaruJ et al\Tamaru et al_2018_Autonomously Moving Pine Cone Robot.pdf","","","","","","","","","","","","","","","","","","","","","","","","","","","","","","","","","","The 2018 Conference on Artificial Life","","","","","","","","","","","","","","",""
"5CAVSJNZ","conferencePaper","2018","Nordmoen, Jørgen; Samuelsen, Eivind; Ellefsen, Kai Olav; Glette, Kyrre","Dynamic mutation in MAP-Elites for robotic repertoire generation","The 2018 Conference on Artificial Life","","","10.1162/isal_a_00110","https://www.mitpressjournals.org/doi/abs/10.1162/isal_a_00110","","2018","2024-04-13 14:17:40","2024-04-13 14:17:40","2024-04-13 14:17:40","598-605","","","","","","","","","","","MIT Press","Tokyo, Japan","en","","","","","DOI.org (Crossref)","","","","C:\Users\User\Documents\99_Papers\NordmoenJ et al\Nordmoen et al_2018_Dynamic mutation in MAP-Elites for robotic repertoire generation.pdf","","","","","","","","","","","","","","","","","","","","","","","","","","","","","","","","","","The 2018 Conference on Artificial Life","","","","","","","","","","","","","","",""
"G8GTGSJR","conferencePaper","2018","Moore, Jared M.; Stanton, Adam","Tiebreaks and Diversity: Isolating Effects in Lexicase Selection","The 2018 Conference on Artificial Life","","","10.1162/isal_a_00109","https://www.mitpressjournals.org/doi/abs/10.1162/isal_a_00109","","2018","2024-04-13 14:17:40","2024-04-13 14:17:40","2024-04-13 14:17:40","590-597","","","","","","Tiebreaks and Diversity","","","","","MIT Press","Tokyo, Japan","en","","","","","DOI.org (Crossref)","","","","C:\Users\User\Documents\99_Papers\MooreJ_StantonA\Moore_Stanton_2018_Tiebreaks and Diversity.pdf","","","","","","","","","","","","","","","","","","","","","","","","","","","","","","","","","","The 2018 Conference on Artificial Life","","","","","","","","","","","","","","",""
"R4ATAB5G","conferencePaper","2018","Lim, Soo Ling; Bentley, Peter J.","Coping with Uncertainty: Modelling Personality when Collaborating on Noisy Problems","The 2018 Conference on Artificial Life","","","10.1162/isal_a_00105","https://www.mitpressjournals.org/doi/abs/10.1162/isal_a_00105","","2018","2024-04-13 14:17:40","2024-04-13 14:17:40","2024-04-13 14:17:40","566-573","","","","","","Coping with Uncertainty","","","","","MIT Press","Tokyo, Japan","en","","","","","DOI.org (Crossref)","","","","C:\Users\User\Documents\99_Papers\LimS_BentleyP\Lim_Bentley_2018_Coping with Uncertainty.pdf","","","","","","","","","","","","","","","","","","","","","","","","","","","","","","","","","","The 2018 Conference on Artificial Life","","","","","","","","","","","","","","",""
"PSS3DRCI","conferencePaper","2018","Lehman, Joel; Stanley, Kenneth O.","On the Potential Benefits of Knowing Everything","The 2018 Conference on Artificial Life","","","10.1162/isal_a_00104","https://www.mitpressjournals.org/doi/abs/10.1162/isal_a_00104","","2018","2024-04-13 14:17:40","2024-04-13 14:17:40","2024-04-13 14:17:40","558-565","","","","","","","","","","","MIT Press","Tokyo, Japan","en","","","","","DOI.org (Crossref)","","","","C:\Users\User\Documents\99_Papers\LehmanJ_StanleyK\Lehman_Stanley_2018_On the Potential Benefits of Knowing Everything.pdf","","","","","","","","","","","","","","","","","","","","","","","","","","","","","","","","","","The 2018 Conference on Artificial Life","","","","","","","","","","","","","","",""
"RPDE6F69","conferencePaper","2018","Klemmt, Christoph; Sugihara, Satoru","Architectural Design by Cellular Growth Algorithm","The 2018 Conference on Artificial Life","","","10.1162/isal_a_00102","https://www.mitpressjournals.org/doi/abs/10.1162/isal_a_00102","","2018","2024-04-13 14:17:40","2024-04-13 14:17:40","2024-04-13 14:17:40","548-549","","","","","","","","","","","MIT Press","Tokyo, Japan","en","","","","","DOI.org (Crossref)","","","","C:\Users\User\Documents\99_Papers\KlemmtC_SugiharaS\Klemmt_Sugihara_2018_Architectural Design by Cellular Growth Algorithm.pdf","","","","","","","","","","","","","","","","","","","","","","","","","","","","","","","","","","The 2018 Conference on Artificial Life","","","","","","","","","","","","","","",""
"BG4HEVW7","conferencePaper","2018","Kim, Hyobin; Sayama, Hiroki","Robustness and Evolvability of Multilayer Gene Regulatory Networks","The 2018 Conference on Artificial Life","","","10.1162/isal_a_00101","https://www.mitpressjournals.org/doi/abs/10.1162/isal_a_00101","","2018","2024-04-13 14:17:40","2024-04-13 14:17:40","2024-04-13 14:17:40","546-547","","","","","","","","","","","MIT Press","Tokyo, Japan","en","","","","","DOI.org (Crossref)","","","","C:\Users\User\Documents\99_Papers\KimH_SayamaH\Kim_Sayama_2018_Robustness and Evolvability of Multilayer Gene Regulatory Networks.pdf","","","","","","","","","","","","","","","","","","","","","","","","","","","","","","","","","","The 2018 Conference on Artificial Life","","","","","","","","","","","","","","",""
"Z42RZU7L","conferencePaper","2018","Kano, Takeshi; Asally, Munehiro; Ishiguro, Akio","Decentralized Control Scheme for Swarm Robots with Self-Sacrific","The 2018 Conference on Artificial Life","","","10.1162/isal_a_00100","https://www.mitpressjournals.org/doi/abs/10.1162/isal_a_00100","","2018","2024-04-13 14:17:40","2024-04-13 14:17:40","2024-04-13 14:17:40","544-545","","","","","","","","","","","MIT Press","Tokyo, Japan","en","","","","","DOI.org (Crossref)","","","","C:\Users\User\Documents\99_Papers\KanoT et al\Kano et al_2018_Decentralized Control Scheme for Swarm Robots with Self-Sacrific.pdf","","","","","","","","","","","","","","","","","","","","","","","","","","","","","","","","","","The 2018 Conference on Artificial Life","","","","","","","","","","","","","","",""
"P699SJQ4","conferencePaper","2018","Meltzer, Peter; Bentley, Peter J.","Interacting Hierarchical Dynamic Networks","The 2018 Conference on Artificial Life","","","10.1162/isal_a_00108","https://www.mitpressjournals.org/doi/abs/10.1162/isal_a_00108","","2018","2024-04-13 14:17:40","2024-04-13 14:17:40","2024-04-13 14:17:40","582-589","","","","","","","","","","","MIT Press","Tokyo, Japan","en","","","","","DOI.org (Crossref)","","","","C:\Users\User\Documents\99_Papers\MeltzerP_BentleyP\Meltzer_Bentley_2018_Interacting Hierarchical Dynamic Networks.pdf","","","","","","","","","","","","","","","","","","","","","","","","","","","","","","","","","","The 2018 Conference on Artificial Life","","","","","","","","","","","","","","",""
"PQTTH9N8","conferencePaper","2018","Mamajanov, Irena","Selective Synthesis of Hyperbranched Polyesters under Wet-Dry Cycling Conditions","The 2018 Conference on Artificial Life","","","10.1162/isal_a_00107","https://www.mitpressjournals.org/doi/abs/10.1162/isal_a_00107","","2018","2024-04-13 14:17:40","2024-04-13 14:17:40","2024-04-13 14:17:40","580-581","","","","","","","","","","","MIT Press","Tokyo, Japan","en","","","","","DOI.org (Crossref)","","","","C:\Users\User\Documents\99_Papers\MamajanovI\Mamajanov_2018_Selective Synthesis of Hyperbranched Polyesters under Wet-Dry Cycling Conditions.pdf","","","","","","","","","","","","","","","","","","","","","","","","","","","","","","","","","","The 2018 Conference on Artificial Life","","","","","","","","","","","","","","",""
"S4KNGQ7V","conferencePaper","2018","Löffler, Richard J.G.; Gorecki, Jerzy; Hanczyc, Martin","Better red than dead: On the influence of Oil Red O dye on complexity of evolution of a camphor-paraffin droplet on the water surface","The 2018 Conference on Artificial Life","","","10.1162/isal_a_00106","https://www.mitpressjournals.org/doi/abs/10.1162/isal_a_00106","","2018","2024-04-13 14:17:40","2024-04-13 14:17:40","2024-04-13 14:17:40","574-579","","","","","","Better red than dead","","","","","MIT Press","Tokyo, Japan","en","","","","","DOI.org (Crossref)","","","","C:\Users\User\Documents\99_Papers\LöfflerR et al\Löffler et al_2018_Better red than dead.pdf","","","","","","","","","","","","","","","","","","","","","","","","","","","","","","","","","","The 2018 Conference on Artificial Life","","","","","","","","","","","","","","",""
"3JVGJJSW","conferencePaper","2018","Kubota, Tomoyuki; Nakajima, Kohei; Takahashi, Hirokazu","Information processing using a single Izhikevich neuron","The 2018 Conference on Artificial Life","","","10.1162/isal_a_00103","https://www.mitpressjournals.org/doi/abs/10.1162/isal_a_00103","","2018","2024-04-13 14:17:40","2024-04-13 14:17:40","2024-04-13 14:17:40","550-557","","","","","","","","","","","MIT Press","Tokyo, Japan","en","","","","","DOI.org (Crossref)","","","","C:\Users\User\Documents\99_Papers\KubotaT et al\Kubota et al_2018_Information processing using a single Izhikevich neuron.pdf","","","","","","","","","","","","","","","","","","","","","","","","","","","","","","","","","","The 2018 Conference on Artificial Life","","","","","","","","","","","","","","",""
"2TTMI9J8","conferencePaper","2018","Jolley, Ben; Channon, Alastair","Evolving Robust, Deliberate Motion Planning With a Shallow Convolutional Neural Network","The 2018 Conference on Artificial Life","","","10.1162/isal_a_00099","https://www.mitpressjournals.org/doi/abs/10.1162/isal_a_00099","","2018","2024-04-13 14:17:40","2024-04-13 14:17:40","2024-04-13 14:17:40","536-543","","","","","","","","","","","MIT Press","Tokyo, Japan","en","","","","","DOI.org (Crossref)","","","","C:\Users\User\Documents\99_Papers\JolleyB_ChannonA\Jolley_Channon_2018_Evolving Robust, Deliberate Motion Planning With a Shallow Convolutional Neural.pdf","","","","","","","","","","","","","","","","","","","","","","","","","","","","","","","","","","The 2018 Conference on Artificial Life","","","","","","","","","","","","","","",""
"86NRZFGN","conferencePaper","2018","Jahns, James; Hintze, Arend","How the integration of group and individual level selection affects the evolution of cooperation","The 2018 Conference on Artificial Life","","","10.1162/isal_a_00098","https://www.mitpressjournals.org/doi/abs/10.1162/isal_a_00098","","2018","2024-04-13 14:17:40","2024-04-13 14:17:40","2024-04-13 14:17:40","530-535","","","","","","","","","","","MIT Press","Tokyo, Japan","en","","","","","DOI.org (Crossref)","","","","C:\Users\User\Documents\99_Papers\JahnsJ_HintzeA\Jahns_Hintze_2018_How the integration of group and individual level selection affects the.pdf","","","","","","","","","","","","","","","","","","","","","","","","","","","","","","","","","","The 2018 Conference on Artificial Life","","","","","","","","","","","","","","",""
"YEG6DC62","conferencePaper","2018","Elhamer, Zineb; Suzuki, Reiji; Arita, Takaya","A Large-Scale 3D Simulation of Continuous Social Dynamics using Social Particle Swarm Model on Parallel Architecture","The 2018 Conference on Artificial Life","","","10.1162/isal_a_00092","https://www.mitpressjournals.org/doi/abs/10.1162/isal_a_00092","","2018","2024-04-13 14:17:40","2024-04-13 14:17:40","2024-04-13 14:17:40","502-503","","","","","","","","","","","MIT Press","Tokyo, Japan","en","","","","","DOI.org (Crossref)","","","","C:\Users\User\Documents\99_Papers\ElhamerZ et al\Elhamer et al_2018_A Large-Scale 3D Simulation of Continuous Social Dynamics using Social Particle.pdf","","","","","","","","","","","","","","","","","","","","","","","","","","","","","","","","","","The 2018 Conference on Artificial Life","","","","","","","","","","","","","","",""
"2M7B52GN","conferencePaper","2018","Ichihashi, Norikazu","Oscillating population dynamics and evolution of host and parasitic RNAs in an artificial cell","The 2018 Conference on Artificial Life","","","10.1162/isal_a_00097","https://www.mitpressjournals.org/doi/abs/10.1162/isal_a_00097","","2018","2024-04-13 14:17:40","2024-04-13 14:17:40","2024-04-13 14:17:40","528-529","","","","","","","","","","","MIT Press","Tokyo, Japan","en","","","","","DOI.org (Crossref)","","","","C:\Users\User\Documents\99_Papers\IchihashiN\Ichihashi_2018_Oscillating population dynamics and evolution of host and parasitic RNAs in an.pdf","","","","","","","","","","","","","","","","","","","","","","","","","","","","","","","","","","The 2018 Conference on Artificial Life","","","","","","","","","","","","","","",""
"GS7LWFPV","conferencePaper","2018","Hiraga, Motoaki; Ohkura, Kazuhiro","Evolutionary Emergence of Path Formation with Autonomous Specialization in a Robotic Swarm","The 2018 Conference on Artificial Life","","","10.1162/isal_a_00096","https://www.mitpressjournals.org/doi/abs/10.1162/isal_a_00096","","2018","2024-04-13 14:17:40","2024-04-13 14:17:40","2024-04-13 14:17:40","526-527","","","","","","","","","","","MIT Press","Tokyo, Japan","en","","","","","DOI.org (Crossref)","","","","C:\Users\User\Documents\99_Papers\HiragaM_OhkuraK\Hiraga_Ohkura_2018_Evolutionary Emergence of Path Formation with Autonomous Specialization in a.pdf","","","","","","","","","","","","","","","","","","","","","","","","","","","","","","","","","","The 2018 Conference on Artificial Life","","","","","","","","","","","","","","",""
"4B4D5LZ2","conferencePaper","2018","Guttenberg, Nicholas; Biehl, Martin; Virgo, Nathaniel; Kanai, Ryota","Being curious about the answers to questions: novelty search with learned attention","The 2018 Conference on Artificial Life","","","10.1162/isal_a_00095","https://www.mitpressjournals.org/doi/abs/10.1162/isal_a_00095","","2018","2024-04-13 14:17:40","2024-04-13 14:17:40","2024-04-13 14:17:40","518-525","","","","","","Being curious about the answers to questions","","","","","MIT Press","Tokyo, Japan","en","","","","","DOI.org (Crossref)","","","","C:\Users\User\Documents\99_Papers\GuttenbergN et al\Guttenberg et al_2018_Being curious about the answers to questions.pdf","","","","","","","","","","","","","","","","","","","","","","","","","","","","","","","","","","The 2018 Conference on Artificial Life","","","","","","","","","","","","","","",""
"S5JBJ43I","conferencePaper","2018","Gershenson, Carlos; Trianni, Vito; Werfel, Justin; Sayama, Hiroki","Self-Organization and Artificial Life: A Review","The 2018 Conference on Artificial Life","","","10.1162/isal_a_00094","https://www.mitpressjournals.org/doi/abs/10.1162/isal_a_00094","","2018","2024-04-13 14:17:40","2024-04-13 14:17:40","2024-04-13 14:17:40","510-517","","","","","","Self-Organization and Artificial Life","","","","","MIT Press","Tokyo, Japan","en","","","","","DOI.org (Crossref)","","","","C:\Users\User\Documents\99_Papers\GershensonC et al\Gershenson et al_2018_Self-Organization and Artificial Life.pdf","","","","","","","","","","","","","","","","","","","","","","","","","","","","","","","","","","The 2018 Conference on Artificial Life","","","","","","","","","","","","","","",""
"67KFGMCW","conferencePaper","2018","Gabriels, Katleen","Addressing the Soft Impacts of Weak AI-Technologies","The 2018 Conference on Artificial Life","","","10.1162/isal_a_00093","https://www.mitpressjournals.org/doi/abs/10.1162/isal_a_00093","","2018","2024-04-13 14:17:40","2024-04-13 14:17:40","2024-04-13 14:17:40","504-509","","","","","","","","","","","MIT Press","Tokyo, Japan","en","","","","","DOI.org (Crossref)","","","","C:\Users\User\Documents\99_Papers\GabrielsK\Gabriels_2018_Addressing the Soft Impacts of Weak AI-Technologies.pdf","","","","","","","","","","","","","","","","","","","","","","","","","","","","","","","","","","The 2018 Conference on Artificial Life","","","","","","","","","","","","","","",""
"E88Y96RY","conferencePaper","2018","Dolson, Emily; Ofria, Charles","Synthesizing Research on the Generation and Maintenance of Population Diversity","The 2018 Conference on Artificial Life","","","10.1162/isal_a_00091","https://www.mitpressjournals.org/doi/abs/10.1162/isal_a_00091","","2018","2024-04-13 14:17:40","2024-04-13 14:17:40","2024-04-13 14:17:40","500-501","","","","","","","","","","","MIT Press","Tokyo, Japan","en","","","","","DOI.org (Crossref)","","","","C:\Users\User\Documents\99_Papers\DolsonE_OfriaC\Dolson_Ofria_2018_Synthesizing Research on the Generation and Maintenance of Population Diversity.pdf","","","","","","","","","","","","","","","","","","","","","","","","","","","","","","","","","","The 2018 Conference on Artificial Life","","","","","","","","","","","","","","",""
"YMEXD998","conferencePaper","2018","Doi, Itsuki; Ikegami, Takashi","Endogenous and Exogenous Bursts in a Honey Bee Hive","The 2018 Conference on Artificial Life","","","10.1162/isal_a_00090","https://www.mitpressjournals.org/doi/abs/10.1162/isal_a_00090","","2018","2024-04-13 14:17:40","2024-04-13 14:17:40","2024-04-13 14:17:40","493-499","","","","","","","","","","","MIT Press","Tokyo, Japan","en","","","","","DOI.org (Crossref)","","","","C:\Users\User\Documents\99_Papers\DoiI_IkegamiT\Doi_Ikegami_2018_Endogenous and Exogenous Bursts in a Honey Bee Hive.pdf","","","","","","","","","","","","","","","","","","","","","","","","","","","","","","","","","","The 2018 Conference on Artificial Life","","","","","","","","","","","","","","",""
"LGKJWST2","conferencePaper","2018","DeMartini, Simon; Marriott, Chris","Multilevel Selection Can Lead to Cooperation in a Public Goods Game","The 2018 Conference on Artificial Life","","","10.1162/isal_a_00089","https://www.mitpressjournals.org/doi/abs/10.1162/isal_a_00089","","2018","2024-04-13 14:17:40","2024-04-13 14:17:40","2024-04-13 14:17:40","485-492","","","","","","","","","","","MIT Press","Tokyo, Japan","en","","","","","DOI.org (Crossref)","","","","C:\Users\User\Documents\99_Papers\DeMartiniS_MarriottC\DeMartini_Marriott_2018_Multilevel Selection Can Lead to Cooperation in a Public Goods Game.pdf","","","","","","","","","","","","","","","","","","","","","","","","","","","","","","","","","","The 2018 Conference on Artificial Life","","","","","","","","","","","","","","",""
"A8EE773F","conferencePaper","2018","Bose, Rudrarup; Meringer, Markus; Ilardo, Melissa; Cleaves, H. James","Adaptive Properties of the Amino Acid Alphabet and its Subsets","The 2018 Conference on Artificial Life","","","10.1162/isal_a_00085","https://www.mitpressjournals.org/doi/abs/10.1162/isal_a_00085","","2018","2024-04-13 14:17:40","2024-07-23 09:52:44","2024-04-13 14:17:40","459-460","","","","","","","","","","","MIT Press","Tokyo, Japan","en","","","","","DOI.org (Crossref)","","","","C:\Users\User\Documents\99_Papers\BoseR et al\Bose et al_2018_Adaptive Properties of the Amino Acid Alphabet and its Subsets.pdf","","Amino Acids; origin of life; skimmed","","","","","","","","","","","","","","","","","","","","","","","","","","","","","","","","The 2018 Conference on Artificial Life","","","","","","","","","","","","","","",""
"43XYQP3W","conferencePaper","2018","Bernard, Jason; McQuillan, Ian","A Fast and Reliable Hybrid Approach for Inferring L-systems","The 2018 Conference on Artificial Life","","","10.1162/isal_a_00083","https://www.mitpressjournals.org/doi/abs/10.1162/isal_a_00083","","2018","2024-04-13 14:17:40","2024-04-13 14:17:40","2024-04-13 14:17:40","444-451","","","","","","","","","","","MIT Press","Tokyo, Japan","en","","","","","DOI.org (Crossref)","","","","C:\Users\User\Documents\99_Papers\BernardJ_McQuillanI\Bernard_McQuillan_2018_A Fast and Reliable Hybrid Approach for Inferring L-systems.pdf","","","","","","","","","","","","","","","","","","","","","","","","","","","","","","","","","","The 2018 Conference on Artificial Life","","","","","","","","","","","","","","",""
"WKGNIIUT","conferencePaper","2018","Balaž, Igor; Schneider-Kitamura, Eugene","Making sense of nonsense: Evolutionary Emergence of Perceptual Assimilation of Environment in Agent Based System","The 2018 Conference on Artificial Life","","","10.1162/isal_a_00081","https://www.mitpressjournals.org/doi/abs/10.1162/isal_a_00081","","2018","2024-04-13 14:17:40","2024-04-13 14:17:40","2024-04-13 14:17:40","428-435","","","","","","Making sense of nonsense","","","","","MIT Press","Tokyo, Japan","en","","","","","DOI.org (Crossref)","","","","C:\Users\User\Documents\99_Papers\BalažI_Schneider-KitamuraE\Balaž_Schneider-Kitamura_2018_Making sense of nonsense.pdf","","","","","","","","","","","","","","","","","","","","","","","","","","","","","","","","","","The 2018 Conference on Artificial Life","","","","","","","","","","","","","","",""
"MXGPXP6E","conferencePaper","2018","Collenette, Joe; Atkinson, Katie; Bloembergen, Daan; Tuyls, Karl","On the Role of Mobility and Interaction Topologies in Social Dilemmas","The 2018 Conference on Artificial Life","","","10.1162/isal_a_00088","https://www.mitpressjournals.org/doi/abs/10.1162/isal_a_00088","","2018","2024-04-13 14:17:40","2024-04-13 14:17:40","2024-04-13 14:17:40","477-484","","","","","","","","","","","MIT Press","Tokyo, Japan","en","","","","","DOI.org (Crossref)","","","","C:\Users\User\Documents\99_Papers\CollenetteJ et al\Collenette et al_2018_On the Role of Mobility and Interaction Topologies in Social Dilemmas.pdf","","","","","","","","","","","","","","","","","","","","","","","","","","","","","","","","","","The 2018 Conference on Artificial Life","","","","","","","","","","","","","","",""
"SLE5HULT","conferencePaper","2018","C G, Nitash; Lundrigan, Barbara; Smale, Laura; Hintze, Arend","The effect of periodic changes in the fitness landscape on brain structure and function","The 2018 Conference on Artificial Life","","","10.1162/isal_a_00087","https://www.mitpressjournals.org/doi/abs/10.1162/isal_a_00087","","2018","2024-04-13 14:17:40","2024-04-13 14:17:40","2024-04-13 14:17:40","469-476","","","","","","","","","","","MIT Press","Tokyo, Japan","en","","","","","DOI.org (Crossref)","","","","C:\Users\User\Documents\99_Papers\C GN et al\C G et al_2018_The effect of periodic changes in the fitness landscape on brain structure and.pdf","","","","","","","","","","","","","","","","","","","","","","","","","","","","","","","","","","The 2018 Conference on Artificial Life","","","","","","","","","","","","","","",""
"6QG8QKUP","conferencePaper","2018","Cappelle, Collin; Bongard, Josh","Embodied Embeddings for Hyperneat","The 2018 Conference on Artificial Life","","","10.1162/isal_a_00086","https://www.mitpressjournals.org/doi/abs/10.1162/isal_a_00086","","2018","2024-04-13 14:17:40","2024-04-13 14:17:40","2024-04-13 14:17:40","461-468","","","","","","","","","","","MIT Press","Tokyo, Japan","en","","","","","DOI.org (Crossref)","","","","C:\Users\User\Documents\99_Papers\CappelleC_BongardJ\Cappelle_Bongard_2018_Embodied Embeddings for Hyperneat.pdf","","","","","","","","","","","","","","","","","","","","","","","","","","","","","","","","","","The 2018 Conference on Artificial Life","","","","","","","","","","","","","","",""
"9KVGCLTW","conferencePaper","2018","Bersini, Hugues; Waumans, Michael","An evolutionary analysis of Artificial Life publications","The 2018 Conference on Artificial Life","","","10.1162/isal_a_00084","https://www.mitpressjournals.org/doi/abs/10.1162/isal_a_00084","","2018","2024-04-13 14:17:40","2024-04-13 14:17:40","2024-04-13 14:17:40","452-458","","","","","","","","","","","MIT Press","Tokyo, Japan","en","","","","","DOI.org (Crossref)","","","","C:\Users\User\Documents\99_Papers\BersiniH_WaumansM\Bersini_Waumans_2018_An evolutionary analysis of Artificial Life publications.pdf","","","","","","","","","","","","","","","","","","","","","","","","","","","","","","","","","","The 2018 Conference on Artificial Life","","","","","","","","","","","","","","",""
"EQ2ZQXJ3","conferencePaper","2018","Bao, Honglin; Wuyun, Qiqige; Banzhaf, Wolfgang","Evolution of Cooperation through Genetic Collective Learning and Imitation in Multiagent Societies","The 2018 Conference on Artificial Life","","","10.1162/isal_a_00082","https://www.mitpressjournals.org/doi/abs/10.1162/isal_a_00082","","2018","2024-04-13 14:17:40","2024-04-13 14:17:40","2024-04-13 14:17:40","436-443","","","","","","","","","","","MIT Press","Tokyo, Japan","en","","","","","DOI.org (Crossref)","","","","C:\Users\User\Documents\99_Papers\BaoH et al\Bao et al_2018_Evolution of Cooperation through Genetic Collective Learning and Imitation in.pdf","","","","","","","","","","","","","","","","","","","","","","","","","","","","","","","","","","The 2018 Conference on Artificial Life","","","","","","","","","","","","","","",""
"Z9XHF6CC","conferencePaper","2018","Araujo, Arturo; Rübben, Albert; Bentley, Peter J; Basanta, David","Testing Three Hypotheses of the Contribution of Geometry and Migration Dynamics to Intestine Crypt Evolution","The 2018 Conference on Artificial Life","","","10.1162/isal_a_00080","https://www.mitpressjournals.org/doi/abs/10.1162/isal_a_00080","","2018","2024-04-13 14:17:40","2024-04-13 14:17:40","2024-04-13 14:17:40","420-427","","","","","","","","","","","MIT Press","Tokyo, Japan","en","","","","","DOI.org (Crossref)","","","","C:\Users\User\Documents\99_Papers\AraujoA et al\Araujo et al_2018_Testing Three Hypotheses of the Contribution of Geometry and Migration Dynamics.pdf","","","","","","","","","","","","","","","","","","","","","","","","","","","","","","","","","","The 2018 Conference on Artificial Life","","","","","","","","","","","","","","",""
"PXUK6G39","conferencePaper","2018","Antonova, Elena; Nehaniv, Chrystopher L.","Towards the Mind of a Humanoid: Does a Cognitive Robot Need a Self? - Lessons from Neuroscience","The 2018 Conference on Artificial Life","","","10.1162/isal_a_00079","https://www.mitpressjournals.org/doi/abs/10.1162/isal_a_00079","","2018","2024-04-13 14:17:40","2024-04-13 14:17:40","2024-04-13 14:17:40","412-419","","","","","","Towards the Mind of a Humanoid","","","","","MIT Press","Tokyo, Japan","en","","","","","DOI.org (Crossref)","","","","C:\Users\User\Documents\99_Papers\AntonovaE_NehanivC\Antonova_Nehaniv_2018_Towards the Mind of a Humanoid.pdf","","","","","","","","","","","","","","","","","","","","","","","","","","","","","","","","","","The 2018 Conference on Artificial Life","","","","","","","","","","","","","","",""
"EEXPJY6A","conferencePaper","2018","Aguilera, Miguel; Alquézar, Carlos; Bedia, Manuel G.","Agency and Integrated Information in a Minimal Sensorimotor Model","The 2018 Conference on Artificial Life","","","10.1162/isal_a_00077","https://www.mitpressjournals.org/doi/abs/10.1162/isal_a_00077","","2018","2024-04-13 14:17:40","2024-04-13 14:17:40","2024-04-13 14:17:40","396-403","","","","","","","","","","","MIT Press","Tokyo, Japan","en","","","","","DOI.org (Crossref)","","","","C:\Users\User\Documents\99_Papers\AguileraM et al\Aguilera et al_2018_Agency and Integrated Information in a Minimal Sensorimotor Model.pdf","","","","","","","","","","","","","","","","","","","","","","","","","","","","","","","","","","The 2018 Conference on Artificial Life","","","","","","","","","","","","","","",""
"BTYJAHSL","conferencePaper","2018","Finn, Conor; Lizier, Joseph T.","Quantifying Information Modification in Cellular Automata using Pointwise Partial Information Decomposition","The 2018 Conference on Artificial Life","","","10.1162/isal_a_00075","https://www.mitpressjournals.org/doi/abs/10.1162/isal_a_00075","","2018","2024-04-13 14:17:40","2024-04-13 14:17:40","2024-04-13 14:17:40","386-387","","","","","","","","","","","MIT Press","Tokyo, Japan","en","","","","","DOI.org (Crossref)","","","","C:\Users\User\Documents\99_Papers\FinnC_LizierJ\Finn_Lizier_2018_Quantifying Information Modification in Cellular Automata using Pointwise.pdf","","","","","","","","","","","","","","","","","","","","","","","","","","","","","","","","","","The 2018 Conference on Artificial Life","","","","","","","","","","","","","","",""
"I5ZF4P6J","conferencePaper","2018","Mori, Hiroki; Oizumi, Masafumi","Information integration in a globally coupled chaotic system","The 2018 Conference on Artificial Life","","","10.1162/isal_a_00074","https://www.mitpressjournals.org/doi/abs/10.1162/isal_a_00074","","2018","2024-04-13 14:17:40","2024-04-13 14:17:40","2024-04-13 14:17:40","384-385","","","","","","","","","","","MIT Press","Tokyo, Japan","en","","","","","DOI.org (Crossref)","","","","C:\Users\User\Documents\99_Papers\MoriH_OizumiM\Mori_Oizumi_2018_Information integration in a globally coupled chaotic system.pdf","","","","","","","","","","","","","","","","","","","","","","","","","","","","","","","","","","The 2018 Conference on Artificial Life","","","","","","","","","","","","","","",""
"RBBQBUWJ","conferencePaper","2018","Dolson, Emily; Lalejini, Alexander; Jorgensen, Steven; Ofria, Charles","Quantifying the Tape of Life: Ancestry-based Metrics Provide Insights and Intuition about Evolutionary Dynamics","The 2018 Conference on Artificial Life","","","10.1162/isal_a_00020","https://www.mitpressjournals.org/doi/abs/10.1162/isal_a_00020","","2018","2024-04-10 02:13:38","2024-04-14 09:47:42","2024-04-13 14:17:40","75-82","","","","","","Quantifying the Tape of Life","","","","","MIT Press","Tokyo, Japan","en","","","","","DOI.org (Crossref)","","","","C:\Users\User\Documents\99_Papers\DolsonE et al\Dolson et al_2018_Quantifying the Tape of Life2.pdf","","","","","","","","","","","","","","","","","","","","","","","","","","","","","","","","","","The 2018 Conference on Artificial Life","","","","","","","","","","","","","","",""
"E2ZQ3YFM","conferencePaper","2018","Beer, Randall D.","On the Origin of Gliders","","","","10.1162/isal_a_00019","https://dx.doi.org/10.1162/isal_a_00019","Abstract. Using a glider in the Game of Life cellular automaton as a toy model, we explore how questions of origins might be approached from the perspective of autopoiesis. Specifically, we examine how the density of gliders evolves over time from random initial conditions and then develop a statistical mechanics of gliders that explains this time evolution in terms of the processes of glider creation, persistence and destruction that underlie it.","2018-07-01","2024-04-30 02:45:34","2024-04-30 02:55:30","2024-04-30 02:45:34","67-74","","","","","","","","","","","MIT Press","","en","","","","","direct.mit.edu","","","","C:\Users\User\Documents\99_Papers\BeerR\Beer_2018_On the Origin of Gliders2.pdf","","conway's game of life","","","","","","","","","","","","","","","","","","","","","","","","","","","","","","","","ALIFE 2018: The 2018 Conference on Artificial Life","","","","","","","","","","","","","","",""