"Key","Item Type","Publication Year","Author","Title","Publication Title","ISBN","ISSN","DOI","Url","Abstract Note","Date","Date Added","Date Modified","Access Date","Pages","Num Pages","Issue","Volume","Number Of Volumes","Journal Abbreviation","Short Title","Series","Series Number","Series Text","Series Title","Publisher","Place","Language","Rights","Type","Archive","Archive Location","Library Catalog","Call Number","Extra","Notes","File Attachments","Link Attachments","Manual Tags","Automatic Tags","Editor","Series Editor","Translator","Contributor","Attorney Agent","Book Author","Cast Member","Commenter","Composer","Cosponsor","Counsel","Interviewer","Producer","Recipient","Reviewed Author","Scriptwriter","Words By","Guest","Number","Edition","Running Time","Scale","Medium","Artwork Size","Filing Date","Application Number","Assignee","Issuing Authority","Country","Meeting Name","Conference Name","Court","References","Reporter","Legal Status","Priority Numbers","Programming Language","Version","System","Code","Code Number","Section","Session","Committee","History","Legislative Body"
"4FBLBLIS","conferencePaper","2019","Fellermann, Harold; Bacardit, Jaume; Goñi-Moreno, Ángel; Füchslin, Rudolf M.","The 2019 Conference on Artificial Life (full proceedings pdf)","","","","10.1162/isal_a_00240","https://dx.doi.org/10.1162/isal_a_00240","","2019-07-01","2024-04-12 15:16:04","2024-04-12 15:16:04","2024-04-12 15:16:04","i-659","","","","","","","","","","","MIT Press","","en","","","","","direct.mit.edu","","","","C:\Users\User\Documents\99_Papers\FellermannH et al\Fellermann et al_2019_The 2019 Conference on Artificial Life (full proceedings pdf).pdf","","","","","","","","","","","","","","","","","","","","","","","","","","","","","","","","","","ALIFE 2019: The 2019 Conference on Artificial Life","","","","","","","","","","","","","","",""
"3MZDBGDR","conferencePaper","2019","Vincent, Lena; Cleaves, H. James; Baum, David A.","A Candidate Self-Propagating System Enriched by Chemical Ecosystem Selection","The 2019 Conference on Artificial Life","978-0-262-35844-6","","10.1162/isal_a_00238","https://www.mitpressjournals.org/doi/abs/10.1162/isal_a_00238","","2019","2024-04-13 09:20:04","2024-04-13 09:20:04","2024-04-13 09:20:03","658-659","","","","","","","","","","","MIT Press","Newcastle, United Kingdom","en","","","","","DOI.org (Crossref)","","","","C:\Users\User\Documents\99_Papers\VincentL et al\Vincent et al_2019_A Candidate Self-Propagating System Enriched by Chemical Ecosystem Selection.pdf","","","","","","","","","","","","","","","","","","","","","","","","","","","","","","","","","","The 2019 Conference on Artificial Life","","","","","","","","","","","","","","",""
"HE3KAZ3H","conferencePaper","2019","Tanaka, Shinpei","Periodic collective behaviors of organic solvent droplets on the surface of aqueous surfactant solutions","The 2019 Conference on Artificial Life","978-0-262-35844-6","","10.1162/isal_a_00237","https://www.mitpressjournals.org/doi/abs/10.1162/isal_a_00237","","2019","2024-04-13 09:20:04","2024-04-13 09:20:04","2024-04-13 09:20:03","656-657","","","","","","","","","","","MIT Press","Newcastle, United Kingdom","en","","","","","DOI.org (Crossref)","","","","C:\Users\User\Documents\99_Papers\TanakaS\Tanaka_2019_Periodic collective behaviors of organic solvent droplets on the surface of.pdf","","","","","","","","","","","","","","","","","","","","","","","","","","","","","","","","","","The 2019 Conference on Artificial Life","","","","","","","","","","","","","","",""
"3SIYEPQ4","conferencePaper","2019","Mathis, Cole; Miras, Haralampos; Cronin, Leroy","Autocatalysis in a Hierarchically Organized Inorganic Chemical Network","The 2019 Conference on Artificial Life","978-0-262-35844-6","","10.1162/isal_a_00235","https://www.mitpressjournals.org/doi/abs/10.1162/isal_a_00235","","2019","2024-04-13 09:20:04","2024-04-13 09:20:04","2024-04-13 09:20:03","652-653","","","","","","","","","","","MIT Press","Newcastle, United Kingdom","en","","","","","DOI.org (Crossref)","","","","C:\Users\User\Documents\99_Papers\MathisC et al\Mathis et al_2019_Autocatalysis in a Hierarchically Organized Inorganic Chemical Network.pdf","","","","","","","","","","","","","","","","","","","","","","","","","","","","","","","","","","The 2019 Conference on Artificial Life","","","","","","","","","","","","","","",""
"NK9S2HDF","conferencePaper","2019","Holler, Silvia; Hanczyc, Martin Michael","Droplet based synthetic biology: chemotaxis and interface with biology","The 2019 Conference on Artificial Life","978-0-262-35844-6","","10.1162/isal_a_00234","https://www.mitpressjournals.org/doi/abs/10.1162/isal_a_00234","","2019","2024-04-13 09:20:04","2024-04-13 09:20:04","2024-04-13 09:20:03","650-651","","","","","","Droplet based synthetic biology","","","","","MIT Press","Newcastle, United Kingdom","en","","","","","DOI.org (Crossref)","","","","C:\Users\User\Documents\99_Papers\HollerS_HanczycM\Holler_Hanczyc_2019_Droplet based synthetic biology.pdf; C:\Users\User\Documents\99_Papers\HollerS_HanczycM\Holler_Hanczyc_2019_Droplet based synthetic biology2.pdf","","","","","","","","","","","","","","","","","","","","","","","","","","","","","","","","","","The 2019 Conference on Artificial Life","","","","","","","","","","","","","","",""
"WE7J4HMD","conferencePaper","2019","","Preface","The 2019 Conference on Artificial Life","978-0-262-35844-6","","","","","2019","2024-04-13 09:20:04","2024-04-16 02:03:43","","","","","","","","","","","","","MIT Press","Newcastle, United Kingdom","en","","","","","DOI.org (Crossref)","","","","","","","","","","","","","","","","","","","","","","","","","","","","","","","","","","","","","","The 2019 Conference on Artificial Life","","","","","","","","","","","","","","",""
"ERZY8WWQ","conferencePaper","2019","Rabinowitch, Ithai","Synthetic Biology in the Brain: A Vision of Organic Robots","The 2019 Conference on Artificial Life","978-0-262-35844-6","","10.1162/isal_a_00236","https://www.mitpressjournals.org/doi/abs/10.1162/isal_a_00236","","2019","2024-04-13 09:20:04","2024-04-13 09:20:04","2024-04-13 09:20:03","654-655","","","","","","Synthetic Biology in the Brain","","","","","MIT Press","Newcastle, United Kingdom","en","","","","","DOI.org (Crossref)","","","","C:\Users\User\Documents\99_Papers\RabinowitchI\Rabinowitch_2019_Synthetic Biology in the Brain.pdf","","","","","","","","","","","","","","","","","","","","","","","","","","","","","","","","","","The 2019 Conference on Artificial Life","","","","","","","","","","","","","","",""
"WQIWGZ3T","conferencePaper","2019","Wahby, Mostafa; Petzold, Julian; Eschke, Catriona; Schmickl, Thomas; Hamann, Heiko","Collective Change Detection: Adaptivity to Dynamic Swarm Densities and Light Conditions in Robot Swarms","The 2019 Conference on Artificial Life","978-0-262-35844-6","","10.1162/isal_a_00233","https://www.mitpressjournals.org/doi/abs/10.1162/isal_a_00233","","2019","2024-04-13 09:20:04","2024-04-13 09:20:04","2024-04-13 09:20:03","642-649","","","","","","Collective Change Detection","","","","","MIT Press","Newcastle, United Kingdom","en","","","","","DOI.org (Crossref)","","","","C:\Users\User\Documents\99_Papers\WahbyM et al\Wahby et al_2019_Collective Change Detection.pdf; C:\Users\User\Documents\99_Papers\WahbyM et al\Wahby et al_2019_Collective Change Detection2.pdf","","","","","","","","","","","","","","","","","","","","","","","","","","","","","","","","","","The 2019 Conference on Artificial Life","","","","","","","","","","","","","","",""
"FTACYB5V","conferencePaper","2019","Varughese, Joshua Cherian; Hornischer, Hannes; Thenius, Ronald; Wotawa, Franz; Schmickl, Thomas","Collective Event Detection Using Bio-inspired Minimalistic Communication in a Swarm of Underwater Robots","The 2019 Conference on Artificial Life","978-0-262-35844-6","","10.1162/isal_a_00232","https://www.mitpressjournals.org/doi/abs/10.1162/isal_a_00232","","2019","2024-04-13 09:20:04","2024-04-13 09:20:04","2024-04-13 09:20:03","634-641","","","","","","","","","","","MIT Press","Newcastle, United Kingdom","en","","","","","DOI.org (Crossref)","","","","C:\Users\User\Documents\99_Papers\VarugheseJ et al\Varughese et al_2019_Collective Event Detection Using Bio-inspired Minimalistic Communication in a.pdf","","","","","","","","","","","","","","","","","","","","","","","","","","","","","","","","","","The 2019 Conference on Artificial Life","","","","","","","","","","","","","","",""
"5CPEFLM7","conferencePaper","2019","Na, Seongin; Raoufi, Mohsen; Turgut, Ali Emre; Krajník, Tomáš; Arvin, Farshad","Extended Artificial Pheromone System for Swarm Robotic Applications","The 2019 Conference on Artificial Life","978-0-262-35844-6","","10.1162/isal_a_00228","https://www.mitpressjournals.org/doi/abs/10.1162/isal_a_00228","","2019","2024-04-13 09:20:04","2024-07-23 09:47:41","2024-04-13 09:20:03","608-615","","","","","","","","","","","MIT Press","Newcastle, United Kingdom","en","","","","","DOI.org (Crossref)","","","","C:\Users\User\Documents\99_Papers\NaS et al\Na et al_2019_Extended Artificial Pheromone System for Swarm Robotic Applications.pdf","","Swarm robots; skimmed","","","","","","","","","","","","","","","","","","","","","","","","","","","","","","","","The 2019 Conference on Artificial Life","","","","","","","","","","","","","","",""
"MJ63UGQS","conferencePaper","2019","Kano, Takeshi; Naito, Eiichi; Aoshima, Takenobu; Ishiguro, Akio","Engineering Application of Non-Reciprocal-Interaction-Based (NRIB) Model: Swarm Robotic System That Can Perform Spatially Distributed Tasks in Parallel","The 2019 Conference on Artificial Life","978-0-262-35844-6","","10.1162/isal_a_00227","https://www.mitpressjournals.org/doi/abs/10.1162/isal_a_00227","","2019","2024-04-13 09:20:04","2024-04-13 09:20:04","2024-04-13 09:20:03","606-607","","","","","","Engineering Application of Non-Reciprocal-Interaction-Based (NRIB) Model","","","","","MIT Press","Newcastle, United Kingdom","en","","","","","DOI.org (Crossref)","","","","C:\Users\User\Documents\99_Papers\KanoT et al\Kano et al_2019_Engineering Application of Non-Reciprocal-Interaction-Based (NRIB) Model.pdf","","","","","","","","","","","","","","","","","","","","","","","","","","","","","","","","","","The 2019 Conference on Artificial Life","","","","","","","","","","","","","","",""
"WXQEGAWS","conferencePaper","2019","Sasaki, Hideyasu","Modeling Fast and Robust Ant Nest Relocation using Particle Swarm Optimization","The 2019 Conference on Artificial Life","978-0-262-35844-6","","10.1162/isal_a_00231","https://www.mitpressjournals.org/doi/abs/10.1162/isal_a_00231","","2019","2024-04-13 09:20:04","2024-04-13 09:20:04","2024-04-13 09:20:03","626-633","","","","","","","","","","","MIT Press","Newcastle, United Kingdom","en","","","","","DOI.org (Crossref)","","","","C:\Users\User\Documents\99_Papers\SasakiH\Sasaki_2019_Modeling Fast and Robust Ant Nest Relocation using Particle Swarm Optimization.pdf","","","","","","","","","","","","","","","","","","","","","","","","","","","","","","","","","","The 2019 Conference on Artificial Life","","","","","","","","","","","","","","",""
"AT8KHT2N","conferencePaper","2019","Riegler, Bente; Polani, Daniel","On information-optimal scripting of actions","The 2019 Conference on Artificial Life","978-0-262-35844-6","","10.1162/isal_a_00230","https://www.mitpressjournals.org/doi/abs/10.1162/isal_a_00230","","2019","2024-04-13 09:20:04","2024-04-13 09:20:04","2024-04-13 09:20:03","624-625","","","","","","","","","","","MIT Press","Newcastle, United Kingdom","en","","","","","DOI.org (Crossref)","","","","C:\Users\User\Documents\99_Papers\RieglerB_PolaniD\Riegler_Polani_2019_On information-optimal scripting of actions.pdf; C:\Users\User\Documents\99_Papers\RieglerB_PolaniD\Riegler_Polani_2019_On information-optimal scripting of actions2.pdf","","","","","","","","","","","","","","","","","","","","","","","","","","","","","","","","","","The 2019 Conference on Artificial Life","","","","","","","","","","","","","","",""
"5D8FIAUI","conferencePaper","2019","Reséndiz-Benhumea, Georgina Montserrat; Froese, Tom; Ramos-Fernández, Gabriel; Smith-Aguilar, Sandra E.","Applying Social Network Analysis to Agent-Based Models: A Case Study of Task Allocation in Swarm Robotics Inspired by Ant Foraging Behavior","The 2019 Conference on Artificial Life","978-0-262-35844-6","","10.1162/isal_a_00229","https://www.mitpressjournals.org/doi/abs/10.1162/isal_a_00229","","2019","2024-04-13 09:20:04","2024-04-13 09:20:04","2024-04-13 09:20:03","616-623","","","","","","Applying Social Network Analysis to Agent-Based Models","","","","","MIT Press","Newcastle, United Kingdom","en","","","","","DOI.org (Crossref)","","","","C:\Users\User\Documents\99_Papers\Reséndiz-BenhumeaG et al\Reséndiz-Benhumea et al_2019_Applying Social Network Analysis to Agent-Based Models.pdf","","","","","","","","","","","","","","","","","","","","","","","","","","","","","","","","","","The 2019 Conference on Artificial Life","","","","","","","","","","","","","","",""
"28EGMPI3","conferencePaper","2019","Hahn, Carsten; Phan, Thomy; Gabor, Thomas; Belzner, Lenz; Linnhoff-Popien, Claudia","Emergent Escape-based Flocking behavior using Multi-Agent Reinforcement Learning","The 2019 Conference on Artificial Life","978-0-262-35844-6","","10.1162/isal_a_00226","https://www.mitpressjournals.org/doi/abs/10.1162/isal_a_00226","","2019","2024-04-13 09:20:04","2024-04-13 09:20:04","2024-04-13 09:20:03","598-605","","","","","","","","","","","MIT Press","Newcastle, United Kingdom","en","","","","","DOI.org (Crossref)","","","","C:\Users\User\Documents\99_Papers\HahnC et al\Hahn et al_2019_Emergent Escape-based Flocking behavior using Multi-Agent Reinforcement Learning.pdf; C:\Users\User\Documents\99_Papers\HahnC et al\Hahn et al_2019_Emergent Escape-based Flocking behavior using Multi-Agent Reinforcement Learning2.pdf","","","","","","","","","","","","","","","","","","","","","","","","","","","","","","","","","","The 2019 Conference on Artificial Life","","","","","","","","","","","","","","",""
"X6PXTW58","conferencePaper","2019","Gillet, Yannick; Ferrante, Eliseo; Firat, Ziya; Tuci, Elio","Guiding aggregation dynamics in a swarm of agents via informed individuals: an analytical study","The 2019 Conference on Artificial Life","978-0-262-35844-6","","10.1162/isal_a_00225","https://www.mitpressjournals.org/doi/abs/10.1162/isal_a_00225","","2019","2024-04-13 09:20:04","2024-04-13 09:20:04","2024-04-13 09:20:03","590-597","","","","","","Guiding aggregation dynamics in a swarm of agents via informed individuals","","","","","MIT Press","Newcastle, United Kingdom","en","","","","","DOI.org (Crossref)","","","","C:\Users\User\Documents\99_Papers\GilletY et al\Gillet et al_2019_Guiding aggregation dynamics in a swarm of agents via informed individuals.pdf","","","","","","","","","","","","","","","","","","","","","","","","","","","","","","","","","","The 2019 Conference on Artificial Life","","","","","","","","","","","","","","",""
"MF4UEILY","conferencePaper","2019","Zarco, Mario; Egbert, Matthew","Different Forms of Random Motor Activity Scaffold the Formation of Different Habits in a Simulated Robot","The 2019 Conference on Artificial Life","978-0-262-35844-6","","10.1162/isal_a_00224","https://www.mitpressjournals.org/doi/abs/10.1162/isal_a_00224","","2019","2024-04-13 09:20:04","2024-04-13 09:20:04","2024-04-13 09:20:03","582-589","","","","","","","","","","","MIT Press","Newcastle, United Kingdom","en","","","","","DOI.org (Crossref)","","","","C:\Users\User\Documents\99_Papers\ZarcoM_EgbertM\Zarco_Egbert_2019_Different Forms of Random Motor Activity Scaffold the Formation of Different.pdf","","","","","","","","","","","","","","","","","","","","","","","","","","","","","","","","","","The 2019 Conference on Artificial Life","","","","","","","","","","","","","","",""
"FVX5P8JU","conferencePaper","2019","Talamini, Jacopo; Medvet, Eric; Bartoli, Alberto; De Lorenzo, Andrea","Evolutionary Synthesis of Sensing Controllers for Voxel-based Soft Robots","The 2019 Conference on Artificial Life","978-0-262-35844-6","","10.1162/isal_a_00223","https://www.mitpressjournals.org/doi/abs/10.1162/isal_a_00223","","2019","2024-04-13 09:20:04","2024-04-13 09:20:04","2024-04-13 09:20:03","574-581","","","","","","","","","","","MIT Press","Newcastle, United Kingdom","en","","","","","DOI.org (Crossref)","","","","C:\Users\User\Documents\99_Papers\TalaminiJ et al\Talamini et al_2019_Evolutionary Synthesis of Sensing Controllers for Voxel-based Soft Robots.pdf; C:\Users\User\Documents\99_Papers\TalaminiJ et al\Talamini et al_2019_Evolutionary Synthesis of Sensing Controllers for Voxel-based Soft Robots2.pdf","","","","","","","","","","","","","","","","","","","","","","","","","","","","","","","","","","The 2019 Conference on Artificial Life","","","","","","","","","","","","","","",""
"4RJQ8UUR","conferencePaper","2019","Villalpando, Antonio Pico; Schillaci, Guido; Hafner, Verena V.; Guzmán, Bruno Lara","Ego-Noise Predictions for Echolocation in Wheeled Robots","The 2019 Conference on Artificial Life","978-0-262-35844-6","","10.1162/isal_a_00222","https://www.mitpressjournals.org/doi/abs/10.1162/isal_a_00222","","2019","2024-04-13 09:20:04","2024-04-13 09:20:04","2024-04-13 09:20:03","567-573","","","","","","","","","","","MIT Press","Newcastle, United Kingdom","en","","","","","DOI.org (Crossref)","","","","C:\Users\User\Documents\99_Papers\VillalpandoA et al\Villalpando et al_2019_Ego-Noise Predictions for Echolocation in Wheeled Robots.pdf","","","","","","","","","","","","","","","","","","","","","","","","","","","","","","","","","","The 2019 Conference on Artificial Life","","","","","","","","","","","","","","",""
"57MLVQCV","conferencePaper","2019","Moore, Jared M.; Clark, Anthony J.","Improve Quadrupedal Locomotion with Actuated or Passive Joints?","The 2019 Conference on Artificial Life","978-0-262-35844-6","","10.1162/isal_a_00221","https://www.mitpressjournals.org/doi/abs/10.1162/isal_a_00221","","2019","2024-04-13 09:20:04","2024-04-13 09:20:04","2024-04-13 09:20:03","559-566","","","","","","","","","","","MIT Press","Newcastle, United Kingdom","en","","","","","DOI.org (Crossref)","","","","C:\Users\User\Documents\99_Papers\MooreJ_ClarkA\Moore_Clark_2019_Improve Quadrupedal Locomotion with Actuated or Passive Joints.pdf","","","","","","","","","","","","","","","","","","","","","","","","","","","","","","","","","","The 2019 Conference on Artificial Life","","","","","","","","","","","","","","",""
"G86WAAC6","conferencePaper","2019","Moore, Jared M.; Stanton, Adam","The Limits of Lexicase Selection in an Evolutionary Robotics Task","The 2019 Conference on Artificial Life","978-0-262-35844-6","","10.1162/isal_a_00220","https://www.mitpressjournals.org/doi/abs/10.1162/isal_a_00220","","2019","2024-04-13 09:20:04","2024-04-13 09:20:04","2024-04-13 09:20:03","551-558","","","","","","","","","","","MIT Press","Newcastle, United Kingdom","en","","","","","DOI.org (Crossref)","","","","C:\Users\User\Documents\99_Papers\MooreJ_StantonA\Moore_Stanton_2019_The Limits of Lexicase Selection in an Evolutionary Robotics Task.pdf; C:\Users\User\Documents\99_Papers\MooreJ_StantonA\Moore_Stanton_2019_The Limits of Lexicase Selection in an Evolutionary Robotics Task2.pdf","","","","","","","","","","","","","","","","","","","","","","","","","","","","","","","","","","The 2019 Conference on Artificial Life","","","","","","","","","","","","","","",""
"PTI8JZG7","conferencePaper","2019","Jackson, Ben; Channon, Alastair","Neuroevolution of Humanoids that Walk Further and Faster with Robust Gaits","The 2019 Conference on Artificial Life","978-0-262-35844-6","","10.1162/isal_a_00219","https://www.mitpressjournals.org/doi/abs/10.1162/isal_a_00219","","2019","2024-04-13 09:20:04","2024-04-13 09:20:04","2024-04-13 09:20:03","543-550","","","","","","","","","","","MIT Press","Newcastle, United Kingdom","en","","","","","DOI.org (Crossref)","","","","C:\Users\User\Documents\99_Papers\JacksonB_ChannonA\Jackson_Channon_2019_Neuroevolution of Humanoids that Walk Further and Faster with Robust Gaits.pdf","","","","","","","","","","","","","","","","","","","","","","","","","","","","","","","","","","The 2019 Conference on Artificial Life","","","","","","","","","","","","","","",""
"EKFXH4ET","conferencePaper","2019","Semet, Yann; Marcon, Bruno; Demestichas, Konstantinos; Koutsouris, Nikos; Ascolese, Antonio","Artificial Ant Colonies for Adaptive Rewards in Serious Games","The 2019 Conference on Artificial Life","978-0-262-35844-6","","10.1162/isal_a_00217","https://www.mitpressjournals.org/doi/abs/10.1162/isal_a_00217","","2019","2024-04-13 09:20:04","2024-04-13 09:20:04","2024-04-13 09:20:03","533-540","","","","","","","","","","","MIT Press","Newcastle, United Kingdom","en","","","","","DOI.org (Crossref)","","","","C:\Users\User\Documents\99_Papers\SemetY et al\Semet et al_2019_Artificial Ant Colonies for Adaptive Rewards in Serious Games.pdf","","","","","","","","","","","","","","","","","","","","","","","","","","","","","","","","","","The 2019 Conference on Artificial Life","","","","","","","","","","","","","","",""
"BZR2HHIC","conferencePaper","2019","Noguchi, Wataru; Iizuka, Hiroyuki; Taguchi, Shigeru; Yamamoto, Masahito","Spatial Representation of Self and Other by Superposition Neural Network Model","The 2019 Conference on Artificial Life","978-0-262-35844-6","","10.1162/isal_a_00216","https://www.mitpressjournals.org/doi/abs/10.1162/isal_a_00216","","2019","2024-04-13 09:20:04","2024-04-13 09:20:04","2024-04-13 09:20:03","531-532","","","","","","","","","","","MIT Press","Newcastle, United Kingdom","en","","","","","DOI.org (Crossref)","","","","C:\Users\User\Documents\99_Papers\NoguchiW et al\Noguchi et al_2019_Spatial Representation of Self and Other by Superposition Neural Network Model.pdf","","","","","","","","","","","","","","","","","","","","","","","","","","","","","","","","","","The 2019 Conference on Artificial Life","","","","","","","","","","","","","","",""
"LFXFMGAM","conferencePaper","2019","Lomas, Andy","Morphogenetic Vase Forms","The 2019 Conference on Artificial Life","978-0-262-35844-6","","10.1162/isal_a_00215","https://www.mitpressjournals.org/doi/abs/10.1162/isal_a_00215","","2019","2024-04-13 09:20:04","2024-04-13 09:20:04","2024-04-13 09:20:03","523-530","","","","","","","","","","","MIT Press","Newcastle, United Kingdom","en","","","","","DOI.org (Crossref)","","","","C:\Users\User\Documents\99_Papers\LomasA\Lomas_2019_Morphogenetic Vase Forms.pdf; C:\Users\User\Documents\99_Papers\LomasA\Lomas_2019_Morphogenetic Vase Forms2.pdf","","","","","","","","","","","","","","","","","","","","","","","","","","","","","","","","","","The 2019 Conference on Artificial Life","","","","","","","","","","","","","","",""
"MGMJT26A","conferencePaper","2019","Roen, Haakon Haraldsen; Varankian, Vako Vartkes; Nichele, Stefano; Bergaust, Kristin","Gathering of the Hive: Investigating the clustering behaviour of honeybees through art and swarm robotics","The 2019 Conference on Artificial Life","978-0-262-35844-6","","10.1162/isal_a_00212","https://www.mitpressjournals.org/doi/abs/10.1162/isal_a_00212","","2019","2024-04-13 09:20:04","2024-04-13 09:20:04","2024-04-13 09:20:03","505-506","","","","","","Gathering of the Hive","","","","","MIT Press","Newcastle, United Kingdom","en","","","","","DOI.org (Crossref)","","","","C:\Users\User\Documents\99_Papers\RoenH et al\Roen et al_2019_Gathering of the Hive.pdf","","","","","","","","","","","","","","","","","","","","","","","","","","","","","","","","","","The 2019 Conference on Artificial Life","","","","","","","","","","","","","","",""
"PH8IA7GP","conferencePaper","2019","Yonenoh, Hiroto; Suzuki, Reiji; Arita, Takaya","The Effects of Individual and Social Learning on the Evolution of Cognitive and Communicative Aspects of Language Abilities","The 2019 Conference on Artificial Life","978-0-262-35844-6","","10.1162/isal_a_00218","https://www.mitpressjournals.org/doi/abs/10.1162/isal_a_00218","","2019","2024-04-13 09:20:04","2024-04-13 09:20:04","2024-04-13 09:20:03","541-542","","","","","","","","","","","MIT Press","Newcastle, United Kingdom","en","","","","","DOI.org (Crossref)","","","","C:\Users\User\Documents\99_Papers\YonenohH et al\Yonenoh et al_2019_The Effects of Individual and Social Learning on the Evolution of Cognitive and.pdf","","","","","","","","","","","","","","","","","","","","","","","","","","","","","","","","","","The 2019 Conference on Artificial Life","","","","","","","","","","","","","","",""
"EQD86AUP","conferencePaper","2019","Abramovic, Vasilija; Glynn, Ruairi","Edge of Chaos: Artificial Life based interactive art installation","The 2019 Conference on Artificial Life","978-0-262-35844-6","","10.1162/isal_a_00209","https://www.mitpressjournals.org/doi/abs/10.1162/isal_a_00209","","2019","2024-04-13 09:20:04","2024-04-13 09:20:04","2024-04-13 09:20:03","493-494","","","","","","Edge of Chaos","","","","","MIT Press","Newcastle, United Kingdom","en","","","","","DOI.org (Crossref)","","","","C:\Users\User\Documents\99_Papers\AbramovicV_GlynnR\Abramovic_Glynn_2019_Edge of Chaos.pdf","","","","","","","","","","","","","","","","","","","","","","","","","","","","","","","","","","The 2019 Conference on Artificial Life","","","","","","","","","","","","","","",""
"EDZL92ER","conferencePaper","2019","Komosinski, Maciej; Miazga, Konrad","Measuring properties of movement in populations of evolved 3D agents","The 2019 Conference on Artificial Life","978-0-262-35844-6","","10.1162/isal_a_00208","https://www.mitpressjournals.org/doi/abs/10.1162/isal_a_00208","","2019","2024-04-13 09:20:04","2024-04-13 09:20:04","2024-04-13 09:20:03","485-492","","","","","","","","","","","MIT Press","Newcastle, United Kingdom","en","","","","","DOI.org (Crossref)","","","","C:\Users\User\Documents\99_Papers\KomosinskiM_MiazgaK\Komosinski_Miazga_2019_Measuring properties of movement in populations of evolved 3D agents.pdf","","","","","","","","","","","","","","","","","","","","","","","","","","","","","","","","","","The 2019 Conference on Artificial Life","","","","","","","","","","","","","","",""
"FV3BP5X9","conferencePaper","2019","Juel, Bjørn Erik; Comolatti, Renzo; Tononi, Giulio; Albantakis, Larissa","When is an action caused from within? Quantifying the causal chain leading to actions in simulated agents","The 2019 Conference on Artificial Life","978-0-262-35844-6","","10.1162/isal_a_00207","https://www.mitpressjournals.org/doi/abs/10.1162/isal_a_00207","","2019","2024-04-13 09:20:04","2024-04-13 09:20:04","2024-04-13 09:20:03","477-484","","","","","","When is an action caused from within?","","","","","MIT Press","Newcastle, United Kingdom","en","","","","","DOI.org (Crossref)","","","","C:\Users\User\Documents\99_Papers\JuelB et al\Juel et al_2019_When is an action caused from within.pdf; C:\Users\User\Documents\99_Papers\JuelB et al\Juel et al_2019_When is an action caused from within2.pdf","","","","","","","","","","","","","","","","","","","","","","","","","","","","","","","","","","The 2019 Conference on Artificial Life","","","","","","","","","","","","","","",""
"7DB6M9RT","conferencePaper","2019","Collenette, Joe; Atkinson, Katie; Bloembergen, Daan; Tuyls, Karl","Stability of Cooperation in Societies of Emotional and Moody Agents","The 2019 Conference on Artificial Life","978-0-262-35844-6","","10.1162/isal_a_00205","https://www.mitpressjournals.org/doi/abs/10.1162/isal_a_00205","","2019","2024-04-13 09:20:04","2024-04-13 09:20:04","2024-04-13 09:20:03","467-474","","","","","","","","","","","MIT Press","Newcastle, United Kingdom","en","","","","","DOI.org (Crossref)","","","","C:\Users\User\Documents\99_Papers\CollenetteJ et al\Collenette et al_2019_Stability of Cooperation in Societies of Emotional and Moody Agents.pdf; C:\Users\User\Documents\99_Papers\CollenetteJ et al\Collenette et al_2019_Stability of Cooperation in Societies of Emotional and Moody Agents2.pdf","","","","","","","","","","","","","","","","","","","","","","","","","","","","","","","","","","The 2019 Conference on Artificial Life","","","","","","","","","","","","","","",""
"5WRU7JI9","conferencePaper","2019","Bulitko, Vadim; Doucet, Kacy; Evans, Daniel; Docking, Hope; Walters, Mac; Oliver, Marilene; Chow, Julian; Carleton, Shelby; Kendal-Freedman, Natali","A-life Evolution with Human Proxies","The 2019 Conference on Artificial Life","978-0-262-35844-6","","10.1162/isal_a_00204","https://www.mitpressjournals.org/doi/abs/10.1162/isal_a_00204","","2019","2024-04-13 09:20:04","2024-07-18 09:06:18","2024-04-13 09:20:03","465-466","","","","","","","","","","","MIT Press","Newcastle, United Kingdom","en","","","","","DOI.org (Crossref)","","","","C:\Users\User\Documents\99_Papers\BulitkoV et al\Bulitko et al_2019_A-life Evolution with Human Proxies.pdf","","skimmed; adversarial learning","","","","","","","","","","","","","","","","","","","","","","","","","","","","","","","","The 2019 Conference on Artificial Life","","","","","","","","","","","","","","",""
"WQZZWS3J","conferencePaper","2019","Mansour, Carl Bou; Koreman, Elijah; Laurijssen, Dennis; Steckel, Jan; Peremans, Herbert; Vanderelst, Dieter","Robotic models of obstacle avoidance in bats: assessing the benefit of acoustic gaze scanning in complex environments","The 2019 Conference on Artificial Life","978-0-262-35844-6","","10.1162/isal_a_00203","https://www.mitpressjournals.org/doi/abs/10.1162/isal_a_00203","","2019","2024-04-13 09:20:04","2024-04-13 09:20:04","2024-04-13 09:20:03","463-464","","","","","","Robotic models of obstacle avoidance in bats","","","","","MIT Press","Newcastle, United Kingdom","en","","","","","DOI.org (Crossref)","","","","C:\Users\User\Documents\99_Papers\MansourC et al\Mansour et al_2019_Robotic models of obstacle avoidance in bats.pdf","","","","","","","","","","","","","","","","","","","","","","","","","","","","","","","","","","The 2019 Conference on Artificial Life","","","","","","","","","","","","","","",""
"HSE3U38W","conferencePaper","2019","Yamato, Yusuke; Suzuki, Reiji; Arita, Takaya","Evolution of metamemory ability by artificial neural networks with neuromodulation","The 2019 Conference on Artificial Life","978-0-262-35844-6","","10.1162/isal_a_00202","https://www.mitpressjournals.org/doi/abs/10.1162/isal_a_00202","","2019","2024-04-13 09:20:04","2024-04-13 09:20:04","2024-04-13 09:20:03","461-462","","","","","","","","","","","MIT Press","Newcastle, United Kingdom","en","","","","","DOI.org (Crossref)","","","","C:\Users\User\Documents\99_Papers\YamatoY et al\Yamato et al_2019_Evolution of metamemory ability by artificial neural networks with.pdf","","","","","","","","","","","","","","","","","","","","","","","","","","","","","","","","","","The 2019 Conference on Artificial Life","","","","","","","","","","","","","","",""
"NG8GK9RY","conferencePaper","2019","Carde, Quentin; Foley, Marco; Knibbe, Carole; Parsons, David P.; Rouzaud-Cornabas, Jonathan; Beslon, Guillaume","How to reduce a genome? ALife as a tool to teach the scientific method to school pupils","The 2019 Conference on Artificial Life","978-0-262-35844-6","","10.1162/isal_a_00211","https://www.mitpressjournals.org/doi/abs/10.1162/isal_a_00211","","2019","2024-04-13 09:20:04","2024-07-18 09:22:06","2024-04-13 09:20:03","497-504","","","","","","How to reduce a genome?","","","","","MIT Press","Newcastle, United Kingdom","en","","","","","DOI.org (Crossref)","","","","C:\Users\User\Documents\99_Papers\CardeQ et al\Carde et al_2019_How to reduce a genome.pdf; C:\Users\User\Documents\99_Papers\CardeQ et al\Carde et al_2019_How to reduce a genome2.pdf","","skimmed; aevol; science education","","","","","","","","","","","","","","","","","","","","","","","","","","","","","","","","The 2019 Conference on Artificial Life","","","","","","","","","","","","","","",""
"LT22H5QQ","conferencePaper","2019","Aguayo, Claudio","Autopoiesis in digital learning design: Theoretical implications in education","The 2019 Conference on Artificial Life","978-0-262-35844-6","","10.1162/isal_a_00210","https://www.mitpressjournals.org/doi/abs/10.1162/isal_a_00210","","2019","2024-04-13 09:20:04","2024-04-13 09:20:04","2024-04-13 09:20:03","495-496","","","","","","Autopoiesis in digital learning design","","","","","MIT Press","Newcastle, United Kingdom","en","","","","","DOI.org (Crossref)","","","","C:\Users\User\Documents\99_Papers\AguayoC\Aguayo_2019_Autopoiesis in digital learning design.pdf; C:\Users\User\Documents\99_Papers\AguayoC\Aguayo_2019_Autopoiesis in digital learning design2.pdf","","","","","","","","","","","","","","","","","","","","","","","","","","","","","","","","","","The 2019 Conference on Artificial Life","","","","","","","","","","","","","","",""
"NH6KG6XL","conferencePaper","2019","Gurkan, Can; Rasmussen, Leif; Wilensky, Uri","Effects of Visual Sensory Range on the Emergence of Cognition in Early Terrestrial Vertebrates: An Agent-Based Modeling Approach","The 2019 Conference on Artificial Life","978-0-262-35844-6","","10.1162/isal_a_00206","https://www.mitpressjournals.org/doi/abs/10.1162/isal_a_00206","","2019","2024-04-13 09:20:04","2024-04-13 09:20:04","2024-04-13 09:20:03","475-476","","","","","","Effects of Visual Sensory Range on the Emergence of Cognition in Early Terrestrial Vertebrates","","","","","MIT Press","Newcastle, United Kingdom","en","","","","","DOI.org (Crossref)","","","","C:\Users\User\Documents\99_Papers\GurkanC et al\Gurkan et al_2019_Effects of Visual Sensory Range on the Emergence of Cognition in Early.pdf","","","","","","","","","","","","","","","","","","","","","","","","","","","","","","","","","","The 2019 Conference on Artificial Life","","","","","","","","","","","","","","",""
"C7P6CFVB","conferencePaper","2019","Sinapayen, Lana; Noda, Atsushi","DNN Architecture for High Performance Prediction on Natural Videos Loses Submodule’s Ability to Learn Discrete-World Dataset","The 2019 Conference on Artificial Life","978-0-262-35844-6","","10.1162/isal_a_00201","https://www.mitpressjournals.org/doi/abs/10.1162/isal_a_00201","","2019","2024-04-13 09:20:04","2024-04-13 09:20:04","2024-04-13 09:20:03","454-460","","","","","","","","","","","MIT Press","Newcastle, United Kingdom","en","","","","","DOI.org (Crossref)","","","","C:\Users\User\Documents\99_Papers\SinapayenL_NodaA\Sinapayen_Noda_2019_DNN Architecture for High Performance Prediction on Natural Videos Loses.pdf; C:\Users\User\Documents\99_Papers\SinapayenL_NodaA\Sinapayen_Noda_2019_DNN Architecture for High Performance Prediction on Natural Videos Loses2.pdf","","","","","","","","","","","","","","","","","","","","","","","","","","","","","","","","","","The 2019 Conference on Artificial Life","","","","","","","","","","","","","","",""
"XADGE6BB","conferencePaper","2019","Kirkpatrick, Douglas; Hintze, Arend","The role of ambient noise in the evolution of robust mental representations in cognitive systems","The 2019 Conference on Artificial Life","978-0-262-35844-6","","10.1162/isal_a_00198","https://www.mitpressjournals.org/doi/abs/10.1162/isal_a_00198","","2019","2024-04-13 09:20:04","2024-04-13 09:20:04","2024-04-13 09:20:03","432-439","","","","","","","","","","","MIT Press","Newcastle, United Kingdom","en","","","","","DOI.org (Crossref)","","","","C:\Users\User\Documents\99_Papers\KirkpatrickD_HintzeA\Kirkpatrick_Hintze_2019_The role of ambient noise in the evolution of robust mental representations in.pdf","","","","","","","","","","","","","","","","","","","","","","","","","","","","","","","","","","The 2019 Conference on Artificial Life","","","","","","","","","","","","","","",""
"GD7N5FY4","conferencePaper","2019","Gabor, Thomas; Illium, Steffen; Mattausch, Andy; Belzner, Lenz; Linnhoff-Popien, Claudia","Self-Replication in Neural Networks","The 2019 Conference on Artificial Life","978-0-262-35844-6","","10.1162/isal_a_00197","https://www.mitpressjournals.org/doi/abs/10.1162/isal_a_00197","","2019","2024-04-13 09:20:04","2024-04-13 09:20:04","2024-04-13 09:20:03","424-431","","","","","","","","","","","MIT Press","Newcastle, United Kingdom","en","","","","","DOI.org (Crossref)","","","","C:\Users\User\Documents\99_Papers\GaborT et al\Gabor et al_2019_Self-Replication in Neural Networks.pdf","","","","","","","","","","","","","","","","","","","","","","","","","","","","","","","","","","The 2019 Conference on Artificial Life","","","","","","","","","","","","","","",""
"6WW9V9HN","conferencePaper","2019","Martin, Charles E.; Pilly, Praveen K.","Probabilistic Program Neurogenesis","The 2019 Conference on Artificial Life","978-0-262-35844-6","","10.1162/isal_a_00199","https://www.mitpressjournals.org/doi/abs/10.1162/isal_a_00199","","2019","2024-04-13 09:20:04","2024-04-13 09:20:04","2024-04-13 09:20:03","440-447","","","","","","","","","","","MIT Press","Newcastle, United Kingdom","en","","","","","DOI.org (Crossref)","","","","C:\Users\User\Documents\99_Papers\MartinC_PillyP\Martin_Pilly_2019_Probabilistic Program Neurogenesis.pdf","","","","","","","","","","","","","","","","","","","","","","","","","","","","","","","","","","The 2019 Conference on Artificial Life","","","","","","","","","","","","","","",""
"AC66YZE4","conferencePaper","2019","Akinci, Kaan; Philippides, Andrew","Evolving Recurrent Neural Network Controllers by Incremental Fitness Shaping","The 2019 Conference on Artificial Life","978-0-262-35844-6","","10.1162/isal_a_00196","https://www.mitpressjournals.org/doi/abs/10.1162/isal_a_00196","","2019","2024-04-13 09:20:04","2024-04-13 09:20:04","2024-04-13 09:20:03","416-423","","","","","","","","","","","MIT Press","Newcastle, United Kingdom","en","","","","","DOI.org (Crossref)","","","","C:\Users\User\Documents\99_Papers\AkinciK_PhilippidesA\Akinci_Philippides_2019_Evolving Recurrent Neural Network Controllers by Incremental Fitness Shaping.pdf; C:\Users\User\Documents\99_Papers\AkinciK_PhilippidesA\Akinci_Philippides_2019_Evolving Recurrent Neural Network Controllers by Incremental Fitness Shaping2.pdf","","","","","","","","","","","","","","","","","","","","","","","","","","","","","","","","","","The 2019 Conference on Artificial Life","","","","","","","","","","","","","","",""
"PHLPLCIR","conferencePaper","2019","Suganuma, Hiromitsu; Kawai, Yuji; Park, Jihoon; Asada, Minoru","Maximization of Transfer Entropy leads to Evolution of Functional Differentiation of Swarms","The 2019 Conference on Artificial Life","978-0-262-35844-6","","10.1162/isal_a_00195","https://www.mitpressjournals.org/doi/abs/10.1162/isal_a_00195","","2019","2024-04-13 09:20:04","2024-04-13 09:20:04","2024-04-13 09:20:03","414-415","","","","","","","","","","","MIT Press","Newcastle, United Kingdom","en","","","","","DOI.org (Crossref)","","","","C:\Users\User\Documents\99_Papers\SuganumaH et al\Suganuma et al_2019_Maximization of Transfer Entropy leads to Evolution of Functional.pdf","","","","","","","","","","","","","","","","","","","","","","","","","","","","","","","","","","The 2019 Conference on Artificial Life","","","","","","","","","","","","","","",""
"BEUIEGN3","conferencePaper","2019","Sayama, Hiroki","Graph Product Representation of Organism-Environment Couplings in Evolution","The 2019 Conference on Artificial Life","978-0-262-35844-6","","10.1162/isal_a_00194","https://www.mitpressjournals.org/doi/abs/10.1162/isal_a_00194","","2019","2024-04-13 09:20:04","2024-04-13 09:20:04","2024-04-13 09:20:03","412-413","","","","","","","","","","","MIT Press","Newcastle, United Kingdom","en","","","","","DOI.org (Crossref)","","","","C:\Users\User\Documents\99_Papers\SayamaH\Sayama_2019_Graph Product Representation of Organism-Environment Couplings in Evolution.pdf","","","","","","","","","","","","","","","","","","","","","","","","","","","","","","","","","","The 2019 Conference on Artificial Life","","","","","","","","","","","","","","",""
"I2KF6UXE","conferencePaper","2019","Nagar, Danielle; Furman, Alexander; Nitschke, Geoff","The Cost of Big Brains in Groups","The 2019 Conference on Artificial Life","978-0-262-35844-6","","10.1162/isal_a_00193","https://www.mitpressjournals.org/doi/abs/10.1162/isal_a_00193","","2019","2024-04-13 09:20:04","2024-04-13 09:20:04","2024-04-13 09:20:03","404-411","","","","","","","","","","","MIT Press","Newcastle, United Kingdom","en","","","","","DOI.org (Crossref)","","","","C:\Users\User\Documents\99_Papers\NagarD et al\Nagar et al_2019_The Cost of Big Brains in Groups.pdf","","","","","","","","","","","","","","","","","","","","","","","","","","","","","","","","","","The 2019 Conference on Artificial Life","","","","","","","","","","","","","","",""
"ESJYBBG5","conferencePaper","2019","Miras, Karine; Eiben, A.E.","The impact of environmental history on evolved robot properties","The 2019 Conference on Artificial Life","978-0-262-35844-6","","10.1162/isal_a_00192","https://www.mitpressjournals.org/doi/abs/10.1162/isal_a_00192","","2019","2024-04-13 09:20:04","2024-04-13 09:20:04","2024-04-13 09:20:03","396-403","","","","","","","","","","","MIT Press","Newcastle, United Kingdom","en","","","","","DOI.org (Crossref)","","","","C:\Users\User\Documents\99_Papers\MirasK_EibenA\Miras_Eiben_2019_The impact of environmental history on evolved robot properties.pdf","","","","","","","","","","","","","","","","","","","","","","","","","","","","","","","","","","The 2019 Conference on Artificial Life","","","","","","","","","","","","","","",""
"834XKMSU","conferencePaper","2019","Khaluf, Yara; Hamann, Heiko","Modulating Interaction Times in an Artificial Society of Robots","The 2019 Conference on Artificial Life","978-0-262-35844-6","","10.1162/isal_a_00189","https://www.mitpressjournals.org/doi/abs/10.1162/isal_a_00189","","2019","2024-04-13 09:20:04","2024-04-13 09:20:04","2024-04-13 09:20:03","372-379","","","","","","","","","","","MIT Press","Newcastle, United Kingdom","en","","","","","DOI.org (Crossref)","","","","C:\Users\User\Documents\99_Papers\KhalufY_HamannH\Khaluf_Hamann_2019_Modulating Interaction Times in an Artificial Society of Robots.pdf; C:\Users\User\Documents\99_Papers\KhalufY_HamannH\Khaluf_Hamann_2019_Modulating Interaction Times in an Artificial Society of Robots2.pdf","","","","","","","","","","","","","","","","","","","","","","","","","","","","","","","","","","The 2019 Conference on Artificial Life","","","","","","","","","","","","","","",""
"FMKTB9CB","conferencePaper","2019","Guttenberg, Nicholas","Evolutionary rates of information gain and decay in fluctuating environments","The 2019 Conference on Artificial Life","978-0-262-35844-6","","10.1162/isal_a_00188","https://www.mitpressjournals.org/doi/abs/10.1162/isal_a_00188","","2019","2024-04-13 09:20:04","2024-04-13 09:20:04","2024-04-13 09:20:03","365-371","","","","","","","","","","","MIT Press","Newcastle, United Kingdom","en","","","","","DOI.org (Crossref)","","","","C:\Users\User\Documents\99_Papers\GuttenbergN\Guttenberg_2019_Evolutionary rates of information gain and decay in fluctuating environments.pdf; C:\Users\User\Documents\99_Papers\GuttenbergN\Guttenberg_2019_Evolutionary rates of information gain and decay in fluctuating environments2.pdf","","","","","","","","","","","","","","","","","","","","","","","","","","","","","","","","","","The 2019 Conference on Artificial Life","","","","","","","","","","","","","","",""
"6CR6M7T4","conferencePaper","2019","Ellery, Alex; Eiben, A. E.","To Evolve or Not to Evolve? That is the Question","The 2019 Conference on Artificial Life","978-0-262-35844-6","","10.1162/isal_a_00187","https://www.mitpressjournals.org/doi/abs/10.1162/isal_a_00187","","2019","2024-04-13 09:20:04","2024-04-13 09:20:04","2024-04-13 09:20:03","357-364","","","","","","To Evolve or Not to Evolve?","","","","","MIT Press","Newcastle, United Kingdom","en","","","","","DOI.org (Crossref)","","","","C:\Users\User\Documents\99_Papers\ElleryA_EibenA\Ellery_Eiben_2019_To Evolve or Not to Evolve.pdf","","","","","","","","","","","","","","","","","","","","","","","","","","","","","","","","","","The 2019 Conference on Artificial Life","","","","","","","","","","","","","","",""
"FDQM9S75","conferencePaper","2019","Bedia, Manuel G.; Heras-Escribano, Manuel; Cajal, Diego; Aguilera, Miguel; Barandiaran, Xabier E.","Towards modelling social habits: an organismically inspired evolutionary robotics approach","The 2019 Conference on Artificial Life","978-0-262-35844-6","","10.1162/isal_a_00185","https://www.mitpressjournals.org/doi/abs/10.1162/isal_a_00185","","2019","2024-04-13 09:20:04","2024-04-13 09:20:04","2024-04-13 09:20:03","341-348","","","","","","Towards modelling social habits","","","","","MIT Press","Newcastle, United Kingdom","en","","","","","DOI.org (Crossref)","","","","C:\Users\User\Documents\99_Papers\BediaM et al\Bedia et al_2019_Towards modelling social habits.pdf","","","","","","","","","","","","","","","","","","","","","","","","","","","","","","","","","","The 2019 Conference on Artificial Life","","","","","","","","","","","","","","",""
"263FMY6H","conferencePaper","2019","Rajagopalan, Padmini; Holekamp, Kay E.; Miikkulainen, Risto","Factors that Affect the Evolution of Complex Cooperative Behavior","The 2019 Conference on Artificial Life","978-0-262-35844-6","","10.1162/isal_a_00184","https://www.mitpressjournals.org/doi/abs/10.1162/isal_a_00184","","2019","2024-04-13 09:20:04","2024-04-13 09:20:04","2024-04-13 09:20:03","333-340","","","","","","","","","","","MIT Press","Newcastle, United Kingdom","en","","","","","DOI.org (Crossref)","","","","C:\Users\User\Documents\99_Papers\RajagopalanP et al\Rajagopalan et al_2019_Factors that Affect the Evolution of Complex Cooperative Behavior.pdf","","","","","","","","","","","","","","","","","","","","","","","","","","","","","","","","","","The 2019 Conference on Artificial Life","","","","","","","","","","","","","","",""
"IUJVLS6R","conferencePaper","2019","Han, The Anh; Tran-Thanh, Long; Lynch, Simon; Cimpeanu, Theodor; Santos, Francisco C.","Promoting Cooperation through External Interference","The 2019 Conference on Artificial Life","978-0-262-35844-6","","10.1162/isal_a_00183","https://www.mitpressjournals.org/doi/abs/10.1162/isal_a_00183","","2019","2024-04-13 09:20:04","2024-04-13 09:20:04","2024-04-13 09:20:03","331-332","","","","","","","","","","","MIT Press","Newcastle, United Kingdom","en","","","","","DOI.org (Crossref)","","","","C:\Users\User\Documents\99_Papers\HanT et al\Han et al_2019_Promoting Cooperation through External Interference.pdf; C:\Users\User\Documents\99_Papers\HanT et al\Han et al_2019_Promoting Cooperation through External Interference2.pdf","","","","","","","","","","","","","","","","","","","","","","","","","","","","","","","","","","The 2019 Conference on Artificial Life","","","","","","","","","","","","","","",""
"UQSZPE3Z","conferencePaper","2019","Füchslin, Rudolf M.; Schneider, Johannes J.; Ott, Thomas; Walker, Richard","Simplified Modeling of the Evolution of Skills in a Spatially Resolved Environment","The 2019 Conference on Artificial Life","978-0-262-35844-6","","10.1162/isal_a_00182","https://www.mitpressjournals.org/doi/abs/10.1162/isal_a_00182","","2019","2024-04-13 09:20:04","2024-04-13 09:20:04","2024-04-13 09:20:03","324-330","","","","","","","","","","","MIT Press","Newcastle, United Kingdom","en","","","","","DOI.org (Crossref)","","","","C:\Users\User\Documents\99_Papers\FüchslinR et al\Füchslin et al_2019_Simplified Modeling of the Evolution of Skills in a Spatially Resolved.pdf; C:\Users\User\Documents\99_Papers\FüchslinR et al\Füchslin et al_2019_Simplified Modeling of the Evolution of Skills in a Spatially Resolved2.pdf","","","","","","","","","","","","","","","","","","","","","","","","","","","","","","","","","","The 2019 Conference on Artificial Life","","","","","","","","","","","","","","",""
"NZCGSPVK","conferencePaper","2019","Langdon, William B.; Banzhaf, Wolfgang","Continuous Long-Term Evolution of Genetic Programming","The 2019 Conference on Artificial Life","978-0-262-35844-6","","10.1162/isal_a_00191","https://www.mitpressjournals.org/doi/abs/10.1162/isal_a_00191","","2019","2024-04-13 09:20:04","2024-04-13 09:20:04","2024-04-13 09:20:03","388-395","","","","","","","","","","","MIT Press","Newcastle, United Kingdom","en","","","","","DOI.org (Crossref)","","","","C:\Users\User\Documents\99_Papers\LangdonW_BanzhafW\Langdon_Banzhaf_2019_Continuous Long-Term Evolution of Genetic Programming.pdf; C:\Users\User\Documents\99_Papers\LangdonW_BanzhafW\Langdon_Banzhaf_2019_Continuous Long-Term Evolution of Genetic Programming2.pdf","","","","","","","","","","","","","","","","","","","","","","","","","","","","","","","","","","The 2019 Conference on Artificial Life","","","","","","","","","","","","","","",""
"MK7A8C5B","conferencePaper","2019","Kovitz, Ben; Bender, David; Poffald, Marcela","Acclivation of Virtual Fitness Landscapes","The 2019 Conference on Artificial Life","978-0-262-35844-6","","10.1162/isal_a_00190","https://www.mitpressjournals.org/doi/abs/10.1162/isal_a_00190","","2019","2024-04-13 09:20:04","2024-04-13 09:20:04","2024-04-13 09:20:03","380-387","","","","","","","","","","","MIT Press","Newcastle, United Kingdom","en","","","","","DOI.org (Crossref)","","","","C:\Users\User\Documents\99_Papers\KovitzB et al\Kovitz et al_2019_Acclivation of Virtual Fitness Landscapes.pdf","","","","","","","","","","","","","","","","","","","","","","","","","","","","","","","","","","The 2019 Conference on Artificial Life","","","","","","","","","","","","","","",""
"8RJEGGQM","conferencePaper","2019","Godin-Dubois, Kevin; Cussat-Blanc, Sylvain; Duthen, Yves","Speciation under changing environments","The 2019 Conference on Artificial Life","978-0-262-35844-6","","10.1162/isal_a_00186","https://www.mitpressjournals.org/doi/abs/10.1162/isal_a_00186","","2019","2024-04-13 09:20:04","2024-04-13 09:20:04","2024-04-13 09:20:03","349-356","","","","","","","","","","","MIT Press","Newcastle, United Kingdom","en","","","","","DOI.org (Crossref)","","","","C:\Users\User\Documents\99_Papers\Godin-DuboisK et al\Godin-Dubois et al_2019_Speciation under changing environments.pdf","","","","","","","","","","","","","","","","","","","","","","","","","","","","","","","","","","The 2019 Conference on Artificial Life","","","","","","","","","","","","","","",""
"HQWWGBH5","conferencePaper","2019","Bae, Peter; Marriott, Chris","Reproductive division of labor in a colony of artificial ants","The 2019 Conference on Artificial Life","978-0-262-35844-6","","10.1162/isal_a_00180","https://www.mitpressjournals.org/doi/abs/10.1162/isal_a_00180","","2019","2024-04-13 09:20:04","2024-04-13 09:20:04","2024-04-13 09:20:03","308-315","","","","","","","","","","","MIT Press","Newcastle, United Kingdom","en","","","","","DOI.org (Crossref)","","","","C:\Users\User\Documents\99_Papers\BaeP_MarriottC\Bae_Marriott_2019_Reproductive division of labor in a colony of artificial ants.pdf","","","","","","","","","","","","","","","","","","","","","","","","","","","","","","","","","","The 2019 Conference on Artificial Life","","","","","","","","","","","","","","",""
"F8A7BAGT","conferencePaper","2019","Andras, Peter","Environmental Harshness and Fitness Improving Innovations","The 2019 Conference on Artificial Life","978-0-262-35844-6","","10.1162/isal_a_00179","https://www.mitpressjournals.org/doi/abs/10.1162/isal_a_00179","","2019","2024-04-13 09:20:04","2024-04-13 09:20:04","2024-04-13 09:20:03","300-307","","","","","","","","","","","MIT Press","Newcastle, United Kingdom","en","","","","","DOI.org (Crossref)","","","","C:\Users\User\Documents\99_Papers\AndrasP\Andras_2019_Environmental Harshness and Fitness Improving Innovations.pdf; C:\Users\User\Documents\99_Papers\AndrasP\Andras_2019_Environmental Harshness and Fitness Improving Innovations2.pdf","","","","","","","","","","","","","","","","","","","","","","","","","","","","","","","","","","The 2019 Conference on Artificial Life","","","","","","","","","","","","","","",""
"EJ5XGA8R","conferencePaper","2019","Toussaint, Nicolas; Norling, Emma; Doursat, René","Toward the Self-Organisation of Emergency Response Teams Based on Morphogenetic Network Growth","The 2019 Conference on Artificial Life","978-0-262-35844-6","","10.1162/isal_a_00177","https://www.mitpressjournals.org/doi/abs/10.1162/isal_a_00177","","2019","2024-04-13 09:20:04","2024-04-13 09:20:04","2024-04-13 09:20:03","284-291","","","","","","","","","","","MIT Press","Newcastle, United Kingdom","en","","","","","DOI.org (Crossref)","","","","C:\Users\User\Documents\99_Papers\ToussaintN et al\Toussaint et al_2019_Toward the Self-Organisation of Emergency Response Teams Based on Morphogenetic.pdf","","","","","","","","","","","","","","","","","","","","","","","","","","","","","","","","","","The 2019 Conference on Artificial Life","","","","","","","","","","","","","","",""
"WIQHATSG","conferencePaper","2019","Silverman, Eric","Convolutional Neural Networks for Cellular Automata Classification","The 2019 Conference on Artificial Life","978-0-262-35844-6","","10.1162/isal_a_00175","https://www.mitpressjournals.org/doi/abs/10.1162/isal_a_00175","","2019","2024-04-13 09:20:04","2024-04-13 09:20:04","2024-04-13 09:20:03","280-281","","","","","","","","","","","MIT Press","Newcastle, United Kingdom","en","","","","","DOI.org (Crossref)","","","","C:\Users\User\Documents\99_Papers\SilvermanE\Silverman_2019_Convolutional Neural Networks for Cellular Automata Classification.pdf; C:\Users\User\Documents\99_Papers\SilvermanE\Silverman_2019_Convolutional Neural Networks for Cellular Automata Classification2.pdf","","","","","","","","","","","","","","","","","","","","","","","","","","","","","","","","","","The 2019 Conference on Artificial Life","","","","","","","","","","","","","","",""
"4L7M4998","conferencePaper","2019","Cimpeanu, Theodor; Han, The Anh; Santos, Francisco C.","Exogenous Rewards for Promoting Cooperation in Scale-Free Networks","The 2019 Conference on Artificial Life","978-0-262-35844-6","","10.1162/isal_a_00181","https://www.mitpressjournals.org/doi/abs/10.1162/isal_a_00181","","2019","2024-04-13 09:20:04","2024-04-13 09:20:04","2024-04-13 09:20:03","316-323","","","","","","","","","","","MIT Press","Newcastle, United Kingdom","en","","","","","DOI.org (Crossref)","","","","C:\Users\User\Documents\99_Papers\CimpeanuT et al\Cimpeanu et al_2019_Exogenous Rewards for Promoting Cooperation in Scale-Free Networks.pdf; C:\Users\User\Documents\99_Papers\CimpeanuT et al\Cimpeanu et al_2019_Exogenous Rewards for Promoting Cooperation in Scale-Free Networks2.pdf","","","","","","","","","","","","","","","","","","","","","","","","","","","","","","","","","","The 2019 Conference on Artificial Life","","","","","","","","","","","","","","",""
"AAH3F2WQ","conferencePaper","2019","Williams, Lance R.","Towards Complex Artificial Life","The 2019 Conference on Artificial Life","978-0-262-35844-6","","10.1162/isal_a_00178","https://www.mitpressjournals.org/doi/abs/10.1162/isal_a_00178","","2019","2024-04-13 09:20:04","2024-04-13 09:20:04","2024-04-13 09:20:03","292-299","","","","","","","","","","","MIT Press","Newcastle, United Kingdom","en","","","","","DOI.org (Crossref)","","","","C:\Users\User\Documents\99_Papers\WilliamsL\Williams_2019_Towards Complex Artificial Life.pdf; C:\Users\User\Documents\99_Papers\WilliamsL\Williams_2019_Towards Complex Artificial Life2.pdf","","","","","","","","","","","","","","","","","","","","","","","","","","","","","","","","","","The 2019 Conference on Artificial Life","","","","","","","","","","","","","","",""
"2LHIPTCF","conferencePaper","2019","Smith, Harrison B.; Kim, Hyunju; Walker, Sara I.","Biochemical networks display universal structure across projections and levels of organization","The 2019 Conference on Artificial Life","978-0-262-35844-6","","10.1162/isal_a_00176","https://www.mitpressjournals.org/doi/abs/10.1162/isal_a_00176","","2019","2024-04-13 09:20:04","2024-04-13 09:20:04","2024-04-13 09:20:03","282-283","","","","","","","","","","","MIT Press","Newcastle, United Kingdom","en","","","","","DOI.org (Crossref)","","","","C:\Users\User\Documents\99_Papers\SmithH et al\Smith et al_2019_Biochemical networks display universal structure across projections and levels.pdf","","","","","","","","","","","","","","","","","","","","","","","","","","","","","","","","","","The 2019 Conference on Artificial Life","","","","","","","","","","","","","","",""
"DG6XLLYZ","conferencePaper","2019","Ruangdech, Suppanat; Hauert, Sabine; Homer, Martin","Inferring Swarm Models Using a Single Monitoring Robot","The 2019 Conference on Artificial Life","978-0-262-35844-6","","10.1162/isal_a_00174","https://www.mitpressjournals.org/doi/abs/10.1162/isal_a_00174","","2019","2024-04-13 09:20:04","2024-04-13 09:20:04","2024-04-13 09:20:03","278-279","","","","","","","","","","","MIT Press","Newcastle, United Kingdom","en","","","","","DOI.org (Crossref)","","","","C:\Users\User\Documents\99_Papers\RuangdechS et al\Ruangdech et al_2019_Inferring Swarm Models Using a Single Monitoring Robot.pdf","","","","","","","","","","","","","","","","","","","","","","","","","","","","","","","","","","The 2019 Conference on Artificial Life","","","","","","","","","","","","","","",""
"YSM3GRXX","conferencePaper","2019","Moore, Douglas G.; Walker, Sara I.","Inferring a Graph’s Topology from Games Played on It","The 2019 Conference on Artificial Life","978-0-262-35844-6","","10.1162/isal_a_00173","https://www.mitpressjournals.org/doi/abs/10.1162/isal_a_00173","","2019","2024-04-13 09:20:04","2024-07-18 09:07:54","2024-04-13 09:20:03","271-277","","","","","","","","","","","MIT Press","Newcastle, United Kingdom","en","","","","","DOI.org (Crossref)","","","","C:\Users\User\Documents\99_Papers\MooreD_WalkerS\Moore_Walker_2019_Inferring a Graph’s Topology from Games Played on It.pdf","","skimmed; mathematical game theory","","","","","","","","","","","","","","","","","","","","","","","","","","","","","","","","The 2019 Conference on Artificial Life","","","","","","","","","","","","","","",""
"PK44U7VB","conferencePaper","2019","McAtee, Thomas; Szabo, Claudia","Complex Systems and Artificial Life: A Decade’s Overview","The 2019 Conference on Artificial Life","978-0-262-35844-6","","10.1162/isal_a_00172","https://www.mitpressjournals.org/doi/abs/10.1162/isal_a_00172","","2019","2024-04-13 09:20:04","2024-04-13 09:20:04","2024-04-13 09:20:03","263-270","","","","","","Complex Systems and Artificial Life","","","","","MIT Press","Newcastle, United Kingdom","en","","","","","DOI.org (Crossref)","","","","C:\Users\User\Documents\99_Papers\McAteeT_SzaboC\McAtee_Szabo_2019_Complex Systems and Artificial Life.pdf","","","","","","","","","","","","","","","","","","","","","","","","","","","","","","","","","","The 2019 Conference on Artificial Life","","","","","","","","","","","","","","",""
"XS6MJ8PN","conferencePaper","2019","Egbert, Matthew; Kolezhitskiy, Yan; Virgo, Nathaniel","Steering the Growth of Adaptive Self-Preserving Dissipative Structures","The 2019 Conference on Artificial Life","978-0-262-35844-6","","10.1162/isal_a_00171","https://www.mitpressjournals.org/doi/abs/10.1162/isal_a_00171","","2019","2024-04-13 09:20:04","2024-04-13 09:20:04","2024-04-13 09:20:03","255-262","","","","","","","","","","","MIT Press","Newcastle, United Kingdom","en","","","","","DOI.org (Crossref)","","","","C:\Users\User\Documents\99_Papers\EgbertM et al\Egbert et al_2019_Steering the Growth of Adaptive Self-Preserving Dissipative Structures.pdf","","","","","","","","","","","","","","","","","","","","","","","","","","","","","","","","","","The 2019 Conference on Artificial Life","","","","","","","","","","","","","","",""
"Q4DIVN8Z","conferencePaper","2019","Wiser, Michael J; Canino-Koning, Rosangela; Ofria, Charles","Horizontal Gene Transfer Leads to Increased Task Acquisition and Genomic Modularity in Digital Organisms","The 2019 Conference on Artificial Life","978-0-262-35844-6","","10.1162/isal_a_00168","https://www.mitpressjournals.org/doi/abs/10.1162/isal_a_00168","","2019","2024-04-13 09:20:04","2024-04-13 09:20:04","2024-04-13 09:20:03","243-244","","","","","","","","","","","MIT Press","Newcastle, United Kingdom","en","","","","","DOI.org (Crossref)","","","","C:\Users\User\Documents\99_Papers\WiserM et al\Wiser et al_2019_Horizontal Gene Transfer Leads to Increased Task Acquisition and Genomic.pdf","","","","","","","","","","","","","","","","","","","","","","","","","","","","","","","","","","The 2019 Conference on Artificial Life","","","","","","","","","","","","","","",""
"N5PYYYTW","conferencePaper","2019","Scheidegger, Stephan; Fellermann, Harold","Optimizing Radiation Therapy Treatments by Exploring Tumour Ecosystem Dynamics in – silico","The 2019 Conference on Artificial Life","978-0-262-35844-6","","10.1162/isal_a_00167","https://www.mitpressjournals.org/doi/abs/10.1162/isal_a_00167","","2019","2024-04-13 09:20:04","2024-04-13 09:20:04","2024-04-13 09:20:03","236-242","","","","","","","","","","","MIT Press","Newcastle, United Kingdom","en","","","","","DOI.org (Crossref)","","","","C:\Users\User\Documents\99_Papers\ScheideggerS_FellermannH\Scheidegger_Fellermann_2019_Optimizing Radiation Therapy Treatments by Exploring Tumour Ecosystem Dynamics.pdf; C:\Users\User\Documents\99_Papers\ScheideggerS_FellermannH\Scheidegger_Fellermann_2019_Optimizing Radiation Therapy Treatments by Exploring Tumour Ecosystem Dynamics2.pdf","","","","","","","","","","","","","","","","","","","","","","","","","","","","","","","","","","The 2019 Conference on Artificial Life","","","","","","","","","","","","","","",""
"D5NEHRD4","conferencePaper","2019","Qin, Zhenyue; Gedeon, Tom; McKay, Ri (Bob)","Anomalies in the Behaviour of a Modularity Inducing Problem Domain","The 2019 Conference on Artificial Life","978-0-262-35844-6","","10.1162/isal_a_00166","https://www.mitpressjournals.org/doi/abs/10.1162/isal_a_00166","","2019","2024-04-13 09:20:04","2024-04-13 09:20:04","2024-04-13 09:20:03","228-235","","","","","","","","","","","MIT Press","Newcastle, United Kingdom","en","","","","","DOI.org (Crossref)","","","","C:\Users\User\Documents\99_Papers\QinZ et al\Qin et al_2019_Anomalies in the Behaviour of a Modularity Inducing Problem Domain.pdf","","","","","","","","","","","","","","","","","","","","","","","","","","","","","","","","","","The 2019 Conference on Artificial Life","","","","","","","","","","","","","","",""
"33YMJYRR","conferencePaper","2019","Mikami, Taishi; Asally, Munehiro; Kano, Takeshi; Ishiguro, Akio","A reaction-diffusion model for simulating the oscillatory expansion of biofilms","The 2019 Conference on Artificial Life","978-0-262-35844-6","","10.1162/isal_a_00164","https://www.mitpressjournals.org/doi/abs/10.1162/isal_a_00164","","2019","2024-04-13 09:20:04","2024-04-13 09:20:04","2024-04-13 09:20:03","218-219","","","","","","","","","","","MIT Press","Newcastle, United Kingdom","en","","","","","DOI.org (Crossref)","","","","C:\Users\User\Documents\99_Papers\MikamiT et al\Mikami et al_2019_A reaction-diffusion model for simulating the oscillatory expansion of biofilms.pdf","","","","","","","","","","","","","","","","","","","","","","","","","","","","","","","","","","The 2019 Conference on Artificial Life","","","","","","","","","","","","","","",""
"S4LXEQNH","conferencePaper","2019","Braccini, Michele; Roli, Andrea; Villani, Marco; Montagna, Sara; Serra, Roberto","A simplified model of chromatin dynamics drives differentiation process in Boolean models of GRN","The 2019 Conference on Artificial Life","978-0-262-35844-6","","10.1162/isal_a_00163","https://www.mitpressjournals.org/doi/abs/10.1162/isal_a_00163","","2019","2024-04-13 09:20:04","2024-04-13 09:20:04","2024-04-13 09:20:03","211-217","","","","","","","","","","","MIT Press","Newcastle, United Kingdom","en","","","","","DOI.org (Crossref)","","","","C:\Users\User\Documents\99_Papers\BracciniM et al\Braccini et al_2019_A simplified model of chromatin dynamics drives differentiation process in.pdf; C:\Users\User\Documents\99_Papers\BracciniM et al\Braccini et al_2019_A simplified model of chromatin dynamics drives differentiation process in2.pdf","","","","","","","","","","","","","","","","","","","","","","","","","","","","","","","","","","The 2019 Conference on Artificial Life","","","","","","","","","","","","","","",""
"CBKIL44G","conferencePaper","2019","Bohm, Clifford; Ackles, Acacia L.; Ofria, Charles; Hintze, Arend","On Sexual Selection in the Presence of Multiple Costly Displays","The 2019 Conference on Artificial Life","978-0-262-35844-6","","10.1162/isal_a_00170","https://www.mitpressjournals.org/doi/abs/10.1162/isal_a_00170","","2019","2024-04-13 09:20:04","2024-04-13 09:20:04","2024-04-13 09:20:03","247-254","","","","","","","","","","","MIT Press","Newcastle, United Kingdom","en","","","","","DOI.org (Crossref)","","","","C:\Users\User\Documents\99_Papers\BohmC et al\Bohm et al_2019_On Sexual Selection in the Presence of Multiple Costly Displays.pdf","","","","","","","","","","","","","","","","","","","","","","","","","","","","","","","","","","The 2019 Conference on Artificial Life","","","","","","","","","","","","","","",""
"5WT5FIDH","conferencePaper","2019","Bartlett, Stuart; Yung, Yuk L","Attractor Landscapes and Information Processing by Convective Obstacle Flows","The 2019 Conference on Artificial Life","978-0-262-35844-6","","10.1162/isal_a_00169","https://www.mitpressjournals.org/doi/abs/10.1162/isal_a_00169","","2019","2024-04-13 09:20:04","2024-04-13 09:20:04","2024-04-13 09:20:03","245-246","","","","","","","","","","","MIT Press","Newcastle, United Kingdom","en","","","","","DOI.org (Crossref)","","","","C:\Users\User\Documents\99_Papers\BartlettS_YungY\Bartlett_Yung_2019_Attractor Landscapes and Information Processing by Convective Obstacle Flows.pdf; C:\Users\User\Documents\99_Papers\BartlettS_YungY\Bartlett_Yung_2019_Attractor Landscapes and Information Processing by Convective Obstacle Flows2.pdf","","","","","","","","","","","","","","","","","","","","","","","","","","","","","","","","","","The 2019 Conference on Artificial Life","","","","","","","","","","","","","","",""
"6QIX8LX2","conferencePaper","2019","Mosley, Liam; Rao, Dhananjai M.","Analyzing Evolution of Avian Influenza using detailed Genotypic and Antigenic Models and Phylodynamic Simulation","The 2019 Conference on Artificial Life","978-0-262-35844-6","","10.1162/isal_a_00165","https://www.mitpressjournals.org/doi/abs/10.1162/isal_a_00165","","2019","2024-04-13 09:20:04","2024-07-18 09:09:49","2024-04-13 09:20:03","220-227","","","","","","","","","","","MIT Press","Newcastle, United Kingdom","en","","","","","DOI.org (Crossref)","","","","C:\Users\User\Documents\99_Papers\MosleyL_RaoD\Mosley_Rao_2019_Analyzing Evolution of Avian Influenza using detailed Genotypic and Antigenic.pdf","","skimmed; phylodynamic; phylogenetic; avian influenza","","","","","","","","","","","","","","","","","","","","","","","","","","","","","","","","The 2019 Conference on Artificial Life","","","","","","","","","","","","","","",""
"RCPAV2DI","conferencePaper","2019","Awad, Abubakr; Pang, Wei; Lusseau, David; Coghill, George M.","A Hexagonal Cell Automaton Model to Imitate Physarum Polycephalum Competitive Behaviour","The 2019 Conference on Artificial Life","978-0-262-35844-6","","10.1162/isal_a_00162","https://www.mitpressjournals.org/doi/abs/10.1162/isal_a_00162","","2019","2024-04-13 09:20:04","2024-04-13 09:20:04","2024-04-13 09:20:03","203-210","","","","","","","","","","","MIT Press","Newcastle, United Kingdom","en","","","","","DOI.org (Crossref)","","","","C:\Users\User\Documents\99_Papers\AwadA et al\Awad et al_2019_A Hexagonal Cell Automaton Model to Imitate Physarum Polycephalum Competitive.pdf; C:\Users\User\Documents\99_Papers\AwadA et al\Awad et al_2019_A Hexagonal Cell Automaton Model to Imitate Physarum Polycephalum Competitive2.pdf","","","","","","","","","","","","","","","","","","","","","","","","","","","","","","","","","","The 2019 Conference on Artificial Life","","","","","","","","","","","","","","",""
"DW5BY2NF","conferencePaper","2019","Araujo, Arturo; Zhang, Hanxiao; Rübben, Albert; Bentley, Peter J","Investigating the Origins of Cancer in the Intestinal Crypt with a Gene Network Agent Based Hybrid Model","The 2019 Conference on Artificial Life","978-0-262-35844-6","","10.1162/isal_a_00161","https://www.mitpressjournals.org/doi/abs/10.1162/isal_a_00161","","2019","2024-04-13 09:20:04","2024-04-13 09:20:04","2024-04-13 09:20:03","195-202","","","","","","","","","","","MIT Press","Newcastle, United Kingdom","en","","","","","DOI.org (Crossref)","","","","C:\Users\User\Documents\99_Papers\AraujoA et al\Araujo et al_2019_Investigating the Origins of Cancer in the Intestinal Crypt with a Gene Network.pdf; C:\Users\User\Documents\99_Papers\AraujoA et al\Araujo et al_2019_Investigating the Origins of Cancer in the Intestinal Crypt with a Gene Network2.pdf","","","","","","","","","","","","","","","","","","","","","","","","","","","","","","","","","","The 2019 Conference on Artificial Life","","","","","","","","","","","","","","",""
"5ZXIUHXZ","conferencePaper","2019","Santos, Fernando P.; Bloembergen, Daan","Fairness in Multiplayer Ultimatum Games Through Moderate Responder Selection","The 2019 Conference on Artificial Life","978-0-262-35844-6","","10.1162/isal_a_00160","https://www.mitpressjournals.org/doi/abs/10.1162/isal_a_00160","","2019","2024-04-13 09:20:04","2024-04-13 09:20:04","2024-04-13 09:20:03","187-194","","","","","","","","","","","MIT Press","Newcastle, United Kingdom","en","","","","","DOI.org (Crossref)","","","","C:\Users\User\Documents\99_Papers\SantosF_BloembergenD\Santos_Bloembergen_2019_Fairness in Multiplayer Ultimatum Games Through Moderate Responder Selection.pdf; C:\Users\User\Documents\99_Papers\SantosF_BloembergenD\Santos_Bloembergen_2019_Fairness in Multiplayer Ultimatum Games Through Moderate Responder Selection2.pdf","","","","","","","","","","","","","","","","","","","","","","","","","","","","","","","","","","The 2019 Conference on Artificial Life","","","","","","","","","","","","","","",""
"CAGNUXUB","conferencePaper","2019","Raimbault, Juste; Perret, Julien","Generating urban morphologies at large scales","The 2019 Conference on Artificial Life","978-0-262-35844-6","","10.1162/isal_a_00159","https://www.mitpressjournals.org/doi/abs/10.1162/isal_a_00159","","2019","2024-04-13 09:20:04","2024-07-18 09:05:13","2024-04-13 09:20:03","179-186","","","","","","","","","","","MIT Press","Newcastle, United Kingdom","en","","","","","DOI.org (Crossref)","","","","C:\Users\User\Documents\99_Papers\RaimbaultJ_PerretJ\Raimbault_Perret_2019_Generating urban morphologies at large scales.pdf; C:\Users\User\Documents\99_Papers\RaimbaultJ_PerretJ\Raimbault_Perret_2019_Generating urban morphologies at large scales2.pdf","","morphology; skimmed; urban geography","","","","","","","","","","","","","","","","","","","","","","","","","","","","","","","","The 2019 Conference on Artificial Life","","","","","","","","","","","","","","",""
"3BE5RD9U","conferencePaper","2019","Perret, Cedric; Hart, Emma; Powers, Simon T.","Being a leader or being the leader: The evolution of institutionalised hierarchy","The 2019 Conference on Artificial Life","978-0-262-35844-6","","10.1162/isal_a_00158","https://www.mitpressjournals.org/doi/abs/10.1162/isal_a_00158","","2019","2024-04-13 09:20:04","2024-04-13 09:20:04","2024-04-13 09:20:03","171-178","","","","","","Being a leader or being the leader","","","","","MIT Press","Newcastle, United Kingdom","en","","","","","DOI.org (Crossref)","","","","C:\Users\User\Documents\99_Papers\PerretC et al\Perret et al_2019_Being a leader or being the leader.pdf; C:\Users\User\Documents\99_Papers\PerretC et al\Perret et al_2019_Being a leader or being the leader2.pdf","","","","","","","","","","","","","","","","","","","","","","","","","","","","","","","","","","The 2019 Conference on Artificial Life","","","","","","","","","","","","","","",""
"BT56IN3H","conferencePaper","2019","Bianca, Ogbo Ndidi; Han, The Anh","Emergence of Coordination with Asymmetric Benefits via Prior Commitment","The 2019 Conference on Artificial Life","978-0-262-35844-6","","10.1162/isal_a_00157","https://www.mitpressjournals.org/doi/abs/10.1162/isal_a_00157","","2019","2024-04-13 09:20:04","2024-04-13 09:20:04","2024-04-13 09:20:03","163-170","","","","","","","","","","","MIT Press","Newcastle, United Kingdom","en","","","","","DOI.org (Crossref)","","","","C:\Users\User\Documents\99_Papers\BiancaO_HanT\Bianca_Han_2019_Emergence of Coordination with Asymmetric Benefits via Prior Commitment.pdf","","","","","","","","","","","","","","","","","","","","","","","","","","","","","","","","","","The 2019 Conference on Artificial Life","","","","","","","","","","","","","","",""
"WPHKRN45","conferencePaper","2019","Mamiya, Azumi; Ichinose, Genki","Only Two Types of Strategies Enforce Linear Payoff Relationships Under Observation Errors in Repeated Prisoner’s Dilemma Games","The 2019 Conference on Artificial Life","978-0-262-35844-6","","10.1162/isal_a_00156","https://www.mitpressjournals.org/doi/abs/10.1162/isal_a_00156","","2019","2024-04-13 09:20:04","2024-04-13 09:20:04","2024-04-13 09:20:03","161-162","","","","","","","","","","","MIT Press","Newcastle, United Kingdom","en","","","","","DOI.org (Crossref)","","","","C:\Users\User\Documents\99_Papers\MamiyaA_IchinoseG\Mamiya_Ichinose_2019_Only Two Types of Strategies Enforce Linear Payoff Relationships Under.pdf","","","","","","","","","","","","","","","","","","","","","","","","","","","","","","","","","","The 2019 Conference on Artificial Life","","","","","","","","","","","","","","",""
"VX6XNUR7","conferencePaper","2019","King, David W.; Esterle, Lukas; Peterson, Gilbert L.","Entropy-Based Team Self-Organization with Signal Suppression","The 2019 Conference on Artificial Life","978-0-262-35844-6","","10.1162/isal_a_00154","https://www.mitpressjournals.org/doi/abs/10.1162/isal_a_00154","","2019","2024-04-13 09:20:04","2024-04-13 09:20:04","2024-04-13 09:20:03","145-152","","","","","","","","","","","MIT Press","Newcastle, United Kingdom","en","","","","","DOI.org (Crossref)","","","","C:\Users\User\Documents\99_Papers\KingD et al\King et al_2019_Entropy-Based Team Self-Organization with Signal Suppression.pdf","","","","","","","","","","","","","","","","","","","","","","","","","","","","","","","","","","The 2019 Conference on Artificial Life","","","","","","","","","","","","","","",""
"X8DM8UTR","conferencePaper","2019","Duong, Manh Hong; Han, The Anh","On the Expected Number and Distribution of Equilibria in Multi-player Evolutionary Games","The 2019 Conference on Artificial Life","978-0-262-35844-6","","10.1162/isal_a_00153","https://www.mitpressjournals.org/doi/abs/10.1162/isal_a_00153","","2019","2024-04-13 09:20:04","2024-04-13 09:20:04","2024-04-13 09:20:03","143-144","","","","","","","","","","","MIT Press","Newcastle, United Kingdom","en","","","","","DOI.org (Crossref)","","","","C:\Users\User\Documents\99_Papers\DuongM_HanT\Duong_Han_2019_On the Expected Number and Distribution of Equilibria in Multi-player.pdf; C:\Users\User\Documents\99_Papers\DuongM_HanT\Duong_Han_2019_On the Expected Number and Distribution of Equilibria in Multi-player2.pdf","","","","","","","","","","","","","","","","","","","","","","","","","","","","","","","","","","The 2019 Conference on Artificial Life","","","","","","","","","","","","","","",""
"43MLX4BH","conferencePaper","2019","Lim, Soo Ling; Bentley, Peter J.","All in Good Team: Optimising Team Personalities for Different Dynamic Problems and Task Types","The 2019 Conference on Artificial Life","978-0-262-35844-6","","10.1162/isal_a_00155","https://www.mitpressjournals.org/doi/abs/10.1162/isal_a_00155","","2019","2024-04-13 09:20:04","2024-04-13 09:20:04","2024-04-13 09:20:03","153-160","","","","","","All in Good Team","","","","","MIT Press","Newcastle, United Kingdom","en","","","","","DOI.org (Crossref)","","","","C:\Users\User\Documents\99_Papers\LimS_BentleyP\Lim_Bentley_2019_All in Good Team.pdf; C:\Users\User\Documents\99_Papers\LimS_BentleyP\Lim_Bentley_2019_All in Good Team2.pdf","","","","","","","","","","","","","","","","","","","","","","","","","","","","","","","","","","The 2019 Conference on Artificial Life","","","","","","","","","","","","","","",""
"IHGCAE6I","conferencePaper","2019","Alalawi, Zainab; Han, The Anh; Zeng, Yifeng; Elragig, Aiman","Pathways to Good Healthcare Services and Patient Satisfaction: An Evolutionary Game Theoretical Approach","The 2019 Conference on Artificial Life","978-0-262-35844-6","","10.1162/isal_a_00152","https://www.mitpressjournals.org/doi/abs/10.1162/isal_a_00152","","2019","2024-04-13 09:20:04","2024-04-13 09:20:04","2024-04-13 09:20:03","135-142","","","","","","Pathways to Good Healthcare Services and Patient Satisfaction","","","","","MIT Press","Newcastle, United Kingdom","en","","","","","DOI.org (Crossref)","","","","C:\Users\User\Documents\99_Papers\AlalawiZ et al\Alalawi et al_2019_Pathways to Good Healthcare Services and Patient Satisfaction.pdf; C:\Users\User\Documents\99_Papers\AlalawiZ et al\Alalawi et al_2019_Pathways to Good Healthcare Services and Patient Satisfaction2.pdf","","","","","","","","","","","","","","","","","","","","","","","","","","","","","","","","","","The 2019 Conference on Artificial Life","","","","","","","","","","","","","","",""
"UM9SFS6E","conferencePaper","2019","Ackley, David H.","Building a survivable protocell for a corrosive digital environment","The 2019 Conference on Artificial Life","978-0-262-35844-6","","10.1162/isal_a_00149","https://www.mitpressjournals.org/doi/abs/10.1162/isal_a_00149","","2019","2024-04-13 09:20:04","2024-04-13 09:20:04","2024-04-13 09:20:03","111-118","","","","","","","","","","","MIT Press","Newcastle, United Kingdom","en","","","","","DOI.org (Crossref)","","","","C:\Users\User\Documents\99_Papers\AckleyD\Ackley_2019_Building a survivable protocell for a corrosive digital environment.pdf","","","","","","","","","","","","","","","","","","","","","","","","","","","","","","","","","","The 2019 Conference on Artificial Life","","","","","","","","","","","","","","",""
"BYP9EZ4N","conferencePaper","2019","Hale, Matthew F.; Buchanan, Edgar; Winfield, Alan F.; Timmis, Jon; Hart, Emma; Eiben, Agoston E.; Angus, Mike; Veenstra, Frank; Li, Wei; Woolley, Robert; De Carlo, Matteo; Tyrrell, Andy M.","The ARE Robot Fabricator: How to (Re)produce Robots that Can Evolve in the Real World","The 2019 Conference on Artificial Life","978-0-262-35844-6","","10.1162/isal_a_00147","https://www.mitpressjournals.org/doi/abs/10.1162/isal_a_00147","","2019","2024-04-13 09:20:04","2024-04-13 09:20:04","2024-04-13 09:20:03","95-102","","","","","","The ARE Robot Fabricator","","","","","MIT Press","Newcastle, United Kingdom","en","","","","","DOI.org (Crossref)","","","","C:\Users\User\Documents\99_Papers\HaleM et al\Hale et al_2019_The ARE Robot Fabricator.pdf","","","","","","","","","","","","","","","","","","","","","","","","","","","","","","","","","","The 2019 Conference on Artificial Life","","","","","","","","","","","","","","",""
"9S882RF9","conferencePaper","2019","Batta, Erasmo; Stephens, Christopher","Heuristics as Decision-making Habits of Autonomous Sensorimotor Agents","The 2019 Conference on Artificial Life","978-0-262-35844-6","","10.1162/isal_a_00144","https://www.mitpressjournals.org/doi/abs/10.1162/isal_a_00144","","2019","2024-04-13 09:20:04","2024-04-13 09:20:04","2024-04-13 09:20:03","72-78","","","","","","","","","","","MIT Press","Newcastle, United Kingdom","en","","","","","DOI.org (Crossref)","","","","C:\Users\User\Documents\99_Papers\BattaE_StephensC\Batta_Stephens_2019_Heuristics as Decision-making Habits of Autonomous Sensorimotor Agents.pdf","","","","","","","","","","","","","","","","","","","","","","","","","","","","","","","","","","The 2019 Conference on Artificial Life","","","","","","","","","","","","","","",""
"2FPXFKND","conferencePaper","2019","Suzuki, Keisuke; Schwartzman, David J.; Augusto, Rafael; Seth, Anil K.","Sensorimotor contingency modulates visual awareness of virtual 3D objects","The 2019 Conference on Artificial Life","978-0-262-35844-6","","10.1162/isal_a_00143","https://www.mitpressjournals.org/doi/abs/10.1162/isal_a_00143","","2019","2024-04-13 09:20:04","2024-04-13 09:20:04","2024-04-13 09:20:03","70-71","","","","","","","","","","","MIT Press","Newcastle, United Kingdom","en","","","","","DOI.org (Crossref)","","","","C:\Users\User\Documents\99_Papers\SuzukiK et al\Suzuki et al_2019_Sensorimotor contingency modulates visual awareness of virtual 3D objects.pdf","","","","","","","","","","","","","","","","","","","","","","","","","","","","","","","","","","The 2019 Conference on Artificial Life","","","","","","","","","","","","","","",""
"QIQ58MFV","conferencePaper","2019","Ofner, André; Stober, Sebastian","Hybrid Variational Predictive Coding as a Bridge between Human and Artificial Cognition","The 2019 Conference on Artificial Life","978-0-262-35844-6","","10.1162/isal_a_00142","https://www.mitpressjournals.org/doi/abs/10.1162/isal_a_00142","","2019","2024-04-13 09:20:04","2024-04-13 09:20:04","2024-04-13 09:20:03","68-69","","","","","","","","","","","MIT Press","Newcastle, United Kingdom","en","","","","","DOI.org (Crossref)","","","","C:\Users\User\Documents\99_Papers\OfnerA_StoberS\Ofner_Stober_2019_Hybrid Variational Predictive Coding as a Bridge between Human and Artificial.pdf","","","","","","","","","","","","","","","","","","","","","","","","","","","","","","","","","","The 2019 Conference on Artificial Life","","","","","","","","","","","","","","",""
"RFWXER8F","conferencePaper","2019","Watson, Isaac; Sebald, Angelika; Stepney, Susan","A Meta-Atom Based Sub-Symbolic Artificial Chemistry","The 2019 Conference on Artificial Life","978-0-262-35844-6","","10.1162/isal_a_00151","https://www.mitpressjournals.org/doi/abs/10.1162/isal_a_00151","","2019","2024-04-13 09:20:04","2024-04-13 09:20:04","2024-04-13 09:20:03","127-134","","","","","","","","","","","MIT Press","Newcastle, United Kingdom","en","","","","","DOI.org (Crossref)","","","","C:\Users\User\Documents\99_Papers\WatsonI et al\Watson et al_2019_A Meta-Atom Based Sub-Symbolic Artificial Chemistry.pdf","","","","","","","","","","","","","","","","","","","","","","","","","","","","","","","","","","The 2019 Conference on Artificial Life","","","","","","","","","","","","","","",""
"VANYLWR8","conferencePaper","2019","Sunehag, Peter; Lever, Guy; Liu, Siqi; Merel, Josh; Heess, Nicolas; Leibo, Joel Z.; Hughes, Edward; Eccles, Tom; Graepel, Thore","Reinforcement Learning Agents acquire Flocking and Symbiotic Behaviour in Simulated Ecosystems","The 2019 Conference on Artificial Life","978-0-262-35844-6","","10.1162/isal_a_00148","https://www.mitpressjournals.org/doi/abs/10.1162/isal_a_00148","","2019","2024-04-13 09:20:04","2024-04-13 09:20:04","2024-04-13 09:20:03","103-110","","","","","","","","","","","MIT Press","Newcastle, United Kingdom","en","","","","","DOI.org (Crossref)","","","","C:\Users\User\Documents\99_Papers\SunehagP et al\Sunehag et al_2019_Reinforcement Learning Agents acquire Flocking and Symbiotic Behaviour in.pdf","","","","","","","","","","","","","","","","","","","","","","","","","","","","","","","","","","The 2019 Conference on Artificial Life","","","","","","","","","","","","","","",""
"J8X5E7SG","conferencePaper","2019","Eliot, Neil; Kendall, David; Moon, Alun; Brockway, Michael; Amos, Martyn","Void Reduction in Self-Healing Swarms","The 2019 Conference on Artificial Life","978-0-262-35844-6","","10.1162/isal_a_00146","https://www.mitpressjournals.org/doi/abs/10.1162/isal_a_00146","","2019","2024-04-13 09:20:04","2024-04-13 09:20:04","2024-04-13 09:20:03","87-94","","","","","","","","","","","MIT Press","Newcastle, United Kingdom","en","","","","","DOI.org (Crossref)","","","","C:\Users\User\Documents\99_Papers\EliotN et al\Eliot et al_2019_Void Reduction in Self-Healing Swarms.pdf","","","","","","","","","","","","","","","","","","","","","","","","","","","","","","","","","","The 2019 Conference on Artificial Life","","","","","","","","","","","","","","",""
"LS5VVJGK","conferencePaper","2019","Campos, Jorge I.; Froese, Tom","From embodied interaction to compositional referential communication: A minimal agent-based model without dedicated communication channels","The 2019 Conference on Artificial Life","978-0-262-35844-6","","10.1162/isal_a_00145","https://www.mitpressjournals.org/doi/abs/10.1162/isal_a_00145","","2019","2024-04-13 09:20:04","2024-04-13 09:20:04","2024-04-13 09:20:03","79-86","","","","","","From embodied interaction to compositional referential communication","","","","","MIT Press","Newcastle, United Kingdom","en","","","","","DOI.org (Crossref)","","","","C:\Users\User\Documents\99_Papers\CamposJ_FroeseT\Campos_Froese_2019_From embodied interaction to compositional referential communication.pdf","","","","","","","","","","","","","","","","","","","","","","","","","","","","","","","","","","The 2019 Conference on Artificial Life","","","","","","","","","","","","","","",""
"GCUDM45E","conferencePaper","2019","Knight, James C.; Sakhapov, Daniil; Domcsek, Norbert; Dewar, Alex D.M.; Graham, Paul; Nowotny, Thomas; Philippides, Andrew","Insect-Inspired Visual Navigation On-Board an Autonomous Robot: Real-World Routes Encoded in a Single Layer Network","The 2019 Conference on Artificial Life","978-0-262-35844-6","","10.1162/isal_a_00141","https://www.mitpressjournals.org/doi/abs/10.1162/isal_a_00141","","2019","2024-04-13 09:20:04","2024-04-13 09:20:04","2024-04-13 09:20:03","60-67","","","","","","Insect-Inspired Visual Navigation On-Board an Autonomous Robot","","","","","MIT Press","Newcastle, United Kingdom","en","","","","","DOI.org (Crossref)","","","","C:\Users\User\Documents\99_Papers\KnightJ et al\Knight et al_2019_Insect-Inspired Visual Navigation On-Board an Autonomous Robot.pdf","","","","","","","","","","","","","","","","","","","","","","","","","","","","","","","","","","The 2019 Conference on Artificial Life","","","","","","","","","","","","","","",""
"7V6CRXQ2","conferencePaper","2019","Baltieri, Manuel; Buckley, Christopher L.","The dark room problem in predictive processing and active inference, a legacy of cognitivism?","The 2019 Conference on Artificial Life","978-0-262-35844-6","","10.1162/isal_a_00137","https://www.mitpressjournals.org/doi/abs/10.1162/isal_a_00137","","2019","2024-04-13 09:20:04","2024-04-13 09:20:04","2024-04-13 09:20:03","40-47","","","","","","","","","","","MIT Press","Newcastle, United Kingdom","en","","","","","DOI.org (Crossref)","","","","C:\Users\User\Documents\99_Papers\BaltieriM_BuckleyC\Baltieri_Buckley_2019_The dark room problem in predictive processing and active inference, a legacy.pdf","","","","","","","","","","","","","","","","","","","","","","","","","","","","","","","","","","The 2019 Conference on Artificial Life","","","","","","","","","","","","","","",""
"YKCU6L86","conferencePaper","2019","Siqueiros-García, Jesús M.","Cities, a conceptual framing for a synthetic perspective","The 2019 Conference on Artificial Life","978-0-262-35844-6","","10.1162/isal_a_00135","https://www.mitpressjournals.org/doi/abs/10.1162/isal_a_00135","","2019","2024-04-13 09:20:04","2024-04-13 09:20:04","2024-04-13 09:20:03","30-31","","","","","","","","","","","MIT Press","Newcastle, United Kingdom","en","","","","","DOI.org (Crossref)","","","","C:\Users\User\Documents\99_Papers\Siqueiros-GarcíaJ\Siqueiros-García_2019_Cities, a conceptual framing for a synthetic perspective.pdf","","","","","","","","","","","","","","","","","","","","","","","","","","","","","","","","","","The 2019 Conference on Artificial Life","","","","","","","","","","","","","","",""
"DIVXHQDV","conferencePaper","2019","Chitty, Darren M.; Wanner, Elizabeth; Parmar, Rakhi; Lewis, Peter R.","Can Bio-Inspired Swarm Algorithms Scale to Modern Societal Problems?","The 2019 Conference on Artificial Life","978-0-262-35844-6","","10.1162/isal_a_00132","https://www.mitpressjournals.org/doi/abs/10.1162/isal_a_00132","","2019","2024-04-13 09:20:04","2024-04-13 09:20:04","2024-04-13 09:20:03","13-20","","","","","","","","","","","MIT Press","Newcastle, United Kingdom","en","","","","","DOI.org (Crossref)","","","","C:\Users\User\Documents\99_Papers\ChittyD et al\Chitty et al_2019_Can Bio-Inspired Swarm Algorithms Scale to Modern Societal Problems.pdf","","","","","","","","","","","","","","","","","","","","","","","","","","","","","","","","","","The 2019 Conference on Artificial Life","","","","","","","","","","","","","","",""
"WFUIB5GJ","conferencePaper","2019","Kadish, David; Risi, Sebastian; Beloff, Laura","An artificial life approach to studying niche differentiation in soundscape ecology","The 2019 Conference on Artificial Life","978-0-262-35844-6","","10.1162/isal_a_00140","https://www.mitpressjournals.org/doi/abs/10.1162/isal_a_00140","","2019","2024-04-13 09:20:04","2024-04-13 09:20:04","2024-04-13 09:20:03","52-59","","","","","","","","","","","MIT Press","Newcastle, United Kingdom","en","","","","","DOI.org (Crossref)","","","","C:\Users\User\Documents\99_Papers\KadishD et al\Kadish et al_2019_An artificial life approach to studying niche differentiation in soundscape.pdf","","","","","","","","","","","","","","","","","","","","","","","","","","","","","","","","","","The 2019 Conference on Artificial Life","","","","","","","","","","","","","","",""
"BVLII5NW","conferencePaper","2019","Iizuka, Hiroyuki; Nakamoto, Yosuke; Yamamoto, Masahito","Hybrid Synthetic Approach to Animal Interaction","The 2019 Conference on Artificial Life","978-0-262-35844-6","","10.1162/isal_a_00139","https://www.mitpressjournals.org/doi/abs/10.1162/isal_a_00139","","2019","2024-04-13 09:20:04","2024-04-13 09:20:04","2024-04-13 09:20:03","50-51","","","","","","","","","","","MIT Press","Newcastle, United Kingdom","en","","","","","DOI.org (Crossref)","","","","C:\Users\User\Documents\99_Papers\IizukaH et al\Iizuka et al_2019_Hybrid Synthetic Approach to Animal Interaction.pdf","","","","","","","","","","","","","","","","","","","","","","","","","","","","","","","","","","The 2019 Conference on Artificial Life","","","","","","","","","","","","","","",""
"9QUXMAYH","conferencePaper","2019","Chen, Dominique; Ogura, Hiraku; Seong, Young Ah","NukaBot: Research and Design of a Human-Microbe Interaction Model","The 2019 Conference on Artificial Life","978-0-262-35844-6","","10.1162/isal_a_00138","https://www.mitpressjournals.org/doi/abs/10.1162/isal_a_00138","","2019","2024-04-13 09:20:04","2024-04-13 09:20:04","2024-04-13 09:20:03","48-49","","","","","","NukaBot","","","","","MIT Press","Newcastle, United Kingdom","en","","","","","DOI.org (Crossref)","","","","C:\Users\User\Documents\99_Papers\ChenD et al\Chen et al_2019_NukaBot.pdf","","","","","","","","","","","","","","","","","","","","","","","","","","","","","","","","","","The 2019 Conference on Artificial Life","","","","","","","","","","","","","","",""
"Z8GZ9I62","conferencePaper","2019","Aguilera, Miguel; Arandia-Romero, Iñigo; Heras-Escribano, Manuel","Quantifying affordances through information theory","The 2019 Conference on Artificial Life","978-0-262-35844-6","","10.1162/isal_a_00136","https://www.mitpressjournals.org/doi/abs/10.1162/isal_a_00136","","2019","2024-04-13 09:20:04","2024-04-13 09:20:04","2024-04-13 09:20:03","32-39","","","","","","","","","","","MIT Press","Newcastle, United Kingdom","en","","","","","DOI.org (Crossref)","","","","C:\Users\User\Documents\99_Papers\AguileraM et al\Aguilera et al_2019_Quantifying affordances through information theory.pdf","","","","","","","","","","","","","","","","","","","","","","","","","","","","","","","","","","The 2019 Conference on Artificial Life","","","","","","","","","","","","","","",""
"TYIAJ9S6","conferencePaper","2019","Sayama, Hiroki","Suppleness and Open-Endedness for Social Sustainability","The 2019 Conference on Artificial Life","978-0-262-35844-6","","10.1162/isal_a_00134","https://www.mitpressjournals.org/doi/abs/10.1162/isal_a_00134","","2019","2024-04-13 09:20:04","2024-04-13 09:20:04","2024-04-13 09:20:03","28-29","","","","","","","","","","","MIT Press","Newcastle, United Kingdom","en","","","","","DOI.org (Crossref)","","","","C:\Users\User\Documents\99_Papers\SayamaH\Sayama_2019_Suppleness and Open-Endedness for Social Sustainability.pdf","","","","","","","","","","","","","","","","","","","","","","","","","","","","","","","","","","The 2019 Conference on Artificial Life","","","","","","","","","","","","","","",""
"VPTTWTZ6","conferencePaper","2019","Fellermann, Harold; Penn, Alexandra S.; Füchslin, Rudolf M.; Bacardit, Jaume; Goñi-Moreno, Angel","Towards Low-Carbon Conferencing: Acceptance of Virtual Conferencing Solutions and Other Sustainability Measures in the ALIFE Community","The 2019 Conference on Artificial Life","978-0-262-35844-6","","10.1162/isal_a_00133","https://www.mitpressjournals.org/doi/abs/10.1162/isal_a_00133","","2019","2024-04-13 09:20:04","2024-04-13 09:20:04","2024-04-13 09:20:03","21-27","","","","","","Towards Low-Carbon Conferencing","","","","","MIT Press","Newcastle, United Kingdom","en","","","","","DOI.org (Crossref)","","","","C:\Users\User\Documents\99_Papers\FellermannH et al\Fellermann et al_2019_Towards Low-Carbon Conferencing.pdf","","","","","","","","","","","","","","","","","","","","","","","","","","","","","","","","","","The 2019 Conference on Artificial Life","","","","","","","","","","","","","","",""
"9FD9ZQWC","conferencePaper","2019","Serra, Roberto","On the interplay of self-replication and self-reproduction in protocells","The 2019 Conference on Artificial Life","978-0-262-35844-6","","10.1162/isal_a_00130","https://www.mitpressjournals.org/doi/abs/10.1162/isal_a_00130","","2019","2024-04-13 09:20:04","2024-04-13 09:20:04","2024-04-13 09:20:03","10-10","","","","","","","","","","","MIT Press","Newcastle, United Kingdom","en","","","","","DOI.org (Crossref)","","","","C:\Users\User\Documents\99_Papers\SerraR\Serra_2019_On the interplay of self-replication and self-reproduction in protocells.pdf","","","","","","","","","","","","","","","","","","","","","","","","","","","","","","","","","","The 2019 Conference on Artificial Life","","","","","","","","","","","","","","",""
"4NVUXIZM","conferencePaper","2019","Ieropoulos, Ioannis","Microbial Life for Robotics – towards artificial life","The 2019 Conference on Artificial Life","978-0-262-35844-6","","10.1162/isal_a_00127","https://www.mitpressjournals.org/doi/abs/10.1162/isal_a_00127","","2019","2024-04-13 09:20:04","2024-04-13 09:20:04","2024-04-13 09:20:03","7-7","","","","","","","","","","","MIT Press","Newcastle, United Kingdom","en","","","","","DOI.org (Crossref)","","","","C:\Users\User\Documents\99_Papers\IeropoulosI\Ieropoulos_2019_Microbial Life for Robotics – towards artificial life.pdf","","","","","","","","","","","","","","","","","","","","","","","","","","","","","","","","","","The 2019 Conference on Artificial Life","","","","","","","","","","","","","","",""
"GWVA6ZA3","conferencePaper","2019","Geller, Armando","Symbiotic Simulations for Decision Support","The 2019 Conference on Artificial Life","978-0-262-35844-6","","10.1162/isal_a_00126","https://www.mitpressjournals.org/doi/abs/10.1162/isal_a_00126","","2019","2024-04-13 09:20:04","2024-04-13 09:20:04","2024-04-13 09:20:03","6-6","","","","","","","","","","","MIT Press","Newcastle, United Kingdom","en","","","","","DOI.org (Crossref)","","","","C:\Users\User\Documents\99_Papers\GellerA\Geller_2019_Symbiotic Simulations for Decision Support.pdf","","","","","","","","","","","","","","","","","","","","","","","","","","","","","","","","","","The 2019 Conference on Artificial Life","","","","","","","","","","","","","","",""
"XNBKMGZR","conferencePaper","2019","Battiston, Stefano","Financial Networks in the Brave New World","The 2019 Conference on Artificial Life","978-0-262-35844-6","","10.1162/isal_a_00125","https://www.mitpressjournals.org/doi/abs/10.1162/isal_a_00125","","2019","2024-04-13 09:20:04","2024-04-13 09:20:04","2024-04-13 09:20:03","5-5","","","","","","","","","","","MIT Press","Newcastle, United Kingdom","en","","","","","DOI.org (Crossref)","","","","C:\Users\User\Documents\99_Papers\BattistonS\Battiston_2019_Financial Networks in the Brave New World.pdf","","","","","","","","","","","","","","","","","","","","","","","","","","","","","","","","","","The 2019 Conference on Artificial Life","","","","","","","","","","","","","","",""
"GZ47IUYA","conferencePaper","2019","Fellermann, Harold; Bacardit, Jaume; Goñi-Moreno, Angel; Füchslin, Rudolf M.","Artificial Life in a Challenged World","The 2019 Conference on Artificial Life","978-0-262-35844-6","","10.1162/isal_a_00123","https://www.mitpressjournals.org/doi/abs/10.1162/isal_a_00123","","2019","2024-04-13 09:20:04","2024-04-13 09:20:04","2024-04-13 09:20:03","1-3","","","","","","","","","","","MIT Press","Newcastle, United Kingdom","en","","","","","DOI.org (Crossref)","","","","C:\Users\User\Documents\99_Papers\FellermannH et al\Fellermann et al_2019_Artificial Life in a Challenged World.pdf","","","","","","","","","","","","","","","","","","","","","","","","","","","","","","","","","","The 2019 Conference on Artificial Life","","","","","","","","","","","","","","",""
"8SECUSKT","conferencePaper","2019","Barandiaran, Xabier E.","Artificial Democratic Life. Re-engineering the autonomy of the social, a research program","The 2019 Conference on Artificial Life","978-0-262-35844-6","","10.1162/isal_a_00131","https://www.mitpressjournals.org/doi/abs/10.1162/isal_a_00131","","2019","2024-04-13 09:20:04","2024-04-13 09:20:04","2024-04-13 09:20:03","11-12","","","","","","","","","","","MIT Press","Newcastle, United Kingdom","en","","","","","DOI.org (Crossref)","","","","C:\Users\User\Documents\99_Papers\BarandiaranX\Barandiaran_2019_Artificial Democratic Life.pdf","","","","","","","","","","","","","","","","","","","","","","","","","","","","","","","","","","The 2019 Conference on Artificial Life","","","","","","","","","","","","","","",""
"28ARFYUH","conferencePaper","2019","Patron, Nicola J","Engineering Plants for Farming and Pharming","The 2019 Conference on Artificial Life","978-0-262-35844-6","","10.1162/isal_a_00129","https://www.mitpressjournals.org/doi/abs/10.1162/isal_a_00129","","2019","2024-04-13 09:20:04","2024-04-13 09:20:04","2024-04-13 09:20:03","9-9","","","","","","","","","","","MIT Press","Newcastle, United Kingdom","en","","","","","DOI.org (Crossref)","","","","C:\Users\User\Documents\99_Papers\PatronN\Patron_2019_Engineering Plants for Farming and Pharming.pdf","","","","","","","","","","","","","","","","","","","","","","","","","","","","","","","","","","The 2019 Conference on Artificial Life","","","","","","","","","","","","","","",""
"DFAKFSKG","conferencePaper","2019","McMullin, Barry","Artificial Life and the Human Predicament","The 2019 Conference on Artificial Life","978-0-262-35844-6","","10.1162/isal_a_00128","https://www.mitpressjournals.org/doi/abs/10.1162/isal_a_00128","","2019","2024-04-13 09:20:04","2024-04-13 09:20:04","2024-04-13 09:20:03","8-8","","","","","","","","","","","MIT Press","Newcastle, United Kingdom","en","","","","","DOI.org (Crossref)","","","","C:\Users\User\Documents\99_Papers\McMullinB\McMullin_2019_Artificial Life and the Human Predicament.pdf","","","","","","","","","","","","","","","","","","","","","","","","","","","","","","","","","","The 2019 Conference on Artificial Life","","","","","","","","","","","","","","",""
"39AYEJXI","conferencePaper","2019","Adamala, Kate","Biology on sample size of more than one","The 2019 Conference on Artificial Life","978-0-262-35844-6","","10.1162/isal_a_00124","https://www.mitpressjournals.org/doi/abs/10.1162/isal_a_00124","","2019","2024-04-13 09:20:04","2024-04-13 09:20:04","2024-04-13 09:20:03","4-4","","","","","","","","","","","MIT Press","Newcastle, United Kingdom","en","","","","","DOI.org (Crossref)","","","","C:\Users\User\Documents\99_Papers\AdamalaK\Adamala_2019_Biology on sample size of more than one.pdf","","","","","","","","","","","","","","","","","","","","","","","","","","","","","","","","","","The 2019 Conference on Artificial Life","","","","","","","","","","","","","","",""
"BDPC57ID","conferencePaper","2019","Fellermann, Harold; Bacardit, Jaume; Goñi-Moreno, Ángel; Füchslin, Rudolf M","2019 Preface","The 2019 Conference on Artificial Life","978-0-262-35844-6","","10.1162/isal_e_00239","https://www.mitpressjournals.org/doi/abs/10.1162/isal_e_00239","","2019","2024-04-13 09:20:04","2024-04-13 09:20:04","2024-04-13 09:20:03","viii-xii","","","","","","","","","","","MIT Press","Newcastle, United Kingdom","en","","","","","DOI.org (Crossref)","","","","C:\Users\User\Documents\99_Papers\FellermannH et al\Fellermann et al_2019_2019 Preface.pdf","","","","","","","","","","","","","","","","","","","","","","","","","","","","","","","","","","The 2019 Conference on Artificial Life","","","","","","","","","","","","","","",""
"FATCRJKT","conferencePaper","2019","Lalejini, Alexander; Dolson, Emily; Bohm, Clifford; Ferguson, Austin J.; Parsons, David P.; Rainford, Penelope Faulkner; Richmond, Paul; Ofria, Charles","Data Standards for Artificial Life Software","The 2019 Conference on Artificial Life","978-0-262-35844-6","","10.1162/isal_a_00213","https://www.mitpressjournals.org/doi/abs/10.1162/isal_a_00213","","2019","2024-04-10 02:39:17","2024-04-14 09:47:28","2024-04-13 09:20:03","507-514","","","","","","","","","","","MIT Press","Newcastle, United Kingdom","en","","","","","DOI.org (Crossref)","","","","C:\Users\User\Documents\99_Papers\LalejiniA et al\Lalejini et al_2019_Data Standards for Artificial Life Software.pdf; C:\Users\User\Documents\99_Papers\LalejiniA et al\Lalejini et al_2019_Data Standards for Artificial Life Software2.pdf; C:\Users\User\Documents\99_Papers\LalejiniA et al\Lalejini et al_2019_Data Standards for Artificial Life Software3.pdf","","","","","","","","","","","","","","","","","","","","","","","","","","","","","","","","","","The 2019 Conference on Artificial Life","","","","","","","","","","","","","","",""
"TRXMXG3D","conferencePaper","2019","Faulkner Rainford, Penelope; Sebald, Angelika; Stepney, Susan","An Object Oriented Implementation of the MetaChem framework","","","","10.1162/isal_a_00150","https://dx.doi.org/10.1162/isal_a_00150","Abstract. Our MetaChem framework supports the definition and combination of artificial chemistries. Here we describe an implementation of MetaChem in an object oriented language. We briefly define MetaChem, and provide an example in the form of a toy AChem: StringCatChem. We present the class hierarchy used to define MetaChem such that the implementation can run directly from a graph description of some AChem. This matches the description given by the formal framework definition. We also describe some generic functions of MetaChem that have been implemented and used in StringCatChem. This implementation is available on GitHub.","2019-07-01","2024-04-16 02:36:50","2024-04-16 02:36:50","2024-04-16 02:36:50","119-126","","","","","","","","","","","MIT Press","","en","","","","","direct.mit.edu","","","","C:\Users\User\Documents\99_Papers\Faulkner RainfordP et al\Faulkner Rainford et al_2019_An Object Oriented Implementation of the MetaChem framework.pdf","","","","","","","","","","","","","","","","","","","","","","","","","","","","","","","","","","ALIFE 2019: The 2019 Conference on Artificial Life","","","","","","","","","","","","","","",""
"JGCZWDA5","conferencePaper","2019","Morales, Alejandro; Froese, Tom","Self-optimization in a Hopfield neural network based on the C. elegans connectome","","","","10.1162/isal_a_00200","https://dx.doi.org/10.1162/isal_a_00200","Abstract. It has recently been demonstrated that a Hopfield neural network that learns its own attractor configurations, for instance by repeatedly resetting the network to an arbitrary state and applying Hebbian learning after convergence, is able to form an associative memory of its attractors and thereby facilitate future convergences on better attractors. This process of structural self-optimization has so far only been demonstrated on relatively small artificial neural networks with random or highly regular and constrained topologies, and it remains an open question to what extent it can be generalized to more biologically realistic topologies. In this work, we therefore test this process by running it on the connectome of the widely studied nematode worm, C. elegans, the only living being whose neural system has been mapped in its entirety. Our results demonstrate, for the first time, that the self-optimization process can be generalized to bigger and biologically plausible networks. We conclude by speculating that the reset-convergence mechanism could find a biological equivalent in the sleep-wake cycle in C. elegans.","2019-07-01","2024-04-16 02:37:06","2024-04-16 02:37:06","2024-04-16 02:37:06","448-453","","","","","","","","","","","MIT Press","","en","","","","","direct.mit.edu","","","","C:\Users\User\Documents\99_Papers\MoralesA_FroeseT\Morales_Froese_2019_Self-optimization in a Hopfield neural network based on the C.pdf","","","","","","","","","","","","","","","","","","","","","","","","","","","","","","","","","","ALIFE 2019: The 2019 Conference on Artificial Life","","","","","","","","","","","","","","",""
"BFR2VCFU","conferencePaper","2019","Le, Nam","Organic Selection and Social Heredity: The Original Baldwin Effect Revisited","","","","10.1162/isal_a_00214","https://dx.doi.org/10.1162/isal_a_00214","Abstract. The so-called “Baldwin Effect” has been studied for years in the fields of Artificial Life, Cognitive Science, and Evolutionary Theory across disciplines. This idea is often conflated with genetic assimilation, and has raised controversy in trans-disciplinary scientific discourse due to the many interpretations it has. This paper revisits the “Baldwin Effect” in Baldwin’s original spirit from a joint historical, theoretical and experimental approach. Social Heredity – the inheritance of cultural knowledge via non-genetic means in Baldwin’s term – is also taken into account. I shall argue that the Baldwin Effect can occur via social heredity without necessity for genetic assimilation, instead the Baldwin Effect can promote more plasticity to facilitate future intelligence when the fidelity of social heredity is high. Computational experiments are then carried out to support the hypothesis of interest. The role of mind and intelligence in evolution and its implications in an extended synthesis of evolution are briefly discussed.","2019-07-01","2024-04-16 02:37:13","2024-04-16 02:37:13","2024-04-16 02:37:13","515-522","","","","","","Organic Selection and Social Heredity","","","","","MIT Press","","en","","","","","direct.mit.edu","","","","C:\Users\User\Documents\99_Papers\LeN\Le_2019_Organic Selection and Social Heredity2.pdf","","","","","","","","","","","","","","","","","","","","","","","","","","","","","","","","","","ALIFE 2019: The 2019 Conference on Artificial Life","","","","","","","","","","","","","","",""