"Key","Item Type","Publication Year","Author","Title","Publication Title","ISBN","ISSN","DOI","Url","Abstract Note","Date","Date Added","Date Modified","Access Date","Pages","Num Pages","Issue","Volume","Number Of Volumes","Journal Abbreviation","Short Title","Series","Series Number","Series Text","Series Title","Publisher","Place","Language","Rights","Type","Archive","Archive Location","Library Catalog","Call Number","Extra","Notes","File Attachments","Link Attachments","Manual Tags","Automatic Tags","Editor","Series Editor","Translator","Contributor","Attorney Agent","Book Author","Cast Member","Commenter","Composer","Cosponsor","Counsel","Interviewer","Producer","Recipient","Reviewed Author","Scriptwriter","Words By","Guest","Number","Edition","Running Time","Scale","Medium","Artwork Size","Filing Date","Application Number","Assignee","Issuing Authority","Country","Meeting Name","Conference Name","Court","References","Reporter","Legal Status","Priority Numbers","Programming Language","Version","System","Code","Code Number","Section","Session","Committee","History","Legislative Body"
"M3NJIUCB","conferencePaper","2022","Ogbo, Ndidi Bianca; Cimpeanu, Theodor; Di Stefano, Alessandro; Han, The Anh","Shake on It: The role of Commitments and the Evolution of Coordination in Networks of Technology Firms","","","","10.1162/isal_a_00524","https://dx.doi.org/10.1162/isal_a_00524","Abstract. Before embarking on a new collective venture, it is important to understand partners’ preferences and intentions and how strongly they commit to a common goal. Arranging prior commitments of future actions has been shown to be an evolutionary viable strategy in the context of social dilemmas. Previous works have focused on simple well-mixed population settings, for ease of analysis. Here, starting from a baseline model of a coordination game with asymmetric benefits for technology adoption in the well-mixed setting, we examine the impact of different population structures, including square lattice and scale-free (SF) networks, capturing typical homogeneous and heterogeneous network structures, on the dynamics of decision-making in the context of coordinating technology adoption. We show that, similarly to previous well-mixed analyses, prior commitments enhance coordination and the overall population payoff in structured populations, especially when the cost of commitment is justified against the benefit of coordination, and when the technology market is highly competitive. When commitments are absent, slightly higher levels of coordination and population welfare are obtained in SF than lattice. In the presence of commitments and when the market is very competitive, the overall population welfare is similar in both lattice and heterogeneous networks; though it is slightly lower in SF when the market competition is low, while social welfare suffers in a monopolistic setting. Overall, we observe that commitments can improve coordination and population welfare in structured populations, but in its presence, the outcome of evolutionary dynamics is, interestingly, not sensitive to changes in the network structure.","2022-07-18","2024-04-14 09:01:50","2024-04-14 09:01:50","2024-04-14 09:01:50","","","","","","","Shake on It","","","","","MIT Press","","en","","","","","direct.mit.edu","","","","C:\Users\User\Documents\99_Papers\OgboN et al\Ogbo et al_2022_Shake on It.pdf","","","","","","","","","","","","","","","","","","","","","","","","","","","","","","","","","","ALIFE 2022: The 2022 Conference on Artificial Life","","","","","","","","","","","","","","",""
"EBAJ7RUF","conferencePaper","2022","Krellner, Marcus; Han, The Anh","The Last One Standing? - Recent Findings on the Feasibility of Indirect Reciprocity under Private Assessment","","","","10.1162/isal_a_00523","https://dx.doi.org/10.1162/isal_a_00523","Abstract. Indirect reciprocity (IR) is an important mechanism for promoting cooperation among self-interested agents. Simplified, it means: “you help me, therefore somebody else will help you” (in contrast to direct reciprocity: “you help me; therefore I will help you”). IR can be achieved via reputation and norms. However, it was often argued that IR only works if reputations are public and does not do so under private assessment (PriA). Yet, recent papers suggest that IR under PriA is feasible, and that it has more variety and ways to improve, than have been considered before.","2022-07-18","2024-04-14 09:01:50","2024-04-14 09:01:50","2024-04-14 09:01:50","","","","","","","The Last One Standing?","","","","","MIT Press","","en","","","","","direct.mit.edu","","","","C:\Users\User\Documents\99_Papers\KrellnerM_HanT\Krellner_Han_2022_The Last One Standing.pdf","","","","","","","","","","","","","","","","","","","","","","","","","","","","","","","","","","ALIFE 2022: The 2022 Conference on Artificial Life","","","","","","","","","","","","","","",""
"URVYU73Q","conferencePaper","2022","Bennett, Chris; Lawry, Jonathan; Bullock, Seth","Exploiting Intrinsic Multi-Agent Heterogeneity for Spatial Interference Reduction in an Idealised Foraging Task","","","","10.1162/isal_a_00522","https://dx.doi.org/10.1162/isal_a_00522","Abstract. Typically, collective behaviour research has tended to focus on behaviour arising in populations of homogeneous agents. However, humans, animals, robots and software agents typically exhibit various forms of heterogeneity. In natural systems, this heterogeneity has often been associated with improved performance. In this work, we ask whether spatial interference within a population of co-operating mobile agents can be managed effectively via conflict resolution mechanisms that exploit the population’s intrinsic heterogeneity. An idealised model of foraging is presented in which a population of simulated ant-like agents is tasked with making as many journeys as possible back and forth along a route that includes tunnels that are wide enough for only one agent. Four conflict resolution schemes are used for determining which agent has priority when two or more meet within a tunnel. These schemes are tested in the context of heterogeneous populations of varying size. The findings demonstrate that a conflict resolution mechanism that exploits agent heterogeneity can achieve a significant reduction in the impact of spatial interference. However, whether or not a particular scheme is successful depends on how the heterogeneity that it exploits is implicated in the population-wide dynamics that underpin system-level performance.","2022-07-18","2024-04-14 09:01:44","2024-04-14 09:01:44","2024-04-14 09:01:44","","","","","","","","","","","","MIT Press","","en","","","","","direct.mit.edu","","","","C:\Users\User\Documents\99_Papers\BennettC et al\Bennett et al_2022_Exploiting Intrinsic Multi-Agent Heterogeneity for Spatial Interference.pdf","","","","","","","","","","","","","","","","","","","","","","","","","","","","","","","","","","ALIFE 2022: The 2022 Conference on Artificial Life","","","","","","","","","","","","","","",""
"7L9YE6X3","conferencePaper","2022","Cavuoti, Lorenzo; Sacco, Francesco; Randazzo, Ettore; Levin, Michael","Adversarial Takeover of Neural Cellular Automata","","","","10.1162/isal_a_00521","https://dx.doi.org/10.1162/isal_a_00521","Abstract. The biggest open problems in the life sciences concern the algorithms by which competent subunits (cells) could cooperate to form large-scale structures with new, system-level properties. In synthetic bioengineering, multiple cells of diverse origin can be included in chimeric constructs. To facilitate progress in this field, we sought an understanding of multi-scale decision-making by diverse subunits beyond those observed in frozen accidents of biological phylogeny: abstract models of life-as-it-can-be. Neural Cellular Automata (NCA) are a very good inspiration for understanding current and possible living organisms: researchers managed to create NCA that are able to converge to any morphology. In order to simulate a more dynamic situation, we took the NCA model and generalized it to consider multiple NCA rules. We then used this generalized model to change the behavior of a NCA by injecting other types of cells (adversaries) and letting them take over the entire organism to solve a different task. Next we demonstrate that it is possible to stop aging in an existing NCA by injecting adversaries that follow a different rule. Finally, we quantify a distance between NCAs and develop a procedure that allows us to find adversaries close to the original cells.","2022-07-18","2024-04-14 09:01:41","2024-04-14 09:01:41","2024-04-14 09:01:41","","","","","","","","","","","","MIT Press","","en","","","","","direct.mit.edu","","","","C:\Users\User\Documents\99_Papers\CavuotiL et al\Cavuoti et al_2022_Adversarial Takeover of Neural Cellular Automata.pdf","","","","","","","","","","","","","","","","","","","","","","","","","","","","","","","","","","ALIFE 2022: The 2022 Conference on Artificial Life","","","","","","","","","","","","","","",""
"H9QRZLUT","conferencePaper","2022","Pigozzi, Federico","Shape Change and Control of Pressure-based Soft Agents","","","","10.1162/isal_a_00520","https://dx.doi.org/10.1162/isal_a_00520","Abstract. Biological agents possess bodies that are mostly of soft tissues. Researchers have resorted to soft bodies to investigate Artificial Life (ALife)-related questions; similarly, a new era of soft-bodied robots has just begun. Nevertheless, because of their infinite degrees of freedom, soft bodies pose unique challenges in terms of simulation, control, and optimization. Here we propose a novel soft-bodied agents formalism, namely Pressure-based Soft Agents (PSAs): they are bodies of gas enveloped by a chain of springs and masses, with pressure pushing on the masses from inside the body. Pressure endows the agents with structure, while springs and masses simulate softness and allow the agents to assume a large gamut of shapes. Actuation takes place by changing the length of springs or modulating global pressure. We optimize the controller of PSAs for a locomotion task on hilly terrain and an escape task from a cage; the latter is particularly suitable for soft-bodied agents, as it requires the agent to contort itself to squeeze through a small aperture. Our results suggest that PSAs are indeed effective at those tasks and that controlling pressure is fundamental for shape-changing. Looking forward, we envision PSAs to play a role in the modeling of soft-bodied agents, including soft robots and biological cells.1","2022-07-18","2024-04-14 09:01:39","2024-04-14 09:01:39","2024-04-14 09:01:39","","","","","","","","","","","","MIT Press","","en","","","","","direct.mit.edu","","","","C:\Users\User\Documents\99_Papers\PigozziF\Pigozzi_2022_Shape Change and Control of Pressure-based Soft Agents.pdf","","","","","","","","","","","","","","","","","","","","","","","","","","","","","","","","","","ALIFE 2022: The 2022 Conference on Artificial Life","","","","","","","","","","","","","","",""
"H8ZK5BLY","conferencePaper","2022","Villani, Marco; D’Addese, Gianluca; Kauffman, Stuart A.; Serra, Roberto","Pseudo-attractors in Random Boolean Network Models and Single-Cell Data","","","","10.1162/isal_a_00518","https://dx.doi.org/10.1162/isal_a_00518","Abstract. In this extended abstract two novel concepts are defined in the study of Random Boolean Networks, i.e. those of “pseudoattractors” and “common sea”, and it is shown how their analogues can be measured in experimental data on gene expression in single cells.","2022-07-18","2024-04-14 09:01:38","2024-04-14 09:01:38","2024-04-14 09:01:38","","","","","","","","","","","","MIT Press","","en","","","","","direct.mit.edu","","","","C:\Users\User\Documents\99_Papers\VillaniM et al\Villani et al_2022_Pseudo-attractors in Random Boolean Network Models and Single-Cell Data.pdf","","","","","","","","","","","","","","","","","","","","","","","","","","","","","","","","","","ALIFE 2022: The 2022 Conference on Artificial Life","","","","","","","","","","","","","","",""
"H2Z96R3T","conferencePaper","2022","Duong, Manh Hong; Han, The Anh","Cost-efficiency of institutional reward and punishment in cooperation dilemmas","","","","10.1162/isal_a_00517","https://dx.doi.org/10.1162/isal_a_00517","","2022-07-18","2024-04-14 09:01:38","2024-04-14 09:01:38","2024-04-14 09:01:38","","","","","","","","","","","","MIT Press","","en","","","","","direct.mit.edu","","","","C:\Users\User\Documents\99_Papers\DuongM_HanT\Duong_Han_2022_Cost-efficiency of institutional reward and punishment in cooperation dilemmas.pdf","","","","","","","","","","","","","","","","","","","","","","","","","","","","","","","","","","ALIFE 2022: The 2022 Conference on Artificial Life","","","","","","","","","","","","","","",""
"QWBRMZTL","conferencePaper","2022","Hintze, Arend; Schossau, Jory","Towards an FPGA Accelerator for Markov Brains","","","","10.1162/isal_a_00516","https://dx.doi.org/10.1162/isal_a_00516","Abstract. The success of deep learning is to some degree based on our ability to train models quickly using GPU or TPU hardware accelerators. Markov Brains, which are also a form of neural networks, could benefit from such an acceleration as well. However, Markov Brains are optimized using genetic algorithms, which present an even higher demand on the acceleration hardware: Not only inputs to the network and its outputs need to be communicated but new network configurations have to be loaded and tested repeatedly in large numbers. FPGAs are a natural substrate to implement Markov Brains, who are already made from deterministic logic gates. Here a Markov Brain hardware accelerator is implemented and tested, showing that Markov Brains can be computed within a single clock cycle, the ultimate hardware acceleration. However, how current FPGA design and supporting development toolchains are limiting factors, and if there is a future size speed trade-off are explored here as well.","2022-07-18","2024-04-14 09:01:37","2024-04-14 09:01:37","2024-04-14 09:01:37","","","","","","","","","","","","MIT Press","","en","","","","","direct.mit.edu","","","","C:\Users\User\Documents\99_Papers\HintzeA_SchossauJ\Hintze_Schossau_2022_Towards an FPGA Accelerator for Markov Brains.pdf","","","","","","","","","","","","","","","","","","","","","","","","","","","","","","","","","","ALIFE 2022: The 2022 Conference on Artificial Life","","","","","","","","","","","","","","",""
"78RL69RB","conferencePaper","2022","Endo, Teruto; Abe, Hirotake; Oka, Mizuki","Toward automatic generation of diverse congestion control algorithms through co-evolution with simulation environments","","","","10.1162/isal_a_00515","https://dx.doi.org/10.1162/isal_a_00515","Abstract. Congestion control algorithms are used to help prevent congestion from occurring on the Internet. However, a definitive congestion control algorithm has yet to be developed. There are three reasons for this: First, the environment and usage of the Internet continue to evolve over time. Second, it is not clear what congestion control algorithms will be required as the environment evolves. Third, there is a limit to the number of the congestion control algorithms that can be developed by researchers. This paper proposes a method for automatically generating diverse congestion control algorithms and optimizing them in various environments by co-evolving network simulations as environments and congestion control algorithms as agents. In experiments conducted using co-evolution, although the algorithms generated were not on par with conventional practical congestion control algorithms, the intent of the procedures in the algorithms was interpretable from a human perspective. Furthermore, our results verify that it is possible to automatically discover a suitable environment for the evolution of a congestion control algorithm.","2022-07-18","2024-04-14 09:01:35","2024-04-14 09:01:35","2024-04-14 09:01:35","","","","","","","","","","","","MIT Press","","en","","","","","direct.mit.edu","","","","C:\Users\User\Documents\99_Papers\EndoT et al\Endo et al_2022_Toward automatic generation of diverse congestion control algorithms through.pdf","","","","","","","","","","","","","","","","","","","","","","","","","","","","","","","","","","ALIFE 2022: The 2022 Conference on Artificial Life","","","","","","","","","","","","","","",""
"YXC5A3TE","conferencePaper","2022","van der Heiden, Tessa; van Hoof, Herke; Gavves, Efstratios; Salge, Christoph","Reliably Re-Acting to Partner’s Actions with the Social Intrinsic Motivation of Transfer Empowerment","","","","10.1162/isal_a_00512","https://dx.doi.org/10.1162/isal_a_00512","Abstract. We consider multi-agent reinforcement learning (MARL) for cooperative communication and coordination tasks. MARL agents can be brittle because they can overfit their training partners’ policies. This overfitting can produce agents that adopt policies that act under the expectation that other agents will act in a certain way rather than react to their actions. Our objective is to bias the learning process towards finding reactive strategies towards other agents’ behaviors. Our method, transfer empowerment, measures the potential influence between agents’ actions. Results from three simulated cooperation scenarios support our hypothesis that transfer empowerment improves MARL performance. We discuss how transfer empowerment could be a useful principle to guide multi-agent coordination by ensuring reactiveness to one’s partner.","2022-07-18","2024-04-14 09:01:30","2024-04-14 09:01:30","2024-04-14 09:01:30","","","","","","","","","","","","MIT Press","","en","","","","","direct.mit.edu","","","","C:\Users\User\Documents\99_Papers\van der HeidenT et al\van der Heiden et al_2022_Reliably Re-Acting to Partner’s Actions with the Social Intrinsic Motivation of.pdf","","","","","","","","","","","","","","","","","","","","","","","","","","","","","","","","","","ALIFE 2022: The 2022 Conference on Artificial Life","","","","","","","","","","","","","","",""
"S8Z2YGW2","conferencePaper","2022","Nguyen, Chantal; Huang, Isabella; Peleg, Orit","Firefly-inspired vocabulary generator for communication in multi-agent systems","","","","10.1162/isal_a_00511","https://dx.doi.org/10.1162/isal_a_00511","Abstract. Fireflies’ dazzling light displays are courtship rituals: flying males announce their presence as suitable mates to the females on the ground. Their light signal is composed of a species-specific on/off fight sequence repeated periodically. However, thousands of fireflies flashing in a swarm can create immense visual clutter that hinders the detection of potential mates. A partial solution to this visual clutter problem is to flash according to sequences that are more distinct and detectable than those of other individuals. Here, we investigate how distinguishable flash sequences can co-evolve by developing a method for simulating sequences that minimize their mutual similarity with each other while minimizing their energetic cost and predation risk. This simple set of rules produces flash sequences that are remarkably similar to those of real fireflies. In particular, we observe an emergent periodicity in the resulting sequences, despite the lack of any periodicity requirements on the sequences. In addition, we demonstrate a method of reconstructing the evolutionary pressures acting on sets of firefly species. We do so by carrying out simulations that follow known phylogenetic relationships of extant species alongside their characteristic flash patterns.","2022-07-18","2024-04-14 09:01:29","2024-04-14 09:01:29","2024-04-14 09:01:29","","","","","","","","","","","","MIT Press","","en","","","","","direct.mit.edu","","","","C:\Users\User\Documents\99_Papers\NguyenC et al\Nguyen et al_2022_Firefly-inspired vocabulary generator for communication in multi-agent systems.pdf","","","","","","","","","","","","","","","","","","","","","","","","","","","","","","","","","","ALIFE 2022: The 2022 Conference on Artificial Life","","","","","","","","","","","","","","",""
"M3L8WQMP","conferencePaper","2022","Hodjat, Babak; Shahrzad, Hormoz; Miikkulainen, Risto","DIAS: A Domain-Independent Alife-Based Problem-Solving System","","","","10.1162/isal_a_00514","https://dx.doi.org/10.1162/isal_a_00514","Abstract. A domain-independent problem-solving system based on principles of Artificial Life is introduced. In this system, DIAS, the input and output dimensions of the domain are laid out in a spatial medium. A population of actors, each seeing only part of this medium, solves problems collectively in it. The process is independent of the domain and can be implemented through different kinds of actors. Through a set of experiments on various problem domains, DIAS is shown able to solve problems with different dimensionality and complexity, to require no hyperparameter tuning for new problems, and to exhibit lifelong learning, i.e. adapt rapidly to run-time changes in the problem domain, and do it better than a standard non-collective approach. DIAS therefore demonstrates a role for Alife in building scalable, general, and adaptive problem-solving systems.","2022-07-18","2024-04-14 09:01:27","2024-04-14 09:01:27","2024-04-14 09:01:27","","","","","","","DIAS","","","","","MIT Press","","en","","","","","direct.mit.edu","","","","C:\Users\User\Documents\99_Papers\HodjatB et al\Hodjat et al_2022_DIAS.pdf","","","","","","","","","","","","","","","","","","","","","","","","","","","","","","","","","","ALIFE 2022: The 2022 Conference on Artificial Life","","","","","","","","","","","","","","",""
"FTFKZ4NZ","conferencePaper","2022","Izquierdo, Eduardo J.; Severino, Gabriel J.; Merritt, Haily","Perpetual Crossers without Sensory Delay: Revisiting the Perceptual Crossing Simulation Studies","","","","10.1162/isal_a_00509","https://dx.doi.org/10.1162/isal_a_00509","Abstract. We revisit the perceptual crossing simulation studies, which are aimed at challenging methodological individualism in the analysis of social cognition by studying multi-agent real-time interactions. To date, all of these simulation studies have reported that it is practically impossible to evolve artificially a robust behavioral strategy without introducing temporal delays into the simulation. Also, all of the studies report on a single strategy: a perpetually crossing agent pair. Here, we systematically report on the evolutionary success of neural circuits on the perceptual crossing task, with and without sensory delay. We also report on two different strategies in the ensemble of successful solutions, only one of which had been discussed in the literature previously.","2022-07-18","2024-04-14 09:01:26","2024-04-14 09:01:26","2024-04-14 09:01:26","","","","","","","Perpetual Crossers without Sensory Delay","","","","","MIT Press","","en","","","","","direct.mit.edu","","","","C:\Users\User\Documents\99_Papers\IzquierdoE et al\Izquierdo et al_2022_Perpetual Crossers without Sensory Delay.pdf","","","","","","","","","","","","","","","","","","","","","","","","","","","","","","","","","","ALIFE 2022: The 2022 Conference on Artificial Life","","","","","","","","","","","","","","",""
"S4UV5PVM","conferencePaper","2022","Suda, Mikihiro; Saito, Takumi; Oka, Mizuki","Exploration and exploitation of the adjacent possible space for open-endedness","","","","10.1162/isal_a_00513","https://dx.doi.org/10.1162/isal_a_00513","","2022-07-18","2024-04-14 09:01:25","2024-04-14 09:01:25","2024-04-14 09:01:25","","","","","","","","","","","","MIT Press","","en","","","","","direct.mit.edu","","","","C:\Users\User\Documents\99_Papers\SudaM et al\Suda et al_2022_Exploration and exploitation of the adjacent possible space for open-endedness.pdf","","","","","","","","","","","","","","","","","","","","","","","","","","","","","","","","","","ALIFE 2022: The 2022 Conference on Artificial Life","","","","","","","","","","","","","","",""
"52SIN7BU","conferencePaper","2022","Nguyen, Dieu My T.; Iuzzolino, Michael L.; Peleg, Orit","Physical Obstacles Constrain Behavioral Parameter Space of Successful Localization in Honey Bee Swarms","","","","10.1162/isal_a_00507","https://dx.doi.org/10.1162/isal_a_00507","Abstract. Honey bees (Apis mellifera L.) localize the queen and aggregate into a swarm by forming a collective scenting network to directionally propagate volatile pheromone signals. Previous experiments show the robustness of this communication strategy in the presence of physical obstacles that partially block pheromone flow and the path to the queen. Specifically, there is a delay in the formation of the scenting network and aggregation compared to a simple environment without perturbations. To better understand the effect of obstacles beyond temporal dynamics, we use the experimental results as inspiration to explore how the behavioral parameter space of collective scenting responds to obstacle. We extend an agent-based model previously developed for a simple environment to account for the presence of physical obstacles. We study how individual agents with simple behavioral rules for scenting and following concentration gradients can give rise to collective localization and swarming. We show that the bees are capable of navigating the more complex environment with a physical obstacle to localize the queen and aggregate around her, but their range of behavioral parameters is more limited and less flexible as a result of the spatial density heterogeneity in the bees imposed by the obstacle.","2022-07-18","2024-04-14 09:01:24","2024-04-14 09:01:24","2024-04-14 09:01:24","","","","","","","","","","","","MIT Press","","en","","","","","direct.mit.edu","","","","C:\Users\User\Documents\99_Papers\NguyenD et al\Nguyen et al_2022_Physical Obstacles Constrain Behavioral Parameter Space of Successful.pdf","","","","","","","","","","","","","","","","","","","","","","","","","","","","","","","","","","ALIFE 2022: The 2022 Conference on Artificial Life","","","","","","","","","","","","","","",""
"UDPMMMEQ","conferencePaper","2022","Hotz, Peter E.; Schneider, Johannes J.; Casiraghi, Federica; Holler, Silvia; Hanczyc, Martin M.; Füchslin, Rudolf M.","Simulations of Vesicular Disentanglement","","","","10.1162/isal_a_00505","https://dx.doi.org/10.1162/isal_a_00505","Abstract. As part of the European Horizon 2020 project ACDC, a chemical compiler is being developed that allows the self-assembly of artificial, three-dimensional, vesicular structures to be first simulated and then translated into reality. This work reports on simulations that shed light on an important aspect: How to disentangle inter-vesicular connections?","2022-07-18","2024-04-14 09:01:24","2024-04-14 09:01:24","2024-04-14 09:01:24","","","","","","","","","","","","MIT Press","","en","","","","","direct.mit.edu","","","","C:\Users\User\Documents\99_Papers\HotzP et al\Hotz et al_2022_Simulations of Vesicular Disentanglement.pdf","","","","","","","","","","","","","","","","","","","","","","","","","","","","","","","","","","ALIFE 2022: The 2022 Conference on Artificial Life","","","","","","","","","","","","","","",""
"L8RHPGMB","conferencePaper","2022","Egbert, Matthew","Towards Adaptive Sensorimotor Autonomy: Developing a system that can adapt to its own emergent and dynamic needs","","","","10.1162/isal_a_00503","https://dx.doi.org/10.1162/isal_a_00503","","2022-07-18","2024-04-14 09:01:23","2024-04-14 09:01:23","2024-04-14 09:01:23","","","","","","","Towards Adaptive Sensorimotor Autonomy","","","","","MIT Press","","en","","","","","direct.mit.edu","","","","C:\Users\User\Documents\99_Papers\EgbertM\Egbert_2022_Towards Adaptive Sensorimotor Autonomy.pdf","","","","","","","","","","","","","","","","","","","","","","","","","","","","","","","","","","ALIFE 2022: The 2022 Conference on Artificial Life","","","","","","","","","","","","","","",""
"8CKY9FS6","conferencePaper","2022","Stefanec, Martin; Schmickl, Thomas","PPS3D: A 3D Variant of the Primordial Particle System","","","","10.1162/isal_a_00510","https://dx.doi.org/10.1162/isal_a_00510","Abstract. We demonstrate here that the morphogenetic Primordial Particle System, which was originally defined for two dimensions only, can also operate with minimal adaptations in a three-dimensional setting, producing similar life-like structures and dynamics.","2022-07-18","2024-04-14 09:01:22","2024-04-14 09:01:22","2024-04-14 09:01:22","","","","","","","PPS3D","","","","","MIT Press","","en","","","","","direct.mit.edu","","","","C:\Users\User\Documents\99_Papers\StefanecM_SchmicklT\Stefanec_Schmickl_2022_PPS3D.pdf","","","","","","","","","","","","","","","","","","","","","","","","","","","","","","","","","","ALIFE 2022: The 2022 Conference on Artificial Life","","","","","","","","","","","","","","",""
"ZIBDIR7V","conferencePaper","2022","Schneider, Johannes Josef; Faggian, Alessia; Holler, Silvia; Casiraghi, Federica; Li, Jin; Sanahuja, Lorena Cebolla; Matuttis, Hans-Georg; Hanczyc, Martin Michael; Barrow, David Anthony; Weyland, Mathias Sebastian; Flumini, Dandolo; Hotz, Peter Eggenberger; Eschle, Patrik; Diaz, Aitor Patiño; Füchslin, Rudolf Marcel","Paths in a Network of Polydisperse Spherical Droplets","","","","10.1162/isal_a_00502","https://dx.doi.org/10.1162/isal_a_00502","Abstract. We simulate the movement and agglomeration of oil droplets in water under constraints, like confinement, using a simplified stochastic-hydrodynamic model. In the analysis of the network created by the droplets in the agglomeration, we focus on the paths between pairs of droplets and compare the computational results for various system sizes.","2022-07-18","2024-04-14 09:01:21","2024-04-14 09:01:21","2024-04-14 09:01:21","","","","","","","","","","","","MIT Press","","en","","","","","direct.mit.edu","","","","C:\Users\User\Documents\99_Papers\SchneiderJ et al\Schneider et al_2022_Paths in a Network of Polydisperse Spherical Droplets.pdf","","","","","","","","","","","","","","","","","","","","","","","","","","","","","","","","","","ALIFE 2022: The 2022 Conference on Artificial Life","","","","","","","","","","","","","","",""
"7M7U6CUW","conferencePaper","2022","Herel, David; Zogatova, Dominika; Kripner, Matej; Mikolov, Tomas","Emergence of Novelty in Evolutionary Algorithms","","","","10.1162/isal_a_00501","https://dx.doi.org/10.1162/isal_a_00501","Abstract. One of the main problems of evolutionary algorithms is the convergence of the population to local minima. In this paper, we explore techniques that can avoid this problem by encouraging a diverse behavior of the agents through a shared reward system. The rewards are randomly distributed in the environment, and the agents are only rewarded for collecting them first. This leads to an emergence of a novel behavior of the agents. We introduce our approach to the maze problem and compare it to the previously proposed solution, denoted as Novelty Search (Lehman and Stanley, 2011a). We find that our solution leads to an improved performance while being significantly simpler. Building on that, we generalize the problem and apply our approach to a more advanced set of tasks, Atari Games, where we observe a similar performance quality with much less computational power needed.","2022-07-18","2024-04-14 09:01:16","2024-04-14 09:01:16","2024-04-14 09:01:16","","","","","","","","","","","","MIT Press","","en","","","","","direct.mit.edu","","","","C:\Users\User\Documents\99_Papers\HerelD et al\Herel et al_2022_Emergence of Novelty in Evolutionary Algorithms.pdf","","","","","","","","","","","","","","","","","","","","","","","","","","","","","","","","","","ALIFE 2022: The 2022 Conference on Artificial Life","","","","","","","","","","","","","","",""
"LSQENRCK","conferencePaper","2022","Bostelmann-Arp, Lukas; Mostaghim, Sanaz; Braun, Andreas; Tüting, Thomas","Multi-Objective Evolutionary Game Theory: A case study in cancer therapy","","","","10.1162/isal_a_00498","https://dx.doi.org/10.1162/isal_a_00498","Abstract. In this paper, we introduce an early concept of using multi-objective optimization to study various emerging strategies in evolutionary game theory and show its application in a case study. We aim to analyze the emergent behavior when changing the game’s environment through optimization. The multi-objective approach allows looking at the results of each model evaluation from different points of view. For the realization, we suggest the use of a multi-agent model to compute the outcome of a game. Such a model allows modeling even complex interrelationships and can be used as input to multi-objective optimization algorithms. Finally, we demonstrate a use case by optimizing therapy plans for melanoma through the incorporation of medications into a multi-agent model of concurring cell populations in the tumor micro environment.","2022-07-18","2024-04-14 09:00:26","2024-04-14 09:00:26","2024-04-14 09:00:26","","","","","","","Multi-Objective Evolutionary Game Theory","","","","","MIT Press","","en","","","","","direct.mit.edu","","","","C:\Users\User\Documents\99_Papers\Bostelmann-ArpL et al\Bostelmann-Arp et al_2022_Multi-Objective Evolutionary Game Theory.pdf","","","","","","","","","","","","","","","","","","","","","","","","","","","","","","","","","","ALIFE 2022: The 2022 Conference on Artificial Life","","","","","","","","","","","","","","",""
"X5SFK7JD","conferencePaper","2022","Denniss, Ana Rubio; Mateu, Laia Freixas; Gorochowski, Thomas; Hauert, Sabine","Q-learning for real time control of heterogeneous microagent collectives","","","","10.1162/isal_a_00497","https://dx.doi.org/10.1162/isal_a_00497","Abstract. The effective control of microscopic collectives has many promising applications, from environmental remediation to targeted drug delivery. A key challenge is understanding how to control these agents given their limited programmability, and in many cases heterogeneous dynamics. The ability to learn control strategies in real time could allow for the application of robotics solutions to drive the behaviour of microscopic collectives towards desired outcomes. Here, we demonstrate Q-learning on the closed-loop Dynamic Optical Micro-Environment (DOME) platform to control the motion of light-responsive Volvox agents. The results show that Q-learning is efficient in autonomously learning how to reduce the speed of agents on an individual basis.","2022-07-18","2024-04-14 09:00:19","2024-04-14 09:00:19","2024-04-14 09:00:19","","","","","","","","","","","","MIT Press","","en","","","","","direct.mit.edu","","","","C:\Users\User\Documents\99_Papers\DennissA et al\Denniss et al_2022_Q-learning for real time control of heterogeneous microagent collectives.pdf","","","","","","","","","","","","","","","","","","","","","","","","","","","","","","","","","","ALIFE 2022: The 2022 Conference on Artificial Life","","","","","","","","","","","","","","",""
"UGIM96JS","conferencePaper","2022","Booth, Harry; Bentley, Peter J.","The Evolution of Fractal Protein Modules in Multicellular Development","","","","10.1162/isal_a_00495","https://dx.doi.org/10.1162/isal_a_00495","Abstract. Regional specification, or pattern formation, is the process by which developing cells in different regions are switched into different developmental pathways. We investigate this process through an ALife model of multicellular development using fractal proteins, where genes are expressed into proteins comprised of subsets of the Mandelbrot Set. The resulting network of gene and protein interactions can be designed by evolution to produce specific patterns, that in turn can be used to solve problems. Here fractal gene regulatory networks are incorporated into a multicellular model of development, and tested on the morphological problem of regional specification, using Map-Elites to explore the space of solutions. The results indicate the ability of this system to learn regularities in solutions and automatically create and use developmental modules, illustrating how an artificial system can replicate some of the fundamental processes of development.","2022-07-18","2024-04-14 09:00:18","2024-04-14 09:00:18","2024-04-14 09:00:18","","","","","","","","","","","","MIT Press","","en","","","","","direct.mit.edu","","","","C:\Users\User\Documents\99_Papers\BoothH_BentleyP\Booth_Bentley_2022_The Evolution of Fractal Protein Modules in Multicellular Development.pdf","","","","","","","","","","","","","","","","","","","","","","","","","","","","","","","","","","ALIFE 2022: The 2022 Conference on Artificial Life","","","","","","","","","","","","","","",""
"3HHQHAHB","conferencePaper","2022","Matsumura, Tadayuki; Esaki, Kanako; Mizuno, Hiroyuki","Empathic Active Inference: Active Inference with Empathy Mechanism for Socially Behaved Artificial Agent","","","","10.1162/isal_a_00496","https://dx.doi.org/10.1162/isal_a_00496","Abstract. This paper proposes a method for an artificial agent to behave socially by controlling it by active inference with an empathy mechanism. Active inference is a Bayesian hypothesis for understanding the mechanism of a biological agent’s cognitive activities and is basically defined for single-agent cases. We extended active inference to the case of an agent surrounded by other agents. These other agents are not only objects of recognition but also sources of social perceptions and actions. An agent controlled with the proposed method infers the others’ expectations toward itself on the basis of an empathy mechanism and tries to act in response to the expectations. Although defining proper sociality for a given situation is difficult since it differs by situation, we define sociality as an agent behaving as others expect. Accordingly, the others surrounding the agent are teachers for the agent to learn proper sociality; thus, an agent controlled with the proposed method can learn proper sociality in a variety of situations in a unified manner. We evaluated the proposed method regarding the controlling of autonomous mobile robots (AMRs) and evaluated sociality from the trajectory of the AMRs. From the evaluation results, an agent controlled with the proposed method could behave more socially than an agent controlled by standard active inference. In two agents case, the agent controlled with the proposed method behaved in a social way that decreased travel distance of another by 13.7% and increased margin between the agents by 25.8%, even if it increased travel distance of the agent by 8.2%. They also indicate that an agent controlled with the proposed method behaves more socially when it is surrounded by altruistic others but less socially when surrounded by selfish others.","2022-07-18","2024-04-14 09:00:18","2024-04-14 09:00:18","2024-04-14 09:00:18","","","","","","","Empathic Active Inference","","","","","MIT Press","","en","","","","","direct.mit.edu","","","","C:\Users\User\Documents\99_Papers\MatsumuraT et al\Matsumura et al_2022_Empathic Active Inference.pdf","","","","","","","","","","","","","","","","","","","","","","","","","","","","","","","","","","ALIFE 2022: The 2022 Conference on Artificial Life","","","","","","","","","","","","","","",""
"PBS5I254","conferencePaper","2022","Rainford, Penny Faulkner; Porter, Barry","Lineage Selection in Mixed Populations for Genetic Improvement","","","","10.1162/isal_a_00494","https://dx.doi.org/10.1162/isal_a_00494","Abstract. Emergent Software Systems take a large pool of potential building blocks, for a given system such as a web server, and learn at runtime how best to compose selected blocks from that pool in order to maximise some utility function in each set of deployment conditions that is encountered. To support this approach, at least some building blocks in the available pool must have implementation variants – alternatives which have the same functionality but achieve it using a different approach (such as different sorting algorithms or different cache eviction policies). We can automatically derive new building block variants for our pool of potential behaviour by using genetic improvement (GI), which has long proven effective for optimisation and repair of source code. When a novel deployment environment is detected, however, it is unclear which existing building block variant(s) should be used as starting points for new a GI process to tailor a new block for that environment; in this situation it would be necessary to try one GI process from every possible existing building block variant as a starting point, a process which could be extremely expensive. In this paper we present a mixed-population approach to examine whether GI can simultaneously offer both lineage selection and optimisation to find the ideal source code for a new building block variant tailored to a given environment. Using a lowest-common-ancestor approach to producing evolvable individuals, our results demonstrate strong evidence that combined lineage selection and optimisation is viable in multiple scenarios, offering far reduced compute time to locate a good individual for a novel environment.","2022-07-18","2024-04-14 09:00:17","2024-04-14 09:00:17","2024-04-14 09:00:17","","","","","","","","","","","","MIT Press","","en","","","","","direct.mit.edu","","","","C:\Users\User\Documents\99_Papers\RainfordP_PorterB\Rainford_Porter_2022_Lineage Selection in Mixed Populations for Genetic Improvement.pdf","","","","","","","","","","","","","","","","","","","","","","","","","","","","","","","","","","ALIFE 2022: The 2022 Conference on Artificial Life","","","","","","","","","","","","","","",""
"4R7MPT8N","conferencePaper","2022","Ferigo, Andrea; Soros, L. B.; Medvet, Eric; Iacca, Giovanni","On the Entanglement between Evolvability and Fitness: an Experimental Study on Voxel-based Soft Robots","","","","10.1162/isal_a_00493","https://dx.doi.org/10.1162/isal_a_00493","Abstract. The concept of evolvability, that is the capacity to produce heritable and adaptive phenotypic variation, is crucial in the current understanding of evolution. However, while its meaning is intuitive, there is no consensus on how to quantitatively measure it. As a consequence, in evolutionary robotics, it is hard to evaluate the interplay between evolvability and fitness and its dependency on key factors like the evolutionary algorithm (EA) or the representation of the individuals. Here, we propose to use MAP-Elites, a well-established Quality Diversity EA, as a support structure for measuring evolvability and for highlighting its interplay with fitness. We map the solutions generated during the evolutionary process to a MAP-Elites-like grid and then visualize their fitness and evolvability as maps. This procedures does not affect the EA execution and can hence be applied to any EA: it only requires to have two descriptors for the solutions that can be used to meaningfully characterize them. We apply this general methodology to the case of Voxel-based Soft Robots (VSR), a kind of modular robots with a body composed of uniform elements whose volume is individually varied by the robot brain. Namely, we optimize the robots for the task of locomotion using evolutionary computation. We consider four representations, i.e., ways of transforming a genotype into a robot, two for the brain only and two for both body and brain of the VSR, and two EAs (MAP-Elites and a simple evolutionary strategy) and examine the evolvability and fitness maps. The experiments suggest that our methodology permits us to discover interesting patterns in the maps: fitness maps appear to depend more on the representation of the solution, whereas evolvability maps appear to depend more on the EA. As an aside, we find that MAP-Elites is particularly effective in the simultaneous evolution of the body and the brain of Voxel-based Soft Robots.","2022-07-18","2024-04-14 09:00:15","2024-04-14 09:00:15","2024-04-14 09:00:15","","","","","","","On the Entanglement between Evolvability and Fitness","","","","","MIT Press","","en","","","","","direct.mit.edu","","","","C:\Users\User\Documents\99_Papers\FerigoA et al\Ferigo et al_2022_On the Entanglement between Evolvability and Fitness.pdf","","","","","","","","","","","","","","","","","","","","","","","","","","","","","","","","","","ALIFE 2022: The 2022 Conference on Artificial Life","","","","","","","","","","","","","","",""
"TRATJFTL","conferencePaper","2022","Furlan, Stefano; Medvet, Eric; Nadizar, Giorgia; Pigozzi, Federico","On the Mutual Influence of Human and Artificial Life: an Experimental Investigation","","","","10.1162/isal_a_00492","https://dx.doi.org/10.1162/isal_a_00492","Abstract. Our modern world is teeming with non-biological agents, whose growing complexity brings them so close to living beings that they can be cataloged as artificial creatures, i.e., a form of Artificial Life (ALife). Ranging from disembodied intelligent agents to robots of conspicuous dimensions, all these artifacts are united by the fact that they are designed, built, and possibly trained by humans taking inspiration from natural elements. Hence, humans play a fundamental role in relation to ALife, both as creators and as final users, which calls attention to the need of studying the mutual influence of human and artificial life. Here we attempt an experimental investigation of the reciprocal effects of the human-ALife interaction. To this extent, we design an artificial world populated by life-like creatures, and resort to open-ended evolution to foster the creatures adaptation. We allow bidirectional communication between the system and humans, who can observe the artificial world and voluntarily choose to perform positive or negative actions towards the creatures populating it; those actions may have a short- or long-term impact on the artificial creatures. Our experimental results show that the creatures are capable of evolving under the influence of humans, even though the impact of the interaction remains uncertain. In addition, we find that ALife gives rise to disparate feelings in humans who interact with it, who are not always aware of the importance of their conduct.","2022-07-18","2024-04-14 09:00:15","2024-04-14 09:00:15","2024-04-14 09:00:15","","","","","","","On the Mutual Influence of Human and Artificial Life","","","","","MIT Press","","en","","","","","direct.mit.edu","","","","C:\Users\User\Documents\99_Papers\FurlanS et al\Furlan et al_2022_On the Mutual Influence of Human and Artificial Life.pdf","","","","","","","","","","","","","","","","","","","","","","","","","","","","","","","","","","ALIFE 2022: The 2022 Conference on Artificial Life","","","","","","","","","","","","","","",""
"7TIZH366","conferencePaper","2022","Hintze, Arend; Imam, Yasir; Rönnegård, Lars","Testing the Efficiency of a Genome-Wide Association Study on a Computational Evolutionary Model","","","","10.1162/isal_a_00491","https://dx.doi.org/10.1162/isal_a_00491","Abstract. Genome-wide association studies (GWAS) are a powerful tool for identifying genes. They exploit the standing genetic variation and correlate phenotypic diversity to genetic markers close to or with genes of interest. However, their power is limited when it comes to complex phenotypes caused by highly epistatically interacting genes. To improve GWAS and to develop new methods, a computational model system could prove invaluable. In the computational model system presented here, the functionality of all genes in question can be identified using knockouts. This allows the comparison between the quantitative genetics results and the functional analysis. Here the goal is to perform a pilot study to investigate to which degree such a computational model can serve as a positive control for a GWAS. Surprisingly, even though the model used here is relatively simple and uses only a few genes, the GWAS struggles to identify all relevant genes. The advantages and limitations of this approach will be discussed to improve the model for future comparisons.","2022-07-18","2024-04-14 09:00:12","2024-04-14 09:00:12","2024-04-14 09:00:12","","","","","","","","","","","","MIT Press","","en","","","","","direct.mit.edu","","","","C:\Users\User\Documents\99_Papers\HintzeA et al\Hintze et al_2022_Testing the Efficiency of a Genome-Wide Association Study on a Computational.pdf","","","","","","","","","","","","","","","","","","","","","","","","","","","","","","","","","","ALIFE 2022: The 2022 Conference on Artificial Life","","","","","","","","","","","","","","",""
"YK3I99I5","conferencePaper","2022","Schregardus, Claire; Wiser, Michael; Vostinar, Anya E.","Dirty Transmission Hypothesis: Increased Mutations During Horizontal Transmission Can Select for Increased Levels of Mutualism in Endosymbionts","","","","10.1162/isal_a_00490","https://dx.doi.org/10.1162/isal_a_00490","Abstract. A mutualistic symbiosis occurs when organisms of different species cooperate closely for a net benefit over time. Mutualistic relationships are important for human health, food production, and ecosystem maintenance. However, they can evolve to parasitism or breakdown all together and the conditions that maintain and influence them are not completely understood. Vertical and horizontal transmission of mutualistic endosymbionts are two factors that can influence the evolution of mutualism. Using the artificial life system, Symbulation, we studied the effects of different rates of mutation during horizontal transmission on mutualistic symbiosis at different levels of vertical transmission. We propose and provide evidence for the “Dirty Transmission Hypothesis”, which states that higher rates of mutation during horizontal transmission can select for increased mutualism to avoid deleterious mutation accumulation.","2022-07-18","2024-04-14 09:00:10","2024-04-14 09:00:10","2024-04-14 09:00:10","","","","","","","Dirty Transmission Hypothesis","","","","","MIT Press","","en","","","","","direct.mit.edu","","","","C:\Users\User\Documents\99_Papers\SchregardusC et al\Schregardus et al_2022_Dirty Transmission Hypothesis.pdf","","","","","","","","","","","","","","","","","","","","","","","","","","","","","","","","","","ALIFE 2022: The 2022 Conference on Artificial Life","","","","","","","","","","","","","","",""
"K3VFT686","conferencePaper","2022","Cameron, Alison; Dorchen, Seth; Doore, Sarah; Vostinar, Anya E.","Keep Your Frenemies Closer: Bacteriophage That Benefit Their Hosts Evolve to be More Temperate","","","","10.1162/isal_a_00489","https://dx.doi.org/10.1162/isal_a_00489","Abstract. Bacteriophages, also known as phages, are viruses that infect bacteria. They are found everywhere in nature, playing vital roles in microbiomes and bacterial evolution due to the selective pressure that they place on their hosts. As obligate endosymbionts, phages depend on bacteria for successful reproduction, and either destroy their hosts through lysis or are maintained within the host through lysogeny. Lysis involves reproduction within the host cell and ultimately results in the disruption or bursting of the cell to release phage progeny. Alternatively, lysogeny is the process by which phage DNA is incorporated into the host DNA or maintained alongside the host chromosome, and thus the phage reproduces when their host reproduces. Recent work has demonstrated that phages can exist along the parasitism-mutualism spectrum, prompting questions of how phage would evolve one reproductive strategy over the other, and in which conditions. In this work, we present an agent-based model of bacteriophage/bacterial co-evolution that enables lysogenized phage to directly impact their host’s fitness by using the software platform Sym-bulation. We demonstrate that a viral population with beneficial lysogenic phage can select against lytic strategies. This result has implications for bottom-up control of vital ecosystems.","2022-07-18","2024-04-14 09:00:07","2024-04-14 09:00:07","2024-04-14 09:00:07","","","","","","","Keep Your Frenemies Closer","","","","","MIT Press","","en","","","","","direct.mit.edu","","","","C:\Users\User\Documents\99_Papers\CameronA et al\Cameron et al_2022_Keep Your Frenemies Closer.pdf","","","","","","","","","","","","","","","","","","","","","","","","","","","","","","","","","","ALIFE 2022: The 2022 Conference on Artificial Life","","","","","","","","","","","","","","",""
"DF9H8E3G","conferencePaper","2022","Willkens, Thomas; Pollack, Jordan","Evolving Unbounded Neural Complexity in Pursuit-Evasion Games","","","","10.1162/isal_a_00486","https://dx.doi.org/10.1162/isal_a_00486","Abstract. We study the conditions in which the unbounded growth of complexity – measured in terms of expressed genome size – can be observed in coevolving populations of neural agents involved in different classes of interactions. To reproduce the results of prior work on the dynamics of open-ended evolution, we introduce a simple pursuit-evasion scenario that allows for the development of increasingly intricate strategies. It is shown that for some configurations of our game, fitness-proportionate selection leads to stagnation while more sophisticated coevolutionary methods produce apparently unbounded complexity growth. Analysis of behavioral patterns sheds some light on the evolutionary pressures introduced by the model. Our findings replicate many features of previously reported work; however, we observe particular dynamics that differ in important respects, challenging prior conclusions, creating new opportunities, and highlighting the need for further investigation of this domain.","2022-07-18","2024-04-14 09:00:04","2024-04-14 09:00:04","2024-04-14 09:00:04","","","","","","","","","","","","MIT Press","","en","","","","","direct.mit.edu","","","","C:\Users\User\Documents\99_Papers\WillkensT_PollackJ\Willkens_Pollack_2022_Evolving Unbounded Neural Complexity in Pursuit-Evasion Games.pdf","","","","","","","","","","","","","","","","","","","","","","","","","","","","","","","","","","ALIFE 2022: The 2022 Conference on Artificial Life","","","","","","","","","","","","","","",""
"ZRV4HPJY","conferencePaper","2022","Johnson, Kiara; Welch, Piper; Dolson, Emily; Vostinar, Anya E.","Endosymbiosis or Bust: Influence of Ectosymbiosis on Evolution of Obligate Endosymbiosis","","","","10.1162/isal_a_00488","https://dx.doi.org/10.1162/isal_a_00488","Abstract. Endosymbiosis, symbiosis in which one symbiont lives inside another, is woven throughout the history of life and the story of its evolution. From the mitochondrion residing in almost every eukaryotic cell to the gut microbiome found in every human, endosymbiosis is a cornerstone of the biological processes that sustain life on Earth. While endosym-biosis is ubiquitous, many questions about its origins remain shrouded in mystery; one question in particular regards the general conditions and possible trajectories for its evolution. Modern science has hypothesized two possible pathways for the evolution of mutualistic endosymbiosis: one where an obligate antagonism is co-opted into an obligate mutualism (Co-Opted Antagonism Hypothesis), and one where a facultative mutualism evolves into an obligate mutualism (Black Queen Hypothesis). We investigated the viability of these pathways under different environmental conditions by expanding on the evolutionary agent-based system Symbulation. Specifically, we considered the impact of ectosymbiosis on de novo evolution of obligate mutualistic endosymbiosis. We found that introducing a facultative ectosymbiotic state allows endosym-biosis to evolve in a more diverse set of environmental conditions, while also decreasing the evolution of endosymbiosis in conditions where it can evolve independently.","2022-07-18","2024-04-14 09:00:04","2024-04-14 09:00:04","2024-04-14 09:00:04","","","","","","","Endosymbiosis or Bust","","","","","MIT Press","","en","","","","","direct.mit.edu","","","","C:\Users\User\Documents\99_Papers\JohnsonK et al\Johnson et al_2022_Endosymbiosis or Bust.pdf","","","","","","","","","","","","","","","","","","","","","","","","","","","","","","","","","","ALIFE 2022: The 2022 Conference on Artificial Life","","","","","","","","","","","","","","",""
"AMKSKBGB","conferencePaper","2022","Han, The Anh; Santos, Francisco C.; Pereira, Luís Moniz; Lenaerts, Tom","Voluntary safety pledges overcome over-regulation dilemma in AI development: an evolutionary game analysis","","","","10.1162/isal_a_00484","https://dx.doi.org/10.1162/isal_a_00484","Abstract. With the introduction of Artificial Intelligence (AI) and related technologies in our daily lives, fear and anxiety about their misuse, as well as the hidden biases in their creation, have led to a demand for regulation to address such issues. Yet, blindly regulating an innovation process that is not well understood may stifle this process and reduce benefits that society might gain from the generated technology, even under the best of intentions. Starting from a baseline game-theoretical model that captures the complex ecology of choices associated with a race for domain supremacy using AI technology, we show that socially unwanted outcomes may be produced when sanctioning is applied unconditionally to risk-taking, i.e., potentially unsafe behaviours. As an alternative to resolve the detrimental effect of over-regulation, we propose a voluntary commitment approach, wherein technologists have the freedom of choice between independently pursuing their course of actions or else establishing binding agreements to act safely, with sanctioning of those that do not abide to what they have pledged. Overall, our work reveals for the first time how voluntary commitments, with sanctions either by peers or by an institution, leads to socially beneficial outcomes in all scenarios that can be envisaged in the short-term race towards domain supremacy through AI technology.","2022-07-18","2024-04-14 09:00:01","2024-04-14 09:00:01","2024-04-14 09:00:01","","","","","","","Voluntary safety pledges overcome over-regulation dilemma in AI development","","","","","MIT Press","","en","","","","","direct.mit.edu","","","","C:\Users\User\Documents\99_Papers\HanT et al\Han et al_2022_Voluntary safety pledges overcome over-regulation dilemma in AI development.pdf","","","","","","","","","","","","","","","","","","","","","","","","","","","","","","","","","","ALIFE 2022: The 2022 Conference on Artificial Life","","","","","","","","","","","","","","",""
"TGJB4TRC","conferencePaper","2022","Schoemaker, Jacob; Miras, Karine","The benefits of credit assignment in noisy video game environments","","","","10.1162/isal_a_00483","https://dx.doi.org/10.1162/isal_a_00483","Abstract. Both Evolutionary Algorithms (EAs) and Reinforcement Learning Algorithms (RLAs) have proven successful in policy optimisation tasks, however, there is scarce literature comparing their strengths and weaknesses. This makes it difficult to determine which group of algorithms is best suited for a task. This paper presents a comparison of two EAs and two RLAs in solving EvoMan - a video game playing benchmark. We test the algorithms both with and without noise introduction in the initialisation of multiple video game environments. We demonstrate that EAs reach a similar performance to RLAs in the static environments, but when noise is introduced the performance of EAs drops drastically while the performance of RLAs is much less affected.","2022-07-18","2024-04-14 09:00:00","2024-04-14 09:00:00","2024-04-14 09:00:00","","","","","","","","","","","","MIT Press","","en","","","","","direct.mit.edu","","","","C:\Users\User\Documents\99_Papers\SchoemakerJ_MirasK\Schoemaker_Miras_2022_The benefits of credit assignment in noisy video game environments.pdf","","","","","","","","","","","","","","","","","","","","","","","","","","","","","","","","","","ALIFE 2022: The 2022 Conference on Artificial Life","","","","","","","","","","","","","","",""
"NQ9NPS7E","conferencePaper","2022","Maccallum, Rob; Nitschke, Geoff","Automated Ligand Design in Simulated Molecular Docking","","","","10.1162/isal_a_00482","https://dx.doi.org/10.1162/isal_a_00482","Abstract. The drug discovery process broadly follows the sequence of high-throughput screening, optimisation, synthesis, testing, and finally, clinical trials. We investigate methods for accelerating this process with machine learning algorithms that can automatically design novel ligands for biological targets. Recent work has demonstrated the viability of deep reinforcement learning, generative adversarial networks and auto-encoders. Here, we extend state-of-the-art deep reinforcement learning molecular modification algorithms and, through the integration of molecular docking simulations, apply them to automatically design novel antagonists for the adenosine triphosphate binding site of Plasmodium falciparum phosphatidylinositol 4-kinase, an enzyme essential to the malaria parasite’s development within an infected host. We demonstrated that such an algorithm was capable of designing novel molecular graphs with better DSs than the best DSs in a set of reference molecules. There reference set here was a set of 1,011 structural analogues of napthyridine, imidazopyridazine, and aminopyradine.","2022-07-18","2024-04-14 09:00:00","2024-04-14 09:00:00","2024-04-14 09:00:00","","","","","","","","","","","","MIT Press","","en","","","","","direct.mit.edu","","","","C:\Users\User\Documents\99_Papers\MaccallumR_NitschkeG\Maccallum_Nitschke_2022_Automated Ligand Design in Simulated Molecular Docking.pdf","","","","","","","","","","","","","","","","","","","","","","","","","","","","","","","","","","ALIFE 2022: The 2022 Conference on Artificial Life","","","","","","","","","","","","","","",""
"9YVTXKTW","conferencePaper","2022","Lawry, Jonathan","Heterogeneity and Robustness in Social Learning","","","","10.1162/isal_a_00480","https://dx.doi.org/10.1162/isal_a_00480","Abstract. Social learning is an important collective behaviour in many biological and artificial systems. We investigate a model of social learning which combines two distinct processes, one relating to how individuals adapt their beliefs as a result of interacting with their peers, and one relating to when they search for and how they learn directly from evidence. For each process we introduce conservative and open-minded behaviours and combine these to obtain four social learning behaviour types. A simple truth-seeking task is considered and a three-valued model of belief states is adopted. By means of difference equation models and agent-based simulations we then investigate the performance of the different learning behaviours. We show that certain heterogeneous mixtures of behaviours result in the most robust performance for a variety of learning rates and initial conditions, and that such mixtures are well suited for social learning in dynamic environments.","2022-07-18","2024-04-14 08:59:58","2024-04-14 08:59:58","2024-04-14 08:59:58","","","","","","","","","","","","MIT Press","","en","","","","","direct.mit.edu","","","","C:\Users\User\Documents\99_Papers\LawryJ\Lawry_2022_Heterogeneity and Robustness in Social Learning.pdf","","","","","","","","","","","","","","","","","","","","","","","","","","","","","","","","","","ALIFE 2022: The 2022 Conference on Artificial Life","","","","","","","","","","","","","","",""
"B2YWT9JR","conferencePaper","2022","Stoy, Kasper","Efficiency Through GPU-based Co-Evolution of Control and Pose in Evolutionary Robotics","","","","10.1162/isal_a_00558","https://dx.doi.org/10.1162/isal_a_00558","Abstract. A key challenge in evolutionary robotics is the computational cost of evolutionary runs. The high computational cost forces researchers to rely on power-hungry computer clusters and, even with these, researchers often are faced with long evaluation cycles that make development of evolutionary experiments a time consuming and tedious effort. In this paper we address this challenge on two fronts. We have developed an evolutionary robotic engine where all individuals are evaluated in parallel using a thread-based implementation on a graphical processing unit (GPU). This engine allows us to run an evolutionary robotics experiment in seconds on a modest laptop. The second avenue of exploration is that we have used this engine to study the role of initial robot poses in fitness evaluation. We find that if we co-evolve initial pose and controller competitively, we can reduce the evaluation period of individuals significantly. Combined the evolutionary robotics engine and the co-evolutionary approach are significant demonstrations of how to make evolutionary robotics more computationally efficient.","2022-07-18","2024-04-14 08:59:56","2024-04-14 08:59:56","2024-04-14 08:59:56","","","","","","","","","","","","MIT Press","","en","","","","","direct.mit.edu","","","","C:\Users\User\Documents\99_Papers\StoyK\Stoy_2022_Efficiency Through GPU-based Co-Evolution of Control and Pose in Evolutionary.pdf","","","","","","","","","","","","","","","","","","","","","","","","","","","","","","","","","","ALIFE 2022: The 2022 Conference on Artificial Life","","","","","","","","","","","","","","",""
"YRUFR7GB","conferencePaper","2022","Holler, Silvia; Löffler, Richard; Bartlett, Stuart","The 2022 Conference on Artificial Life (full proceedings PDF)","","","","10.1162/isal_a_00557","https://dx.doi.org/10.1162/isal_a_00557","","2022-07-18","2024-04-12 15:13:43","2024-04-12 15:13:43","2024-04-12 15:13:43","","","","","","","","","","","","MIT Press","","en","","","","","direct.mit.edu","","","","C:\Users\User\Documents\99_Papers\HollerS et al\Holler et al_2022_The 2022 Conference on Artificial Life (full proceedings PDF).pdf","","","","","","","","","","","","","","","","","","","","","","","","","","","","","","","","","","ALIFE 2022: The 2022 Conference on Artificial Life","","","","","","","","","","","","","","",""
"FEY3HRWE","conferencePaper","2022","Skocelas, Katherine G.; Ferguson, Austin J.; Bohm, Clifford; Perry, Katherine; Adaji, Rosemary; Ofria, Charles","The Evolution of Genetic Robustness for Cellular Cooperation in Early Multicellular Organisms","","","","10.1162/isal_a_00536","https://dx.doi.org/10.1162/isal_a_00536","Abstract. The major evolutionary transition to multicellularity shifted the unit of selection from individual cells to multicellular organisms. Constituent cells must regulate their growth and cooperate to benefit the whole organism, even when such behaviors would have been maladaptive were they free living. Mutations that disrupt cellular cooperation can lead to various ailments, including physical deformities and cancer. Organisms therefore employ mechanisms to enforce cooperation, such as error correction, policing, and genetic robustness.We built a simulation to study this last mechanism under a range of evolutionary conditions. Specifically, we asked: How does genetic robustness against cellular cheating evolve in multicellular organisms? We focused on early multicellular organisms (with only one cell type) where cells must control their growth to avoid overwriting each other. In our model, unrestrained cells will outcompete restrained cells within an organism, but restrained cells alone will result in faster reproduction for the organism. Ultimately, we demonstrate a clear selective pressure for genetic robustness in multicellular organisms and show that this pressure increases with the total number of cells in the organism.","2022-07-18","2024-04-10 02:40:19","2024-04-14 09:48:08","2024-04-14 09:02:48","","","","","","","","","","","","MIT Press","","en","","","","","direct.mit.edu","","","","C:\Users\User\Documents\99_Papers\SkocelasK et al\Skocelas et al_2022_The Evolution of Genetic Robustness for Cellular Cooperation in Early2.pdf","","","","","","","","","","","","","","","","","","","","","","","","","","","","","","","","","","ALIFE 2022: The 2022 Conference on Artificial Life","","","","","","","","","","","","","","",""
"3JV773B5","conferencePaper","2022","Lalejini, Alexander; Ferguson, Austin J.; Grant, Nkrumah A.; Ofria, Charles","The evolution of adaptive phenotypic plasticity stabilizes populations against environmental fluctuations","","","","10.1162/isal_a_00499","https://dx.doi.org/10.1162/isal_a_00499","","2022-07-18","2024-04-10 02:39:53","2024-04-14 09:48:06","2024-04-14 09:00:27","","","","","","","","","","","","MIT Press","","en","","","","","direct.mit.edu","","","","C:\Users\User\Documents\99_Papers\LalejiniA et al\Lalejini et al_2022_The evolution of adaptive phenotypic plasticity stabilizes populations against2.pdf","","Ofria lab","","","","","","","","","","","","","","","","","","","","","","","","","","","","","","","","ALIFE 2022: The 2022 Conference on Artificial Life","","","","","","","","","","","","","","",""
"QDP6LE2T","conferencePaper","2022","Moreno, Matthew Andres; Dolson, Emily; Ofria, Charles","Hereditary Stratigraphy: Genome Annotations to Enable Phylogenetic Inference over Distributed Populations","","","","10.1162/isal_a_00550","https://dx.doi.org/10.1162/isal_a_00550","Abstract. Phylogenies provide direct accounts of the evolutionary trajectories behind evolved artifacts in genetic algorithm and artificial life systems. Phylogenetic analyses can also enable insight into evolutionary and ecological dynamics such as selection pressure and frequency-dependent selection. Traditionally, digital evolution systems have recorded data for phylogenetic analyses through perfect tracking where each birth event is recorded in a centralized data structure. This approach, however, does not easily scale to distributed computing environments where evolutionary individuals may migrate between a large number of disjoint processing elements. To provide for phylogenetic analyses in these environments, we propose an approach to enable phylogenies to be inferred via heritable genetic annotations rather than directly tracked. We introduce a “hereditary stratigraphy” algorithm that enables efficient, accurate phylogenetic reconstruction with tunable, explicit trade-offs between annotation memory footprint and reconstruction accuracy. In particular, we demonstrate an approach that enables estimation of the most recent common ancestor (MRCA) between two individuals with fixed relative accuracy irrespective of lineage depth while only requiring logarithmic annotation space complexity with respect to lineage depth. This approach can estimate, for example, MRCA generation of two genomes within 10% relative error with 95% confidence up to a depth of a trillion generations with genome annotations smaller than a kilobyte. We also simulate inference over known lineages, recovering up to 85.70% of the information contained in the original tree using 64-bit annotations.","2022-07-18","2024-04-10 02:36:24","2024-04-14 09:47:31","2024-04-14 09:04:16","","","","","","","Hereditary Stratigraphy","","","","","MIT Press","","en","","","","","direct.mit.edu","","","","C:\Users\User\Documents\99_Papers\MorenoM et al\Moreno et al_2022_Hereditary Stratigraphy2.pdf","","Ofria lab","","","","","","","","","","","","","","","","","","","","","","","","","","","","","","","","ALIFE 2022: The 2022 Conference on Artificial Life","","","","","","","","","","","","","","",""
"D2XYVBEH","conferencePaper","2022","Sayama, Hiroki","Detecting New Phase Transition Points in Large-Scale Numerical Simulations of an Adaptive Social Network Model","","","","10.1162/isal_a_00551","https://dx.doi.org/10.1162/isal_a_00551","","2022-07-18","2024-04-14 09:04:45","2024-04-14 09:35:56","2024-04-14 09:04:45","","","","","","","","","","","","MIT Press","","en","","","","","direct.mit.edu","","","","C:\Users\User\Documents\99_Papers\SayamaH\Sayama_2022_Detecting New Phase Transition Points in Large-Scale Numerical Simulations of.pdf","","ERA","","","","","","","","","","","","","","","","","","","","","","","","","","","","","","","","ALIFE 2022: The 2022 Conference on Artificial Life","","","","","","","","","","","","","","",""
"5DEZCQFN","conferencePaper","2022","Wong, Michael L.; Bartlett, Stuart","On the Trajectories of Planetary Civilizations: Asymptotic Burnout vs. Homeostatic Awakening","","","","10.1162/isal_a_00485","https://dx.doi.org/10.1162/isal_a_00485","Abstract. Previous studies show that city metrics having to do with growth, productivity, and overall energy consumption scale superlinearly, attributing this to the social nature of cities. Superlinear scaling results in crises called “singularities,” where population and energy demand tend to infinity in a finite amount of time, which must be avoided by ever more frequent “resets” or innovations that postpone the system’s collapse. Here, we place the emergence of cities and technological civilizations in the context of major evolutionary transitions. With this perspective, we hypothesize that once a planetary civilization transitions into a state that can be described as one virtually connected global city, it will face an “asymptotic burnout,” an ultimate crisis where the singularity-interval timescale becomes smaller than the timescale of innovation. If a civilization develops the capability to understand its own trajectory, it will have a window of time to affect a fundamental change to prioritize long-term homeostasis and well-being over unyielding growth—a consciously induced trajectory change or “homeostatic awakening.” We propose a new resolution to the Fermi paradox: civilizations either collapse from burnout or redirect themselves to prioritizing homeostasis, a state where cosmic expansion is no longer a goal, making them difficult to detect remotely.","2022-07-18","2024-04-14 09:00:02","2024-04-14 09:30:39","2024-04-14 09:00:02","","","","","","","On the Trajectories of Planetary Civilizations","","","","","MIT Press","","en","","","","","direct.mit.edu","","","","C:\Users\User\Documents\99_Papers\WongM_BartlettS\Wong_Bartlett_2022_On the Trajectories of Planetary Civilizations.pdf","","kardashev","","","","","","","","","","","","","","","","","","","","","","","","","","","","","","","","ALIFE 2022: The 2022 Conference on Artificial Life","","","","","","","","","","","","","","",""
"2TSBRMEC","conferencePaper","2022","Vostinar, Anya E.; Skocelas, Katherine G.; Lalejini, Alexander; Zaman, Luis","Symbiosis in Digital Evolution: A Review and Future Directions","","","","10.1162/isal_a_00481","https://dx.doi.org/10.1162/isal_a_00481","","2022-07-18","2024-04-14 08:59:59","2024-04-14 09:29:58","2024-04-14 08:59:59","","","","","","","Symbiosis in Digital Evolution","","","","","MIT Press","","en","","","","","direct.mit.edu","","","","C:\Users\User\Documents\99_Papers\VostinarA et al\Vostinar et al_2022_Symbiosis in Digital Evolution.pdf","","Ofria lab","","","","","","","","","","","","","","","","","","","","","","","","","","","","","","","","ALIFE 2022: The 2022 Conference on Artificial Life","","","","","","","","","","","","","","",""
"9VBJB3U4","conferencePaper","2022","Raimbault, Juste","Innovation and informal knowledge exchanges between firms","","","","10.1162/isal_a_00556","https://dx.doi.org/10.1162/isal_a_00556","Abstract. Firm clusters are seen as having a positive effect on innovations, what can be interpreted as economies of scale or knowledge spillovers. The processes underlying the success of these clusters remain difficult to isolate. We propose in this paper a stylised agent-based model to test the role of geographical proximity and informal knowledge exchanges between firms on the emergence of innovations. The model is run on synthetic firm clusters. Sensitivity analysis and systematic model exploration unveil a strong impact of interaction distance on innovations, with a qualitative shift when spatial interactions are more intense. Model bi-objective optimisation shows a compromise between innovation and product diversity, suggesting trade-offs for clusters in practice. This model provides thus a first basis to systematically explore the interplay between firm cluster geography and innovation, from an evolutionary perspective.","2022-07-18","2024-04-14 09:04:45","2024-04-14 09:04:45","2024-04-14 09:04:45","","","","","","","","","","","","MIT Press","","en","","","","","direct.mit.edu","","","","C:\Users\User\Documents\99_Papers\RaimbaultJ\Raimbault_2022_Innovation and informal knowledge exchanges between firms.pdf","","","","","","","","","","","","","","","","","","","","","","","","","","","","","","","","","","ALIFE 2022: The 2022 Conference on Artificial Life","","","","","","","","","","","","","","",""
"6Q358E6H","conferencePaper","2022","Khan, Imran; Sandom, Christopher","A Participatory Complex Systems Modelling Approach Towards Rewilding in the UK","","","","10.1162/isal_a_00547","https://dx.doi.org/10.1162/isal_a_00547","","2022-07-18","2024-04-14 09:04:44","2024-04-14 09:04:44","2024-04-14 09:04:44","","","","","","","","","","","","MIT Press","","en","","","","","direct.mit.edu","","","","C:\Users\User\Documents\99_Papers\KhanI_SandomC\Khan_Sandom_2022_A Participatory Complex Systems Modelling Approach Towards Rewilding in the UK.pdf","","","","","","","","","","","","","","","","","","","","","","","","","","","","","","","","","","ALIFE 2022: The 2022 Conference on Artificial Life","","","","","","","","","","","","","","",""
"4BUDQ7XU","conferencePaper","2022","Dorin, Alan; Penn, Alexandra S.; Siqueiros, Jesús M.","AgTech that doesn’t cost the Earth: Creating sustainable, ethical and effective agricultural technology that enhances its social and ecological contexts","","","","10.1162/isal_a_00544","https://dx.doi.org/10.1162/isal_a_00544","Abstract. To feed the growing human population we require increased food production and security, while using less land and causing less environmental damage. Significant changes in agriculture are needed to meet these demands. One widely touted solution is smart, Al-enhanced Agricultural Technology. In this article we argue that improved technology is insufficient to address the needs of many farmers, but that by taking a whole-of-system approach native to Artificial Life we can shift towards creating sustainable, ethical and effective AgTech. This can innovate industrial agriculture in developed nations and benefit small landholders from vulnerable communities, whilst reducing the environmental impacts of food production globally.","2022-07-18","2024-04-14 09:04:44","2024-04-14 09:04:44","2024-04-14 09:04:44","","","","","","","AgTech that doesn’t cost the Earth","","","","","MIT Press","","en","","","","","direct.mit.edu","","","","C:\Users\User\Documents\99_Papers\DorinA et al\Dorin et al_2022_AgTech that doesn’t cost the Earth.pdf","","","","","","","","","","","","","","","","","","","","","","","","","","","","","","","","","","ALIFE 2022: The 2022 Conference on Artificial Life","","","","","","","","","","","","","","",""
"XSLV4ZY2","conferencePaper","2022","Füchslin, Rudolf M.; Krütli, Pius; Ott, Thomas; Scheidegger, Stephan; Schneider, Johannes J.; Seric, Marko; Smieszek, Timo; Weyland, Mathias S.","Minimal Models for Spatially Resolved Population Dynamics – Applications to Coexistence in Multi – Trait Models","","","","10.1162/isal_a_00504","https://dx.doi.org/10.1162/isal_a_00504","Abstract. Spatial resolution is relevant for many processes in population dynamics because it may give rise to heterogeneity. Simulating the effect of space in two or three dimensions is computationally costly. Furthermore, in Euclidean space, the notion of heterogeneity is complemented by neighbourhood correlations. In this paper, we use an infinite-dimensional simplex as a minimal model of space in which heterogeneity is realized, but neighbourhood is trivial and study the coexistence of viral traits in a SIRS - model. As a function of the migration parameter, multiple regimes are observed. We further discuss the relevance of minimal models for decision support.","2022-07-18","2024-04-14 09:04:38","2024-04-14 09:04:38","2024-04-14 09:04:38","","","","","","","","","","","","MIT Press","","en","","","","","direct.mit.edu","","","","C:\Users\User\Documents\99_Papers\FüchslinR et al\Füchslin et al_2022_Minimal Models for Spatially Resolved Population Dynamics – Applications to.pdf","","","","","","","","","","","","","","","","","","","","","","","","","","","","","","","","","","ALIFE 2022: The 2022 Conference on Artificial Life","","","","","","","","","","","","","","",""
"LDNBTU4H","conferencePaper","2022","Rockbach, Jonas D.; Bluhm, Luka-Franziska; Bennewitz, Maren","Towards Hierarchical Hybrid Architectures for Human-Swarm Interaction","","","","10.1162/isal_a_00532","https://dx.doi.org/10.1162/isal_a_00532","Abstract. This contribution summarizes an integrated view on human-swarm interaction which investigates how human cognition should be joined with the distributed intelligence of robot swarms. From our perspective, a capable human-swarm hybrid that is embedded in the world can be formalized as nested agent interaction matrices that are hierarchically organized.","2022-07-18","2024-04-14 09:04:38","2024-04-14 09:04:38","2024-04-14 09:04:38","","","","","","","","","","","","MIT Press","","en","","","","","direct.mit.edu","","","","C:\Users\User\Documents\99_Papers\RockbachJ et al\Rockbach et al_2022_Towards Hierarchical Hybrid Architectures for Human-Swarm Interaction.pdf","","","","","","","","","","","","","","","","","","","","","","","","","","","","","","","","","","ALIFE 2022: The 2022 Conference on Artificial Life","","","","","","","","","","","","","","",""
"BB9XPJYH","conferencePaper","2022","Vogrin, Michael; Wood, Guilherme; Schmickl, Thomas","Modelling a Common Cognitive Bias and a Simple Heuristic to Overcome it","","","","10.1162/isal_a_00508","https://dx.doi.org/10.1162/isal_a_00508","Abstract. We emulated an experiment that shows the Einstellung-effect by building an agent-based model and developed a new heuristic that helps to overcome the effect.","2022-07-18","2024-04-14 09:04:37","2024-04-14 09:04:37","2024-04-14 09:04:37","","","","","","","","","","","","MIT Press","","en","","","","","direct.mit.edu","","","","C:\Users\User\Documents\99_Papers\VogrinM et al\Vogrin et al_2022_Modelling a Common Cognitive Bias and a Simple Heuristic to Overcome it.pdf","","","","","","","","","","","","","","","","","","","","","","","","","","","","","","","","","","ALIFE 2022: The 2022 Conference on Artificial Life","","","","","","","","","","","","","","",""
"8FM9DGMX","conferencePaper","2022","Segerståhl, Margareta; Segerståhl, Boris","Modeling the Cell as a Network of Parallel Processes—a New Approach","","","","10.1162/isal_a_00506","https://dx.doi.org/10.1162/isal_a_00506","Abstract. This study addresses the problem of combining insights from artificial life, artificial intelligence, and biology in an efficient way to form a holistic unified view of life and living systems. Today, the study of biological life has a common root object – the cell – although lacking a formal definition of it. The theory of artificial life and artificial intelligence lacks this type of a root object. Here, we present a generalized model of the real biological cell in terms of a framework that is derived from theoretical studies of life. The framework is conceptualized generally as the MIC framework (Metabolism, Information, Compartment). The result is an autopoietic model with generic systemic properties and a network structure that can be examined further from a formal system-theoretic perspective. This study introduces a new way of describing the cell, providing new kind of access to existing biological knowledge of life. It may provide new tools for more efficient utilization of biological data and knowledge in the design and study of artificial life.","2022-07-18","2024-04-14 09:04:37","2024-04-14 09:04:37","2024-04-14 09:04:37","","","","","","","","","","","","MIT Press","","en","","","","","direct.mit.edu","","","","C:\Users\User\Documents\99_Papers\SegerståhlM_SegerståhlB\Segerståhl_Segerståhl_2022_Modeling the Cell as a Network of Parallel Processes—a New Approach.pdf","","","","","","","","","","","","","","","","","","","","","","","","","","","","","","","","","","ALIFE 2022: The 2022 Conference on Artificial Life","","","","","","","","","","","","","","",""
"GJSMKGNG","conferencePaper","2022","Stano, Pasquale; Gentili, Pier Luigi; Rampioni, Giordano; Roli, Andrea; Damiano, Luisa","En route for implanting a minimal chemical perceptron into artificial cells","","","","10.1162/isal_a_00500","https://dx.doi.org/10.1162/isal_a_00500","Abstract. This paper describes a potentially rewarding research program aimed at designing, modeling, analyzing and experimentally realizing artificial cells in the wetware domain endowed with a ‘neural network’-like module for achieving minimal perception. In particular, we present a possible implementation based on bacterial phosphorylation signaling networks (dubbed as “phospho-neural network” by Hellingwerf and collaborators in 1995 ). At this initial stage only preliminary discussions are possible. The scenario we devise minimizes unrealistic assumptions and it is based on the state-of-the-art of contemporary artificial cell technology. This contribution is intended as a plan to forster the construction and the theoretical analysis of next-generation artificial cells.","2022-07-18","2024-04-14 09:04:33","2024-04-14 09:04:33","2024-04-14 09:04:33","","","","","","","","","","","","MIT Press","","en","","","","","direct.mit.edu","","","","C:\Users\User\Documents\99_Papers\StanoP et al\Stano et al_2022_En route for implanting a minimal chemical perceptron into artificial cells.pdf","","","","","","","","","","","","","","","","","","","","","","","","","","","","","","","","","","ALIFE 2022: The 2022 Conference on Artificial Life","","","","","","","","","","","","","","",""
"WQXV3TQK","conferencePaper","2022","Harvey, Inman","Navigating blind without a map: models of active wayfinding","","","","10.1162/isal_a_00487","https://dx.doi.org/10.1162/isal_a_00487","Abstract. Maps are useful for navigation if (i) there is adequate known detail provided on the map, (ii) your present location on the map is known as is (iii) the location of your goal. Many natural examples of successful navigation, such as seasonal bird migration across continents and oceans, lack some or all of these. Success requires some strategy for continuously governing the direction of movement according to continuous sampling of available sensory cues. If sensory cues are strictly local, an instantaneous snapshot often gives insufficient guidance on the course to steer. Some form of active perception is needed, where motion gives rise to cues as to whether the current course needs to change. We illustrate with one old and two novel examples of increasing complexity: (A) Run-and-Tumble strategies, such as used by e. Coli, allowing the detection of local gradients. (B) Swerve-Zone, a novel artificial life model of bird migration showing how region-wide cues, even in the absence of discernible local gradients, can nevertheless still guide. And (C) Parting-the-Waves, a proposed strategy for exploiting the wave patterns underlying long-distance steering as used by Micronesian navigators, showing how the boat motion is essential for discriminating between swells. All three depend on some default motion; when stationary, you cannot sense where the goal lies. They exploit motion in different ways, but all simplify navigational search into tractable forms apparently amenable to evolution.","2022-07-18","2024-04-14 09:04:32","2024-04-14 09:04:32","2024-04-14 09:04:32","","","","","","","Navigating blind without a map","","","","","MIT Press","","en","","","","","direct.mit.edu","","","","C:\Users\User\Documents\99_Papers\HarveyI\Harvey_2022_Navigating blind without a map.pdf","","","","","","","","","","","","","","","","","","","","","","","","","","","","","","","","","","ALIFE 2022: The 2022 Conference on Artificial Life","","","","","","","","","","","","","","",""
"UG3GBU4I","conferencePaper","2022","Breithaupt, Kira; Leite, Abe","Analogical comparison of circuits generating a multiply realizable walking behavior","","","","10.1162/isal_a_00555","https://dx.doi.org/10.1162/isal_a_00555","Abstract. An understanding of analogy and the multiple realizability of concepts, ideas, and experience is necessary to understand cognition and the generation of behavior even at the most abstract levels. One of the most fundamental questions one can ask about a pair of neural circuits is whether they are doing the same thing or different things. Our work addresses this question by applying a model of sequential narrative analogy, Net-MATCH, to neural circuits evolved to perform a simple locomotion task. Along the way, we develop a measure of the “experience” of a neural circuit performing a behavior we call its functional trace. We find (i) that Net-MATCH reports strong analogies between some, but not all, neural circuits that perform the walking behavior, (ii) that it finds stronger analogies between circuits of the same class (as reported in previous work on this problem space) than circuits of different classes, and (iii) that it reveals strong analogies between circuits of the previously-reported BS-switch and SW-switch classes, even though these classes are of different circuit sizes. We conclude that Net-MATCH is a powerful tool for understanding the multiple realizability of behavior.","2022-07-18","2024-04-14 09:04:24","2024-04-14 09:04:24","2024-04-14 09:04:24","","","","","","","","","","","","MIT Press","","en","","","","","direct.mit.edu","","","","C:\Users\User\Documents\99_Papers\BreithauptK_LeiteA\Breithaupt_Leite_2022_Analogical comparison of circuits generating a multiply realizable walking.pdf","","","","","","","","","","","","","","","","","","","","","","","","","","","","","","","","","","ALIFE 2022: The 2022 Conference on Artificial Life","","","","","","","","","","","","","","",""
"98B6VP3Y","conferencePaper","2022","Rodriguez, Fernando","Inside looking out","","","","10.1162/isal_a_00519","https://dx.doi.org/10.1162/isal_a_00519","Abstract. One of the defining, foundational axes of enactivism was its emphasis on the necessary relation between cognition and phenomenological experience, assumedly rooted on the particular, organizationally recursive nature of autonomous systems. However, in spite of many advances, there is no conclusive understanding about the emergence of this experiential dimension yet; a conundrum that has lead to contrasting positions within the framework. In this context, we suggest that an enactive, not fully committed interpretation of ideas from the Integrated Information Theory of Consciousness (IIT) may result fruitful; In particular, the formal notions of intrinsic information and integration as indicative of an intrinsic perspective and emergence respectively.","2022-07-18","2024-04-14 09:04:24","2024-04-14 09:04:24","2024-04-14 09:04:24","","","","","","","","","","","","MIT Press","","en","","","","","direct.mit.edu","","","","C:\Users\User\Documents\99_Papers\RodriguezF\Rodriguez_2022_Inside looking out.pdf","","","","","","","","","","","","","","","","","","","","","","","","","","","","","","","","","","ALIFE 2022: The 2022 Conference on Artificial Life","","","","","","","","","","","","","","",""
"HKUBRUN7","conferencePaper","2022","Hodge, Shakeal; Ren, Zhen; Vostinar, Anya; Dolson, Emily","Evolutionary stability of host-endosymbiont mutualism is reduced by multi-infection","","","","10.1162/isal_a_00554","https://dx.doi.org/10.1162/isal_a_00554","","2022-07-18","2024-04-14 09:04:23","2024-04-14 09:04:23","2024-04-14 09:04:23","","","","","","","","","","","","MIT Press","","en","","","","","direct.mit.edu","","","","C:\Users\User\Documents\99_Papers\HodgeS et al\Hodge et al_2022_Evolutionary stability of host-endosymbiont mutualism is reduced by.pdf","","","","","","","","","","","","","","","","","","","","","","","","","","","","","","","","","","ALIFE 2022: The 2022 Conference on Artificial Life","","","","","","","","","","","","","","",""
"FRIJCYRV","conferencePaper","2022","Young, Jonathan; Colton, Simon","Finding Chemical Organisations in Matter-Conserving AChems","","","","10.1162/isal_a_00553","https://dx.doi.org/10.1162/isal_a_00553","Abstract. Chemical Organisation Theory (COT) provides a way of understanding the evolution of collectively self-maintaining sets of molecular species. Adding conservation of matter to an Artificial Chemistry (AChem) can increase evolutionary activity, so it may be useful to understand the evolution of organisations under these conditions. We show how in a reaction network generated by a matter-conserving chemistry, every edge within an organisation must be a part of a cycle in the organisation’s bipartite representation. A consequence of this fact is used to alter an existing algorithm to more efficiently discover the complete set of organisations. The altered algorithm is shown to be faster than the original when tested on reaction networks generated by the Spiky-RBN AChem. Overall, this paper contributes useful tools for analysing chemical evolution in matter-conserving chemistries.","2022-07-18","2024-04-14 09:04:23","2024-04-14 09:04:23","2024-04-14 09:04:23","","","","","","","","","","","","MIT Press","","en","","","","","direct.mit.edu","","","","C:\Users\User\Documents\99_Papers\YoungJ_ColtonS\Young_Colton_2022_Finding Chemical Organisations in Matter-Conserving AChems2.pdf; C:\Users\User\Documents\99_Papers\YoungJ_ColtonS\Young_Colton_2022_Finding Chemical Organisations in Matter-Conserving AChems3.pdf; C:\Users\User\Documents\99_Papers\YoungJ_ColtonS\Young_Colton_2022_Finding Chemical Organisations in Matter-Conserving AChems.pdf","","","","","","","","","","","","","","","","","","","","","","","","","","","","","","","","","","ALIFE 2022: The 2022 Conference on Artificial Life","","","","","","","","","","","","","","",""
"6APAUIHA","conferencePaper","2022","Mordvintsev, Alexander; Randazzo, Ettore; Fouts, Craig","Growing Isotropic Neural Cellular Automata","","","","10.1162/isal_a_00552","https://dx.doi.org/10.1162/isal_a_00552","Abstract. Modeling the ability of multicellular organisms to build and maintain their bodies through local interactions between individual cells (morphogenesis) is a long-standing challenge of developmental biology. Recently, the Neural Cellular Automata (NCA) model was proposed as a way to find local system rules that produce a desired global behaviour, such as growing and persisting a predefined target pattern, by repeatedly applying the same rule over a grid starting from a single cell. In this work, we argue that the original Growing NCA model has an important limitation: anisotropy of the learned update rule. This implies the presence of an external factor that orients the cells in a particular direction. In other words, “physical” rules of the underlying system are not invariant to rotation, thus prohibiting the existence of differently oriented instances of the target pattern on the same grid. We propose a modified Isotropic NCA (IsoNCA) model that does not have this limitation. We demonstrate that such cell systems can be trained to grow accurate asymmetrical patterns through either of two methods: (1) by breaking symmetries using structured seeds or (2) by introducing a rotation-reflection invariant training objective and relying on symmetry-breaking caused by asynchronous cell updates.","2022-07-18","2024-04-14 09:04:18","2024-04-14 09:04:18","2024-04-14 09:04:18","","","","","","","","","","","","MIT Press","","en","","","","","direct.mit.edu","","","","C:\Users\User\Documents\99_Papers\MordvintsevA et al\Mordvintsev et al_2022_Growing Isotropic Neural Cellular Automata.pdf","","","","","","","","","","","","","","","","","","","","","","","","","","","","","","","","","","ALIFE 2022: The 2022 Conference on Artificial Life","","","","","","","","","","","","","","",""
"YJPR4NM5","conferencePaper","2022","Ashworth, Jacob; Lee, Yujung; Shen, Jackson; Kim, Edward; Decker, Zach; Yoder, Jason","Evolution of Developmental Strategies in NK Fitness Landscapes","","","","10.1162/isal_a_00543","https://dx.doi.org/10.1162/isal_a_00543","Abstract. Evolution and development are related processes although their relationship is still not well understood. Attempts to explore their relationship are challenged by scales of time and space, but also by the limitations of studies focused on specific constraints of model organisms. To help gain insight into these phenomena, we create an abstract, general model of a developmental process that guides an agent’s trajectory through a “tunably rugged” NK fitness landscape. The developmental process is represented by a genotype that is evolved and allows us to investigate periods of exploration and exploitation as they relate to periods of an agent’s lifetime and a given landscape’s difficulty. Results show that evolution selects for time-sensitive periods of exploration and exploitation, which vary with the difficulty of the landscapes being traversed. Furthermore, our analysis suggests that phenotypic diversity via random exploration present in both early and mid-life can aid the development of superior phenotypes.","2022-07-18","2024-04-14 09:03:10","2024-04-14 09:03:10","2024-04-14 09:03:10","","","","","","","","","","","","MIT Press","","en","","","","","direct.mit.edu","","","","C:\Users\User\Documents\99_Papers\AshworthJ et al\Ashworth et al_2022_Evolution of Developmental Strategies in NK Fitness Landscapes.pdf","","","","","","","","","","","","","","","","","","","","","","","","","","","","","","","","","","ALIFE 2022: The 2022 Conference on Artificial Life","","","","","","","","","","","","","","",""
"ZLVCYZEH","conferencePaper","2022","Bowen, Jonathan","Two Theories of Responsiveness","","","","10.1162/isal_a_00545","https://dx.doi.org/10.1162/isal_a_00545","Abstract. Organisms are responsive--they respond to stimuli. This is a unique mode of causation that we usually only ascribe to organisms. What does it amount to? In this talk, I propose two candidate theories of responsiveness. The first is a functional pathway theory according to which organisms that are responsive are organisms with a certain kind of physiologically realized functional architecture. The second is a vital-integrative theory, according to which responsiveness is a capacity of whole organisms to integrate their activity with the environment in such a manner that their needs are met. I will explain the two views and their underlying rationales. Finally, I will argue that these two theories attribute different kinds of causal structure to the organism, and say divergent things about how their activity is organized. Adjudicating between these views could help to resolve a deeper, older debate between mechanistic and organicist theories of the organism. Therefore, we should find ways to test these theories of responsiveness.","2022-07-18","2024-04-14 09:03:10","2024-04-14 09:03:10","2024-04-14 09:03:10","","","","","","","","","","","","MIT Press","","en","","","","","direct.mit.edu","","","","C:\Users\User\Documents\99_Papers\BowenJ\Bowen_2022_Two Theories of Responsiveness.pdf","","","","","","","","","","","","","","","","","","","","","","","","","","","","","","","","","","ALIFE 2022: The 2022 Conference on Artificial Life","","","","","","","","","","","","","","",""
"YXYCYQJS","conferencePaper","2022","Suzuki, Reiji; Sumitani, Shinji; Ikeda, Chihiro; Arita, Takaya","A Modeling and Experimental Framework for Understanding Evolutionary and Ecological Roles of Acoustic Behavior Using a Generative Model","","","","10.1162/isal_a_00542","https://dx.doi.org/10.1162/isal_a_00542","","2022-07-18","2024-04-14 09:03:09","2024-04-14 09:03:09","2024-04-14 09:03:09","","","","","","","","","","","","MIT Press","","en","","","","","direct.mit.edu","","","","C:\Users\User\Documents\99_Papers\SuzukiR et al\Suzuki et al_2022_A Modeling and Experimental Framework for Understanding Evolutionary and.pdf","","","","","","","","","","","","","","","","","","","","","","","","","","","","","","","","","","ALIFE 2022: The 2022 Conference on Artificial Life","","","","","","","","","","","","","","",""
"S53WDKYT","conferencePaper","2022","Bensemann, Joshua; O’Leary, Padriac; Chen, Yang; Miranda-Dukoski, Ludmila; Witbrock, Michael","Simulations and the evolution of consciousness","","","","10.1162/isal_a_00541","https://dx.doi.org/10.1162/isal_a_00541","Abstract. We hypothesize that the emergence of consciousness in humans is directly related to the complexity, number of, and evolution of specialized cognitive systems. Here, we present our rationale and plan for an ongoing project to investigate the pathway to the emergence of consciousness via computer simulations of humans’ evolutionary niche using artificial-intelligence agents. Agents will contain subsets of the specialized cognitive systems and will complete tasks modeled after pressures encountered by early humans. We will observe whether the increase in cognitive complexity, measured by the number and complexity of the specialized cognitive systems, leads to an increase in task performance.","2022-07-18","2024-04-14 09:03:09","2024-04-14 09:03:09","2024-04-14 09:03:09","","","","","","","","","","","","MIT Press","","en","","","","","direct.mit.edu","","","","C:\Users\User\Documents\99_Papers\BensemannJ et al\Bensemann et al_2022_Simulations and the evolution of consciousness.pdf","","","","","","","","","","","","","","","","","","","","","","","","","","","","","","","","","","ALIFE 2022: The 2022 Conference on Artificial Life","","","","","","","","","","","","","","",""
"IHQ9BGJL","conferencePaper","2022","Ragusa, Vincent; Bohm, Cliff","Augmenting Evolution with Bio-Inspired “Super Explorers”","","","","10.1162/isal_a_00540","https://dx.doi.org/10.1162/isal_a_00540","Abstract. Natural evolving populations experience constantly fluctuating selection strength, which also creates a fluctuating tradeoff between exploration and exploitation. Range expansion, for example, creates semi-persistent spatially-distributed differences in selection strength, particularly among the pioneering agents along the leading edge of each range expansion. The pioneers experience reduced selection strength and in turn experience greater potential for exploration, while selection on the remainder of the population ensures that prior discoveries are not lost.Here we describe a method to augment pre-existing selection algorithms inspired by the exploration-boosting properties of range expansion events. The key insight is that for productive exploration on deceptive landscapes, mutations must be able to accumulate and persist in some, but not all, lineages. We create artificially drifting lineages of “super explorers” and show that they can be used to improve the performance of another selection algorithm.","2022-07-18","2024-04-14 09:02:52","2024-04-14 09:02:52","2024-04-14 09:02:52","","","","","","","","","","","","MIT Press","","en","","","","","direct.mit.edu","","","","C:\Users\User\Documents\99_Papers\RagusaV_BohmC\Ragusa_Bohm_2022_Augmenting Evolution with Bio-Inspired “Super Explorers”.pdf","","","","","","","","","","","","","","","","","","","","","","","","","","","","","","","","","","ALIFE 2022: The 2022 Conference on Artificial Life","","","","","","","","","","","","","","",""
"SMWD5IV8","conferencePaper","2022","Islam, Mohiul; Kharma, Nawwaf; Grogono, Peter","String: a programming language for the evolution of ribozymes in a new computational protocell model","","","","10.1162/isal_a_00538","https://dx.doi.org/10.1162/isal_a_00538","Abstract. String is a new computer language designed specifically for the implementation of ‘ribozymes’, the active entities within a new (highly simplified) model of protocellular life. The purpose of the model (which is presented here, only in outline) is the study of the abstract nature of simple cellular life and its relationship to computation. This model contains passive and active entities; passive entities are data and active ones are executable data (or programs). All programs in our model are written or evolved in String. In this paper, we describe String and provide examples of both hand-written and evolved String programs belonging to different functional categories needed for cellular operation (e.g., mass transporter, information transporter, transformer, replicator and translator). Results from the evolutionary runs are presented and discussed, where almost all ribozymes reached their optimum fitness.","2022-07-18","2024-04-14 09:02:51","2024-04-14 09:02:51","2024-04-14 09:02:51","","","","","","","String","","","","","MIT Press","","en","","","","","direct.mit.edu","","","","C:\Users\User\Documents\99_Papers\IslamM et al\Islam et al_2022_String.pdf","","","","","","","","","","","","","","","","","","","","","","","","","","","","","","","","","","ALIFE 2022: The 2022 Conference on Artificial Life","","","","","","","","","","","","","","",""
"A6E4CVTP","conferencePaper","2022","Tucker, Roger","Towards a Unified Framework for Technological and Biological Evolution","","","","10.1162/isal_a_00549","https://dx.doi.org/10.1162/isal_a_00549","Abstract. It has long been observed that human cultural evolution is in some ways analogous to biological evolution, having reproduction with variation and a form of selection, but the fact that both technology and biology are physical brings them much closer than culture in general. Many have observed that they share universal traits that pervade their long-term trends, yet they seem so different. What is at the root of this? This paper considers a number of properties that would seem essential to any evolutionary system which produces real artefacts – construction, search, selection and various aspects of structure and organisation – and explains briefly how each operate in technological and biological evolution. This provides an initial attempt at a basic unified framework which can then be extended. Such a framework would help progress bio-inspired design, and suggest features to study on the way to meet the grand challenge of Open Ended Evolution.","2022-07-18","2024-04-14 09:02:51","2024-04-14 09:02:51","2024-04-14 09:02:51","","","","","","","","","","","","MIT Press","","en","","","","","direct.mit.edu","","","","C:\Users\User\Documents\99_Papers\TuckerR\Tucker_2022_Towards a Unified Framework for Technological and Biological Evolution.pdf","","","","","","","","","","","","","","","","","","","","","","","","","","","","","","","","","","ALIFE 2022: The 2022 Conference on Artificial Life","","","","","","","","","","","","","","",""
"WD75M6SI","conferencePaper","2022","Atkinson, Timothy; Toklu, Nihat Engin","Self-recognition as Optimisation","","","","10.1162/isal_a_00546","https://dx.doi.org/10.1162/isal_a_00546","Abstract. We tackle the concept of ‘self-recognition’ in a simulated setting. We propose an experiment where two simultaneous reinforcement learning environments are controlled by two agents. Although each agent is given the control of its own environment, both agents receive the visual input of the same environment. The success threshold depends on self-recognition by definition as the agent must answer: am I seeing a mirror, or am I seeing a camera? We show that this experiment can be posed as an optimisation problem, solvable via evolutionary computation.","2022-07-18","2024-04-14 09:02:50","2024-04-14 09:02:50","2024-04-14 09:02:50","","","","","","","","","","","","MIT Press","","en","","","","","direct.mit.edu","","","","C:\Users\User\Documents\99_Papers\AtkinsonT_TokluN\Atkinson_Toklu_2022_Self-recognition as Optimisation.pdf","","","","","","","","","","","","","","","","","","","","","","","","","","","","","","","","","","ALIFE 2022: The 2022 Conference on Artificial Life","","","","","","","","","","","","","","",""
"Q732768Y","conferencePaper","2022","Kuriyama, Shuto; Noguchi, Wataru; Iizuka, Hiroyuki; Suzuki, Keisuke; Yamamoto, Masahito","Gradient Climbing Neural Cellular Automata","","","","10.1162/isal_a_00548","https://dx.doi.org/10.1162/isal_a_00548","Abstract. Chemotaxis is a phenomenon whereby organisms like ameba direct their movements responding to their environmental gradients, often called gradient climbing. It is considered to be the origin of self-movement that characterizes life forms. In this work, we have simulated the gradient climbing behaviour on Neural Cellular Automata (NCA) that has recently been proposed as a model to simulate morphogenesis. NCA is a cellular automata model using deep networks for its learnable update rule and it generates a target cell pattern from a single cell through local interactions among cells. Our model, Gradient Climbing Neural Cellular Automata (GCNCA), has an additional feature that enables itself to move a generated pattern by responding to a gradient injected into its cell states.","2022-07-18","2024-04-14 09:02:50","2024-04-14 09:02:50","2024-04-14 09:02:50","","","","","","","","","","","","MIT Press","","en","","","","","direct.mit.edu","","","","C:\Users\User\Documents\99_Papers\KuriyamaS et al\Kuriyama et al_2022_Gradient Climbing Neural Cellular Automata.pdf","","","","","","","","","","","","","","","","","","","","","","","","","","","","","","","","","","ALIFE 2022: The 2022 Conference on Artificial Life","","","","","","","","","","","","","","",""
"I2TS6PKK","conferencePaper","2022","Riegler, Bente; Polani, Daniel; Steuber, Volker","The Information Complexity of Navigating with Momentum","","","","10.1162/isal_a_00537","https://dx.doi.org/10.1162/isal_a_00537","Abstract. Many models of organism navigation concern themselves in essence just with the sequence of locations visited and how to manage it. However, larger and bulkier organisms have also to deal with managing momentum. We expect that this affects the cognitive management of movement. Here we propose a simple model for the information processing complexity of navigation when velocity and acceleration are considered, moving away from a kinematic perspective to a partially dynamic model, to separate the effects of location and momentum management.The work is discussed in the context of recent neurobiological research suggesting that biological agents plan around acceleration and deceleration phases, showing high neural activity during their body’s velocity changes.","2022-07-18","2024-04-14 09:02:49","2024-04-14 09:02:49","2024-04-14 09:02:49","","","","","","","","","","","","MIT Press","","en","","","","","direct.mit.edu","","","","C:\Users\User\Documents\99_Papers\RieglerB et al\Riegler et al_2022_The Information Complexity of Navigating with Momentum.pdf","","","","","","","","","","","","","","","","","","","","","","","","","","","","","","","","","","ALIFE 2022: The 2022 Conference on Artificial Life","","","","","","","","","","","","","","",""
"V4ZMBRVT","conferencePaper","2022","Shimada, Yasuhiro; Noguchi, Wataru; Iizuka, Hiroyuki; Yamamoto, Masahito","Bottom-up formation of number representation and top-down understanding of symbolic manipulation","","","","10.1162/isal_a_00535","https://dx.doi.org/10.1162/isal_a_00535","Abstract. Several studies that deal with the acquisition of concepts in a bottom-up manner from experiences in the physical space exist, but there are few of them that deal with the bidirectional interaction between symbolic operations and experiences in the physical world. It was shown that a shared module neural network succeeded in generating a bottom-up spatial representation of the external world, without involving learning of the signals of the spatial structure. Furthermore, the module can understand the external map as a symbol based on its spatial representation, and top-down navigation can be performed using the map. In this study, we extended this model and proposed a simulation model that unifies the emergence of a number representation, learning of symbol manipulation on the representation, and top-down understanding of symbol manipulation onto the physical world. Our results show that the learning results of the symbol manipulation can be applied to the physical world prediction, and our proposed model succeeded in grounding symbol manipulation onto physical experiences.","2022-07-18","2024-04-14 09:02:48","2024-04-14 09:02:48","2024-04-14 09:02:48","","","","","","","","","","","","MIT Press","","en","","","","","direct.mit.edu","","","","C:\Users\User\Documents\99_Papers\ShimadaY et al\Shimada et al_2022_Bottom-up formation of number representation and top-down understanding of.pdf","","","","","","","","","","","","","","","","","","","","","","","","","","","","","","","","","","ALIFE 2022: The 2022 Conference on Artificial Life","","","","","","","","","","","","","","",""
"EWDVW5FV","conferencePaper","2022","Izquierdo, Eduardo J.; Candadai, Madhavun","What does functional connectivity tell us about the behaviorally-functional connectivity of a multifunctional neural circuit?","","","","10.1162/isal_a_00534","https://dx.doi.org/10.1162/isal_a_00534","Abstract. What insights can statistical analysis of the time series recordings of neurons and brain regions during behavior give about the neural basis of behavior? With the increasing amount of whole-brain imaging data becoming available, the importance of addressing this unanswered theoretical challenge has become increasingly urgent. We propose a computational neuroethology approach to begin to address this challenge. We evolve dynamical recurrent neural networks to be capable of performing multiple tasks. We then analyze the neural activity using popular network neuroscience tools, specifically functional connectivity using Pearson’s correlation, mutual information, and transfer entropy. We compare the results from these tools against a series of informational lesions, as a way to reveal their degree of approximation to the ground-truth. Our initial analysis reveals an overwhelming large gap between the insights gained from statistical inference of the functionality of the circuits based on neural activity and the actual functionality of the circuits as revealed by mechanistic interventions.","2022-07-18","2024-04-14 09:02:47","2024-04-14 09:02:47","2024-04-14 09:02:47","","","","","","","","","","","","MIT Press","","en","","","","","direct.mit.edu","","","","C:\Users\User\Documents\99_Papers\IzquierdoE_CandadaiM\Izquierdo_Candadai_2022_What does functional connectivity tell us about the behaviorally-functional.pdf","","","","","","","","","","","","","","","","","","","","","","","","","","","","","","","","","","ALIFE 2022: The 2022 Conference on Artificial Life","","","","","","","","","","","","","","",""
"FUDJL4JL","conferencePaper","2022","Davis, Q. Tyrell; Bongard, Josh","Glaberish: Generalizing the Continuously-Valued Lenia Framework to Arbitrary Life-Like Cellular Automata","","","","10.1162/isal_a_00530","https://dx.doi.org/10.1162/isal_a_00530","Abstract. Recent work with Lenia, a continuously-valued cellular automata (CA) framework, has yielded ~100s of compelling, bioreminiscent and mobile patterns. Lenia can be viewed as a continuously-valued generalization of the Game of Life, a seminal cellular automaton developed by John Conway that exhibits complex and universal behavior based on simple birth and survival rules. Life’s framework of totalistic CA based on the Moore neighborhood includes many other interesting, Life-like, CA. A simplification introduced in Lenia limits the types of Life-like CA that are expressible in Lenia to a specific subset. This work recovers the ability to easily implement any Life-like CA by splitting Lenia’s growth function into genesis and persistence functions, analogous to Life’s birth and survival rules. We demonstrate the capabilities of this new CA variant by implementing a puffer pattern from Life-like CA Morley/Move, and examine differences between related CA in Lenia and Glaberish frameworks: Hydrogeminium natans and s613, respectively. These CA exhibit marked differences in dynamics and character based on spatial entropy over time, and both support several persistent mobile patterns. The CA s613, implemented in the Glaberish framework, is more dynamic than the Hydrogeminium CA (and likely most Lenia-based CA) in terms of a consistently high variance in spatial entropy over time. These results suggest there may be a wide variety of interesting CA that can be implemented in the Glaberish variant of the Lenia framework, analogous to the many interesting Life-like CA outside of Conway’s Life. Supporting information and resources are open-source1.","2022-07-18","2024-04-14 09:02:41","2024-04-14 09:02:41","2024-04-14 09:02:41","","","","","","","Glaberish","","","","","MIT Press","","en","","","","","direct.mit.edu","","","","C:\Users\User\Documents\99_Papers\DavisQ_BongardJ\Davis_Bongard_2022_Glaberish.pdf","","","","","","","","","","","","","","","","","","","","","","","","","","","","","","","","","","ALIFE 2022: The 2022 Conference on Artificial Life","","","","","","","","","","","","","","",""
"HDT94Z4A","conferencePaper","2022","Witkowski, Olaf; Schwitzgebel, Eric","Ethics of Artificial Life: The Moral Status of Life as It Could Be","","","","10.1162/isal_a_00531","https://dx.doi.org/10.1162/isal_a_00531","Abstract. The field of Artificial Life studies the nature of the living state, by modeling and synthesizing living systems. Such systems, under certain conditions, may come to deserve moral consideration similar to that of non-human vertebrates or even human beings. The fact that these systems are non-human and evolve in a potentially radically different substrate should not be seen as an insurmountable obstacle to their potentially having rights equivalent to non-human vertebrates or even human beings, if they are sufficiently sophisticated in other respects. Nor should the fact that they owe their existence to us be seen as reducing their status as targets of moral concern. On the contrary, creators of artificial life may have special obligations to their creations, resembling those of an owner to their pet or a parent to their child. For a field that aims to create artificial lifeforms with increasing levels of sophistication, it is crucial to consider the possible implications of our activities under an ethical perspective, and assess the moral obligations for which we should be prepared. If artificial life is “larger than life”, then the ethics of artificial beings should be “larger than human ethics”.","2022-07-18","2024-04-14 09:02:41","2024-04-14 09:02:41","2024-04-14 09:02:41","","","","","","","Ethics of Artificial Life","","","","","MIT Press","","en","","","","","direct.mit.edu","","","","C:\Users\User\Documents\99_Papers\WitkowskiO_SchwitzgebelE\Witkowski_Schwitzgebel_2022_Ethics of Artificial Life.pdf","","","","","","","","","","","","","","","","","","","","","","","","","","","","","","","","","","ALIFE 2022: The 2022 Conference on Artificial Life","","","","","","","","","","","","","","",""
"BHDYFHAP","conferencePaper","2022","Iizuka, Hiroyuki; Sasaki, Taiki; Noguchi, Wataru; Yamamoto, Masahito","Generation of Complex Patterns using Coupled Generative Adversarial Networks","","","","10.1162/isal_a_00529","https://dx.doi.org/10.1162/isal_a_00529","Abstract. This study reveals what kind of temporal and spatial patterns form when learning in an adversarial relationship between two individuals. The model was implemented by coupling generative adversarial networks, which are well-known in the field of machine learning. The obtained temporal patterns resulted in chaos with a positive Lyapunov exponent for time-series learning, whereas spatial pattern learning produced structured patterns with a higher fractal dimension, not just more complexity with a higher entropy.","2022-07-18","2024-04-14 09:02:40","2024-04-14 09:02:40","2024-04-14 09:02:40","","","","","","","","","","","","MIT Press","","en","","","","","direct.mit.edu","","","","C:\Users\User\Documents\99_Papers\IizukaH et al\Iizuka et al_2022_Generation of Complex Patterns using Coupled Generative Adversarial Networks.pdf","","","","","","","","","","","","","","","","","","","","","","","","","","","","","","","","","","ALIFE 2022: The 2022 Conference on Artificial Life","","","","","","","","","","","","","","",""
"6V4VYXTW","conferencePaper","2022","Cimpeanu, Theodor; Santos, Francisco C.; Pereira, Luís Moniz; Lenaerts, Tom; Han, The Anh","Network Diversity Promotes Safety Adoption in Swift Artificial Intelligence Development","","","","10.1162/isal_a_00528","https://dx.doi.org/10.1162/isal_a_00528","Abstract. Regulating the development of advanced technology such as Artificial Intelligence (AI) has become a principal topic, given the potential threat they pose to humanity’s long term future. First deploying such technology promises innumerable benefits, which might lead to the disregard of safety precautions or societal consequences in favour of speedy development, engendering a race narrative among firms and stakeholders due to value erosion. Building upon a previously proposed game-theoretical model describing an idealised technology race, we investigated how various structures of interaction among race participants can alter collective choices and requirements for regulatory actions. Our findings indicate that strong diversity among race participants, both in terms of connections and peer-influence, can reduce the conflicts which arise in purely homogeneous settings, thereby lessening the need for regulation.","2022-07-18","2024-04-14 09:02:39","2024-04-14 09:02:39","2024-04-14 09:02:39","","","","","","","","","","","","MIT Press","","en","","","","","direct.mit.edu","","","","C:\Users\User\Documents\99_Papers\CimpeanuT et al\Cimpeanu et al_2022_Network Diversity Promotes Safety Adoption in Swift Artificial Intelligence.pdf","","","","","","","","","","","","","","","","","","","","","","","","","","","","","","","","","","ALIFE 2022: The 2022 Conference on Artificial Life","","","","","","","","","","","","","","",""
"JM9D4CSP","conferencePaper","2022","Rajewicz, Wiktoria; Romano, Donato; Varughese, Joshua; Schmickl, Thomas; Thenius, Ronald","Lifeforms potentially useful for automated underwater monitoring systems","","","","10.1162/isal_a_00527","https://dx.doi.org/10.1162/isal_a_00527","Abstract. Biohybrids combine artificial robotic elements with living organisms. These novel technologies allow for obtaining useful data on the environment by implementing organisms as “living sensors”. Natural water resources are under serious ecological threat and there is always a need for new, more efficient methods for aquatic monitoring. Project Robocoenosis introduces the use of biohybrid entities as low-cost and long-term environmental monitoring devices. This will be done by combining lifeforms with technical parts which will be powered with the use of MFCs. This concept will allow for a more well-rounded data collection and provide an insight into the water body with minimal human impact.","2022-07-18","2024-04-14 09:02:39","2024-04-14 09:02:39","2024-04-14 09:02:39","","","","","","","","","","","","MIT Press","","en","","","","","direct.mit.edu","","","","C:\Users\User\Documents\99_Papers\RajewiczW et al\Rajewicz et al_2022_Lifeforms potentially useful for automated underwater monitoring systems.pdf","","","","","","","","","","","","","","","","","","","","","","","","","","","","","","","","","","ALIFE 2022: The 2022 Conference on Artificial Life","","","","","","","","","","","","","","",""
"YMDE7GR3","conferencePaper","2022","Davis, Q. Tyrell; Bongard, Josh","Step Size is a Consequential Parameter in Continuous Cellular Automata","","","","10.1162/isal_a_00526","https://dx.doi.org/10.1162/isal_a_00526","","2022-07-18","2024-04-14 09:02:38","2024-04-14 09:02:38","2024-04-14 09:02:38","","","","","","","","","","","","MIT Press","","en","","","","","direct.mit.edu","","","","C:\Users\User\Documents\99_Papers\DavisQ_BongardJ\Davis_Bongard_2022_Step Size is a Consequential Parameter in Continuous Cellular Automata.pdf","","","","","","","","","","","","","","","","","","","","","","","","","","","","","","","","","","ALIFE 2022: The 2022 Conference on Artificial Life","","","","","","","","","","","","","","",""
"YHMEXFYY","conferencePaper","2022","Garner, James; Egbert, Matthew","Is Prediction Required? Using Evolutionary Robotics to Investigate How Systems Cope with Self-Caused Sensory Stimuli","","","","10.1162/isal_a_00539","https://dx.doi.org/10.1162/isal_a_00539","","2022-07-18","2024-04-14 09:02:38","2024-04-14 09:02:38","2024-04-14 09:02:38","","","","","","","Is Prediction Required?","","","","","MIT Press","","en","","","","","direct.mit.edu","","","","C:\Users\User\Documents\99_Papers\GarnerJ_EgbertM\Garner_Egbert_2022_Is Prediction Required.pdf","","","","","","","","","","","","","","","","","","","","","","","","","","","","","","","","","","ALIFE 2022: The 2022 Conference on Artificial Life","","","","","","","","","","","","","","",""
"H9AUWZ95","conferencePaper","2022","Kvalsund, Mia-Katrin; Glette, Kyrre; Veenstra, Frank","Centralized and Decentralized Control in Modular Robots and Their Effect on Morphology","","","","10.1162/isal_a_00533","https://dx.doi.org/10.1162/isal_a_00533","Abstract. In Evolutionary Robotics, evolutionary algorithms are used to co-optimize morphology and control. However, co-optimizing leads to different challenges: How do you optimize a controller for a body that often changes its number of inputs and outputs? Researchers must then make some choice between centralized or decentralized control. In this article, we study the effects of centralized and decentralized controllers on modular robot performance and morphologies. This is done by implementing one centralized and two decentralized continuous time recurrent neural network controllers, as well as a sine wave controller for a baseline. We found that a decentralized approach that was more independent of morphology size performed significantly better than the other approaches. It also worked well in a larger variety of morphology sizes. In addition, we highlighted the difficulties of implementing centralized control for a changing morphology, and saw that our centralized controller struggled more with early convergence than the other approaches. Our findings indicate that duplicated decentralized networks are beneficial when evolving both the morphology and control of modular robots. Overall, if these findings translate to other robot systems, our results and issues encountered can help future researchers make a choice of control method when co-optimizing morphology and control.","2022-07-18","2024-04-14 09:02:34","2024-04-14 09:02:34","2024-04-14 09:02:34","","","","","","","","","","","","MIT Press","","en","","","","","direct.mit.edu","","","","C:\Users\User\Documents\99_Papers\KvalsundM et al\Kvalsund et al_2022_Centralized and Decentralized Control in Modular Robots and Their Effect on.pdf","","","","","","","","","","","","","","","","","","","","","","","","","","","","","","","","","","ALIFE 2022: The 2022 Conference on Artificial Life","","","","","","","","","","","","","","",""
"89EL65G2","conferencePaper","2022","Sayama, Hiroki","A Partial Integro-Differential Equation-Based Model of Adaptive Social Network Dynamics","","","","10.1162/isal_a_00525","https://dx.doi.org/10.1162/isal_a_00525","","2022-07-18","2024-04-14 09:01:53","2024-04-14 09:01:53","2024-04-14 09:01:53","","","","","","","","","","","","MIT Press","","en","","","","","direct.mit.edu","","","","C:\Users\User\Documents\99_Papers\SayamaH\Sayama_2022_A Partial Integro-Differential Equation-Based Model of Adaptive Social Network.pdf","","","","","","","","","","","","","","","","","","","","","","","","","","","","","","","","","","ALIFE 2022: The 2022 Conference on Artificial Life","","","","","","","","","","","","","","",""