"Key","Item Type","Publication Year","Author","Title","Publication Title","ISBN","ISSN","DOI","Url","Abstract Note","Date","Date Added","Date Modified","Access Date","Pages","Num Pages","Issue","Volume","Number Of Volumes","Journal Abbreviation","Short Title","Series","Series Number","Series Text","Series Title","Publisher","Place","Language","Rights","Type","Archive","Archive Location","Library Catalog","Call Number","Extra","Notes","File Attachments","Link Attachments","Manual Tags","Automatic Tags","Editor","Series Editor","Translator","Contributor","Attorney Agent","Book Author","Cast Member","Commenter","Composer","Cosponsor","Counsel","Interviewer","Producer","Recipient","Reviewed Author","Scriptwriter","Words By","Guest","Number","Edition","Running Time","Scale","Medium","Artwork Size","Filing Date","Application Number","Assignee","Issuing Authority","Country","Meeting Name","Conference Name","Court","References","Reporter","Legal Status","Priority Numbers","Programming Language","Version","System","Code","Code Number","Section","Session","Committee","History","Legislative Body"
"TSNIEV9P","preprint","2023","Charity, M.; Rajesh, Dipika; Earle, Sam; Togelius, Julian","Amorphous Fortress: Observing Emergent Behavior in Multi-Agent FSMs","","","","10.48550/arXiv.2306.13169","http://arxiv.org/abs/2306.13169","We introduce a system called Amorphous Fortress -- an abstract, yet spatial, open-ended artificial life simulation. In this environment, the agents are represented as finite-state machines (FSMs) which allow for multi-agent interaction within a constrained space. These agents are created by randomly generating and evolving the FSMs; sampling from pre-defined states and transitions. This environment was designed to explore the emergent AI behaviors found implicitly in simulation games such as Dwarf Fortress or The Sims. We apply the hill-climber evolutionary search algorithm to this environment to explore the various levels of depth and interaction from the generated FSMs.","2023-06-22","2024-04-12 07:45:26","2024-04-30 03:55:05","2024-04-12 07:45:26","","","","","","","Amorphous Fortress","","","","","arXiv","","","","","","","arXiv.org","","arXiv:2306.13169 [cs]","","C:\Users\User\Documents\99_Papers\CharityM et al\Charity et al_2023_Amorphous Fortress.pdf","","Dwarf Fortress","Computer Science - Multiagent Systems; Computer Science - Artificial Intelligence; Computer Science - Neural and Evolutionary Computing","","","","","","","","","","","","","","","","","","","arXiv:2306.13169","","","","","","","","","","","","","","","","","","","","","","","","","","",""
"9MXRL6N7","conferencePaper","2023","","ALIFE ISAL 2023 Complete Proceedings PDF","","","","10.1162/isal_a_00704","https://dx.doi.org/10.1162/isal_a_00704","","2023-07-24","2024-04-12 15:08:50","2024-04-12 15:08:50","2024-04-12 15:08:50","","","","","","","","","","","","MIT Press","","en","","","","","direct.mit.edu","","","","C:\Users\User\Documents\99_Papers\_\2023_ALIFE ISAL 2023 Complete Proceedings PDF.pdf","","","","","","","","","","","","","","","","","","","","","","","","","","","","","","","","","","ALIFE 2023: Ghost in the Machine: Proceedings of the 2023 Artificial Life Conference","","","","","","","","","","","","","","",""
"B6LBDHFR","conferencePaper","2023","Yao, Siyu; Nunley, Joshua; Izquierdo, Eduardo J.","Go by Its Name: Evolution and Analysis of Conceptual Referential Communication","","","","10.1162/isal_a_00669","https://dx.doi.org/10.1162/isal_a_00669","Abstract. Referential communication is a complex form of social interaction that communicates a spatially or temporally distant referent. Previous modeling practices have studied how artificial agents manage to communicate locations that directly determine foraging behaviors. In our study, we introduce conceptual referential communication. In this mode of referential communication, communicated information can lead to behaviors that change flexibly to suit the environment. Instead of giving specific behavioral instructions, this mode only communicates a label of the desired referent, the location of which is unknown to both the sender and receiver. This requires the signal receiver to adjust its foraging behavior based on its own exploration of the environment. We evolve artificial dynamical agents that can communicate 2 and 3 different labels and successfully forage the target label in changing environments. We found that a typical strategy to communicate and differentiate labels in our experiments is by varying the numbers and lengths of contacts between the agents. We also identify several ways in which the receiver develops inter-neurons that differentiate and store information both from communication and the environment.","2023-07-24","2024-04-13 14:56:23","2024-04-13 14:56:23","2024-04-13 14:56:23","","","","","","","Go by Its Name","","","","","MIT Press","","en","","","","","direct.mit.edu","","","","C:\Users\User\Documents\99_Papers\YaoS et al\Yao et al_2023_Go by Its Name.pdf","","","","","","","","","","","","","","","","","","","","","","","","","","","","","","","","","","ALIFE 2023: Ghost in the Machine: Proceedings of the 2023 Artificial Life Conference","","","","","","","","","","","","","","",""
"XPRWNX9X","conferencePaper","2023","Crosscombe, Michael; Sato, Hiroki","On the Existence of Information Bottlenecks in Living and Non-Living Systems","","","","10.1162/isal_a_00677","https://dx.doi.org/10.1162/isal_a_00677","","2023-07-24","2024-04-13 14:56:20","2024-04-13 14:56:20","2024-04-13 14:56:20","","","","","","","","","","","","MIT Press","","en","","","","","direct.mit.edu","","","","C:\Users\User\Documents\99_Papers\CrosscombeM_SatoH\Crosscombe_Sato_2023_On the Existence of Information Bottlenecks in Living and Non-Living Systems.pdf","","","","","","","","","","","","","","","","","","","","","","","","","","","","","","","","","","ALIFE 2023: Ghost in the Machine: Proceedings of the 2023 Artificial Life Conference","","","","","","","","","","","","","","",""
"HALNUE5N","conferencePaper","2023","Nisioti, Eleni; Moulin-Frier, Clément","Dynamics of niche construction in adaptable populations evolving in diverse environments","","","","10.1162/isal_a_00668","https://dx.doi.org/10.1162/isal_a_00668","Abstract. In both natural and artificial studies, evolution is often seen as synonymous to natural selection. Individuals evolve under pressures set by environments that are either reset or do not carry over significant changes from previous generations. Thus, niche construction (NC), the reciprocal process to natural selection where individuals incur inheritable changes to their environment, is ignored. Arguably due to this lack of study, the dynamics of NC are today little understood, especially in real-world settings. In this work, we study NC in simulation environments that consist of multiple, diverse niches and populations that evolve their plasticity, evolvability and niche-constructing behaviors. Our empirical analysis reveals many interesting dynamics, with populations experiencing mass extinctions, arms races and oscillations1. To understand these behaviors, we analyze the interaction between NC and adaptability and the effect of NC on the population’s genomic diversity and dispersal, observing that NC diversifies niches. Our study suggests that complexifying the simulation environments studying NC, by considering multiple and diverse niches, is necessary for understanding its dynamics and can lend testable hypotheses to future studies of both natural and artificial systems.","2023-07-24","2024-04-13 14:56:19","2024-04-13 14:56:19","2024-04-13 14:56:19","","","","","","","","","","","","MIT Press","","en","","","","","direct.mit.edu","","","","C:\Users\User\Documents\99_Papers\NisiotiE_Moulin-FrierC\Nisioti_Moulin-Frier_2023_Dynamics of niche construction in adaptable populations evolving in diverse.pdf","","","","","","","","","","","","","","","","","","","","","","","","","","","","","","","","","","ALIFE 2023: Ghost in the Machine: Proceedings of the 2023 Artificial Life Conference","","","","","","","","","","","","","","",""
"V33E3QWV","conferencePaper","2023","Penty, Arthur; Tufte, Gunnar","Evolving Music from a Self-Organising Nanomagnetic Orchestra","","","","10.1162/isal_a_00667","https://dx.doi.org/10.1162/isal_a_00667","Abstract. Artificial spin ice is a self-organising system of interacting nanomagnets which exhibits interesting and complex behaviour. In this paper we put the art in artificial spin ice, presenting a novel mapping from a dynamical state trajectory to MIDI music for an ensemble of instruments. An evolutionary algorithm is used to search for new artificial spin ice geometries of higher musical quality, making use of Zipfian and entropic measures. Geometries of high fitness were discovered, and music resulting from the best geometry found is presented alongside this paper. Aside from the primary outcome of producing novel music, this unique viewpoint of artificial spin ice could allow for a more intuitive observation of its dynamical properties, interpreting their state trajectories through the medium of music.","2023-07-24","2024-04-13 14:56:18","2024-04-13 14:56:18","2024-04-13 14:56:18","","","","","","","","","","","","MIT Press","","en","","","","","direct.mit.edu","","","","C:\Users\User\Documents\99_Papers\PentyA_TufteG\Penty_Tufte_2023_Evolving Music from a Self-Organising Nanomagnetic Orchestra.pdf","","","","","","","","","","","","","","","","","","","","","","","","","","","","","","","","","","ALIFE 2023: Ghost in the Machine: Proceedings of the 2023 Artificial Life Conference","","","","","","","","","","","","","","",""
"TFXHTBPJ","conferencePaper","2023","Veloz, Tomas; Hegele, Simon; Maldonado, Pedro","A Markovian framework to study the evolution of complexity and resilience in chemical organizations","","","","10.1162/isal_a_00665","https://dx.doi.org/10.1162/isal_a_00665","Abstract. Chemical Organization Theory (COT) is a framework to study the relation between structure and stability in reaction networks. It combines structural and stoichiometric conditions underlying self-production, and identifies a class of subnetworks on each reaction network, so-called organizations, that can be mapped to the possible limit sets that exhibit dynamical stability.So far, organizations have been applied as a model for the emergence of autopoietic systems in biochemistry and other areas, but there is currently no systematic study on how organizations can become more complex. Here we formalize the dynamics of transitions between organizations as a Markov process where nodes of the process graph are organizations and transition probabilities reflect the probability of transition from one organization to another. Hence, the structural evolution of a reaction network is seen as a random walk in the graph of organizations.We introduce the terms local and global resilience to describe organizations that have a tendency to resist perturbations or are more likely to be visited on a random walk. This allows a more sophisticated investigation of the influence of structural properties on the evolution of chemical organisations.","2023-07-24","2024-04-13 14:56:13","2024-04-13 14:56:13","2024-04-13 14:56:13","","","","","","","","","","","","MIT Press","","en","","","","","direct.mit.edu","","","","C:\Users\User\Documents\99_Papers\VelozT et al\Veloz et al_2023_A Markovian framework to study the evolution of complexity and resilience in.pdf","","","","","","","","","","","","","","","","","","","","","","","","","","","","","","","","","","ALIFE 2023: Ghost in the Machine: Proceedings of the 2023 Artificial Life Conference","","","","","","","","","","","","","","",""
"P9Z3JBYR","conferencePaper","2023","Khajehabdollahi, Sina; Giannakakis, Emmanouil; Buendía, Victor; Martius, Georg; Levina, Anna","Locally adaptive cellular automata for goal-oriented self-organization","","","","10.1162/isal_a_00663","https://dx.doi.org/10.1162/isal_a_00663","Abstract. The essential ingredient for studying the phenomena of emergence is the ability to generate and manipulate emergent systems that span large scales. Cellular automata are the model class particularly known for their effective scalability but are also typically constrained by fixed local rules. In this paper, we propose a new model class of adaptive cellular automata that allows for the generation of scalable and expressive models. We show how to implement computation-effective adaptation by coupling the update rule of the cellular automaton with itself and the system state in a localized way. To demonstrate the applications of this approach, we implement two different emergent models: a self-organizing Ising model and two types of plastic neural networks, a rate and spiking model. With the Ising model, we show how coupling local/global temperatures to local/global measurements can tune the model to stay in the vicinity of the critical temperature. With the neural models, we reproduce a classical balanced state in large recurrent neuronal networks with excitatory and inhibitory neurons and various plasticity mechanisms. Our study opens multiple directions for studying collective behavior and emergence.","2023-07-24","2024-04-13 14:56:10","2024-04-13 14:56:10","2024-04-13 14:56:10","","","","","","","","","","","","MIT Press","","en","","","","","direct.mit.edu","","","","C:\Users\User\Documents\99_Papers\KhajehabdollahiS et al\Khajehabdollahi et al_2023_Locally adaptive cellular automata for goal-oriented self-organization.pdf","","","","","","","","","","","","","","","","","","","","","","","","","","","","","","","","","","ALIFE 2023: Ghost in the Machine: Proceedings of the 2023 Artificial Life Conference","","","","","","","","","","","","","","",""
"R89FGDSH","conferencePaper","2023","Mottes, Francesco; Deshpande, Ramya; Brenner, Michael; Co, Alma Dal","In silico morphogenetic engineering with differentiable programming","","","","10.1162/isal_a_00662","https://dx.doi.org/10.1162/isal_a_00662","Abstract. A notoriously difficult challenge in biology is to understand how cells can be directed to grow and spontaneously arrange themselves in a desired spatial pattern. In this study, we leverage recent advances in automatic differentiation and gradient-based optimization to discover local interaction rules that yield some desired emergent, system-level characteristics in a complex biology-inspired model. We consider a model where cell-to-cell interactions are mediated by physical processes such as morphogen diffusion, cell adhesion and mechanical stress. Cells take internal decisions — such as whether to divide or not — based on their local environment, with learnable policies parametrized with feed-forward neural networks. We present here some preliminary results that showcase how this approach can discover cell interactions that break symmetry in a growing cluster, create emergent chemical gradients and homogenize cluster growth via mechanical stress response.","2023-07-24","2024-04-13 14:56:08","2024-04-13 14:56:08","2024-04-13 14:56:08","","","","","","","","","","","","MIT Press","","en","","","","","direct.mit.edu","","","","C:\Users\User\Documents\99_Papers\MottesF et al\Mottes et al_2023_In silico morphogenetic engineering with differentiable programming.pdf","","","","","","","","","","","","","","","","","","","","","","","","","","","","","","","","","","ALIFE 2023: Ghost in the Machine: Proceedings of the 2023 Artificial Life Conference","","","","","","","","","","","","","","",""
"WS5A2PNN","conferencePaper","2023","Fielding, David; Taylor, Imogen; Jones, Simon; Hauert, Sabine; Hunt, Edmund R.","Optical Herding of Swarms: Toward Universal Control Algorithms for Microscopic Collectives","","","","10.1162/isal_a_00659","https://dx.doi.org/10.1162/isal_a_00659","Abstract. Directed light beams are a promising means of control for microscopic agents, whether they are microrobots or phototatic microorganisms such as Volvox and ciliates. Given the simple reactive behaviors common to most microagents, there is likely to be a certain universality in light-beam algorithms that can usefully ‘herd’ such collectives around. Here, we develop three light-beam control algorithms to herd light-sensitive agents around a two-dimensional environment, each making varying assumptions about agent behavioral capacities. We test them with small swarms of Kilobot robots, which are about 3cm in size. These robots are convenient macro-scale demonstrators of possibilities at the micro-scale. The algorithms are tested in simulation and found to achieve the desired herding goals. Waypoint following missions were implemented using single robots and multiple robots to demonstrate more complex trajectories and highlight the effects of multiple robots interacting. One of the algorithms was tested with real robots and is shown to perform well, owing to good robustness to projection inaccuracies. Future swarm engineers could refer to a common toolbox of broadly effective light-based swarm control algorithms, which can be selected according to agent capabilities.","2023-07-24","2024-04-13 14:56:06","2024-04-13 14:56:06","2024-04-13 14:56:06","","","","","","","Optical Herding of Swarms","","","","","MIT Press","","en","","","","","direct.mit.edu","","","","C:\Users\User\Documents\99_Papers\FieldingD et al\Fielding et al_2023_Optical Herding of Swarms.pdf","","","","","","","","","","","","","","","","","","","","","","","","","","","","","","","","","","ALIFE 2023: Ghost in the Machine: Proceedings of the 2023 Artificial Life Conference","","","","","","","","","","","","","","",""
"PKUF3RGC","conferencePaper","2023","Sains, George; Houghton, Conor; Bullock, Seth","Spatial community structure impedes language amalgamation in a population-based iterated learning model","","","","10.1162/isal_a_00657","https://dx.doi.org/10.1162/isal_a_00657","Abstract. The iterated learning model is an agent-based model of language evolution notable for demonstrating the emergence of compositional language. In its original form, it modelled language evolution along a single chain of teacher-pupil interactions; here we modify the model to allow more complex patterns of communication within a population and use the extended model to quantify the effect of within-community and between-community communication frequency on language development. We find that a small amount of between-community communication can lead to population-wide language convergence but that this global language amalgamation is more difficult to achieve when communities are spatially embedded.","2023-07-24","2024-04-13 14:56:00","2024-04-13 14:56:00","2024-04-13 14:56:00","","","","","","","","","","","","MIT Press","","en","","","","","direct.mit.edu","","","","C:\Users\User\Documents\99_Papers\SainsG et al\Sains et al_2023_Spatial community structure impedes language amalgamation in a population-based.pdf","","","","","","","","","","","","","","","","","","","","","","","","","","","","","","","","","","ALIFE 2023: Ghost in the Machine: Proceedings of the 2023 Artificial Life Conference","","","","","","","","","","","","","","",""
"4SR4YNI5","conferencePaper","2023","Bohm, Clifford; Hintze, Arend; Schossau, Jory","A Simple Sparsity Function to Promote Evolutionary Search","","","","10.1162/isal_a_00655","https://dx.doi.org/10.1162/isal_a_00655","Abstract. This study investigates the relationship between sparse computation and evolution in various models using a simple function we call sparsify. We use the sparsify function to alter the sparsity of arbitrary matrices during evolutionary search. The sparsify function is tested on a recurrent neural network, a gene interaction matrix, and a gene regulatory network in the context of four different optimization problems. We demonstrate that the function positively affects evolutionary adaptation. Furthermore, this study shows that the sparsify function enables automatic meta-adaptation of sparsity for the discovery of better solutions. Overall, the findings suggest that the sparsify function can be a valuable tool to improve the optimization of complex systems.","2023-07-24","2024-04-13 14:55:58","2024-04-13 14:55:58","2024-04-13 14:55:58","","","","","","","","","","","","MIT Press","","en","","","","","direct.mit.edu","","","","C:\Users\User\Documents\99_Papers\BohmC et al\Bohm et al_2023_A Simple Sparsity Function to Promote Evolutionary Search.pdf","","","","","","","","","","","","","","","","","","","","","","","","","","","","","","","","","","ALIFE 2023: Ghost in the Machine: Proceedings of the 2023 Artificial Life Conference","","","","","","","","","","","","","","",""
"YXITUHN5","conferencePaper","2023","Spychala, Nadine; Aguilera, Miguel","Exploring the relation of variational inference and integrated information in a minimal model","","","","10.1162/isal_a_00654","https://dx.doi.org/10.1162/isal_a_00654","Abstract. Integrated information and variational inference provide influential mathematical frameworks in neuroscience. Yet, the understanding of the connection between the two is limited. Here, we study a minimal model to show how variational inference displays large integrated information for highly correlated target distributions, in contrast with alternative inference approaches like maximum likelihood estimation.","2023-07-24","2024-04-13 14:55:55","2024-04-13 14:55:55","2024-04-13 14:55:55","","","","","","","","","","","","MIT Press","","en","","","","","direct.mit.edu","","","","C:\Users\User\Documents\99_Papers\SpychalaN_AguileraM\Spychala_Aguilera_2023_Exploring the relation of variational inference and integrated information in a.pdf","","","","","","","","","","","","","","","","","","","","","","","","","","","","","","","","","","ALIFE 2023: Ghost in the Machine: Proceedings of the 2023 Artificial Life Conference","","","","","","","","","","","","","","",""
"UMUCAYLM","conferencePaper","2023","Willkens, Thomas; Pollack, Jordan","MODES Analysis of Prediction Games","","","","10.1162/isal_a_00647","https://dx.doi.org/10.1162/isal_a_00647","Abstract. Much activity in the field of artificial life has been concerned with the search for appropriate and effective methods of quantifying open-ended behavior in evolutionary systems. The MODES Toolbox is a recent addition that employs a persistence filter over evolutionary lineages to focus attention only on those genotypes that are most adaptive. The Toolbox provides a useful and intuitive set of metrics in terms of change, novelty, complexity, and ecology. One domain thought to exhibit open-ended dynamics, the linguistic prediction game, is a ripe candidate for deeper statistical analysis. We apply the MODES Toolbox on this domain, lending support to prior hypotheses regarding evolutionary stable states while also suggesting that, in at least one case, the observed complexity growth is largely nonadaptive.","2023-07-24","2024-04-13 14:55:36","2024-04-13 14:55:36","2024-04-13 14:55:36","","","","","","","","","","","","MIT Press","","en","","","","","direct.mit.edu","","","","C:\Users\User\Documents\99_Papers\WillkensT_PollackJ\Willkens_Pollack_2023_MODES Analysis of Prediction Games.pdf","","","","","","","","","","","","","","","","","","","","","","","","","","","","","","","","","","ALIFE 2023: Ghost in the Machine: Proceedings of the 2023 Artificial Life Conference","","","","","","","","","","","","","","",""
"JHT3R7CX","conferencePaper","2023","Amin, Amany Azevedo; Kagioulis, Efstathios; Domcsek, Alexander Dewar Norbert; Nowotny, Thomas; Graham, Paul; Philippides, Andrew","Robustness of the Infomax Network for View Based Navigation of Long Routes","","","","10.1162/isal_a_00645","https://dx.doi.org/10.1162/isal_a_00645","Abstract. Insect inspired navigation strategies have the potential to unlock robotic navigation in power-constrained scenarios as they can function effectively with limited computational resources. One such strategy, familiarity-based navigation, has successfully navigated routes of up to 60m using a single layer neural network trained with an Infomax learning rule in online robotic applications. Here we challenge Infomax to navigate longer routes, investigating the relationship between performance, view size, view acquisition rate and network size. By doing so, we determine the parameters at which Infomax operates effectively and explore the profile with which it fails. We show that effective memorisation of familiar views is possible for longer routes than previously attempted, but that this length decreases for reduced input view dimensions. In the selection of an ideal view acquisition rate, we also show that this must be increased with route length for consistent performance. In investigating the applicability to small, lower-power robots, we demonstrate that computational and memory savings may be made with equivalent performance by reducing the network size. Finally, we investigate the profile with which failure occurs, demonstrating increased confusion occurring across the route as it extends in length. These findings are being used to inform theories of insect navigation and improve practical deployment of view based navigation for long routes.","2023-07-24","2024-04-13 14:55:35","2024-04-13 14:55:35","2024-04-13 14:55:35","","","","","","","","","","","","MIT Press","","en","","","","","direct.mit.edu","","","","C:\Users\User\Documents\99_Papers\AminA et al\Amin et al_2023_Robustness of the Infomax Network for View Based Navigation of Long Routes.pdf","","","","","","","","","","","","","","","","","","","","","","","","","","","","","","","","","","ALIFE 2023: Ghost in the Machine: Proceedings of the 2023 Artificial Life Conference","","","","","","","","","","","","","","",""
"WGZBWZCS","conferencePaper","2023","Cambier, Nicolas; Eiben, A. E.; Ferrante, Eliseo","Emergent Naming System in an Unstructured Environment: a Shortest-Path Discovery Case Study","","","","10.1162/isal_a_00644","https://dx.doi.org/10.1162/isal_a_00644","Abstract. It is often postulated that robots will eventually face conditions, whether on extraterrestrial bodies or deep underwater, that could not have been predicted by their designers. In such conditions, truly autonomous robots should be able to describe and talk about their environments in order to collectively find appropriate solutions. We designed an emergent naming systems for such purposes.This paper focuses on a shortest-path discovery scenario in an unstructured environment, where landmarks are collectively named, by a swarm of robots, as they are discovered. The robots use those landmarks as beacons for navigation and score them according to their relevance to the task at hand. Meanwhile the naming system enables the swarm to update these scores asynchronously, using very little bandwidth.We compare our naming-based navigation performances with swarms that do not communicate and swarms with prior knowledge of the environment, and find that our approach performs similarly to the latter. This has significant implications on the link between space conceptualisation and language, as this proto-language enables the robots to find a topological path without individually mapping the environment.","2023-07-24","2024-04-13 14:55:32","2024-04-13 14:55:32","2024-04-13 14:55:32","","","","","","","Emergent Naming System in an Unstructured Environment","","","","","MIT Press","","en","","","","","direct.mit.edu","","","","C:\Users\User\Documents\99_Papers\CambierN et al\Cambier et al_2023_Emergent Naming System in an Unstructured Environment.pdf","","","","","","","","","","","","","","","","","","","","","","","","","","","","","","","","","","ALIFE 2023: Ghost in the Machine: Proceedings of the 2023 Artificial Life Conference","","","","","","","","","","","","","","",""
"36567TT9","conferencePaper","2023","Harada, Kohei; Noguchi, Wataru; Iizuka, Hiroyuki; Yamamoto, Masahito","Proprioceptive Drift Can Be Caused by Simple Sensory Prediction","","","","10.1162/isal_a_00642","https://dx.doi.org/10.1162/isal_a_00642","Abstract. The rubber hand illusion is a phenomenon that involves perceiving a rubber hand as part of one’s own body. The occurrence of this illusion is evaluated by the subjective report and the proprioceptive drift, in which the position of the hand is shifted in perception. The proprioceptive drift and sense of body ownership are assumed to be related; however, some research results have cast doubt on this relationship. We built a deep neural network model to simulate the rubber hand experiment to investigate the principles behind proprioceptive drift. Our deep neural network model was trained using consistent multisensory data and tested with inconsistent data, such as the rubber hand illusion. The model successfully predicted proprioceptive drift, suggesting that simple predictive learning mechanisms can account for this phenomenon.","2023-07-24","2024-04-13 14:55:31","2024-04-13 14:55:31","2024-04-13 14:55:31","","","","","","","","","","","","MIT Press","","en","","","","","direct.mit.edu","","","","C:\Users\User\Documents\99_Papers\HaradaK et al\Harada et al_2023_Proprioceptive Drift Can Be Caused by Simple Sensory Prediction.pdf","","","","","","","","","","","","","","","","","","","","","","","","","","","","","","","","","","ALIFE 2023: Ghost in the Machine: Proceedings of the 2023 Artificial Life Conference","","","","","","","","","","","","","","",""
"LGFNRXMX","conferencePaper","2023","Aguilera, Miguel; Kolchinsky, Artemy","Quantifying higher-order entropy production in organized nonequilibrium states","","","","10.1162/isal_a_00641","https://dx.doi.org/10.1162/isal_a_00641","Abstract. The entropy production rate reflects the dissipation of free energy in a nonequilibrium state, and it is necessary for many biological functions. Nevertheless, trivial systems can display large entropy production, and it is yet an open challenge to characterize the out-of-equilibrium states of living systems and their operational meaning. We present a way to decompose the entropy production rate of a system, capturing how much of it is generated from higher-order interactions between its components. Our method combines recent information-geometric decompositions of the entropy production rate with a hierarchical decomposition of forces into k-body stochastic interactions.","2023-07-24","2024-04-13 14:55:28","2024-04-13 14:55:28","2024-04-13 14:55:28","","","","","","","","","","","","MIT Press","","en","","","","","direct.mit.edu","","","","C:\Users\User\Documents\99_Papers\AguileraM_KolchinskyA\Aguilera_Kolchinsky_2023_Quantifying higher-order entropy production in organized nonequilibrium states.pdf","","","","","","","","","","","","","","","","","","","","","","","","","","","","","","","","","","ALIFE 2023: Ghost in the Machine: Proceedings of the 2023 Artificial Life Conference","","","","","","","","","","","","","","",""
"H2M6HUK4","conferencePaper","2023","Luo, Jie; Longhi, Carlo; Eiben, Agoston E.","A Comparative Study of Brain Reproduction Methods for Morphologically Evolving Robots","","","","10.1162/isal_a_00640","https://dx.doi.org/10.1162/isal_a_00640","Abstract. In the most advanced robot evolution systems, both the bodies and the brains of the robots undergo evolution and the brains of ‘infant’ robots are also optimized by a learning process immediately after ‘birth’. This paper is concerned with the brain evolution mechanism in such a system. In particular, we compare four options obtained by combining asexual or sexual brain reproduction with Darwinian or Lamarckian evolution mechanisms. We conduct experiments in simulation with a system of evolvable modular robots on two different tasks. The results show that sexual reproduction of the robots’ brains is preferable in the Darwinian framework, but the effect is the opposite in the Lamarckian system (both using the same infant learning method). Our experiments suggest that the overall best option is asexual reproduction combined with the Lamarckian framework, as it obtains better robots in terms of fitness than the other three. Considering the evolved morphologies, the different brain reproduction methods do not lead to differences. This result indicates that the morphology of the robot is mainly determined by the task and the environment, not by the brain reproduction methods.","2023-07-24","2024-04-13 14:55:26","2024-04-13 14:55:26","2024-04-13 14:55:26","","","","","","","","","","","","MIT Press","","en","","","","","direct.mit.edu","","","","C:\Users\User\Documents\99_Papers\LuoJ et al\Luo et al_2023_A Comparative Study of Brain Reproduction Methods for Morphologically Evolving.pdf","","","","","","","","","","","","","","","","","","","","","","","","","","","","","","","","","","ALIFE 2023: Ghost in the Machine: Proceedings of the 2023 Artificial Life Conference","","","","","","","","","","","","","","",""
"6PXWTLWL","conferencePaper","2023","Kojima, Hiroki; Ikegami, Takashi","Implementation of Lenia as a Reaction-Diffusion System","","","","10.1162/isal_a_00638","https://dx.doi.org/10.1162/isal_a_00638","Abstract. The relationship between reaction-diffusion (RD) systems, characterized by continuous spatiotemporal states, and cellular automata (CA), marked by discrete spatiotemporal states, remains poorly understood. This paper delves into this relationship through an examination of a recently developed CA known as Lenia. We demonstrate that asymptotic Lenia, a variant of Lenia, can be comprehensively described by differential equations, and, unlike the original Lenia, it is independent of time-step ticks. Further, we establish that this formulation is mathematically equivalent to a generalization of the kernel-based Turing model (KT model). Stemming from these insights, we establish that asymptotic Lenia can be replicated by an RD system composed solely of diffusion and spatially local reaction terms, resulting in the simulated asymptotic Lenia based on an RD system, or “RD Lenia”. However, our RD Lenia cannot be construed as a chemical system since the reaction term fails to satisfy mass-action kinetics.","2023-07-24","2024-04-13 14:55:25","2024-04-13 14:55:25","2024-04-13 14:55:25","","","","","","","","","","","","MIT Press","","en","","","","","direct.mit.edu","","","","C:\Users\User\Documents\99_Papers\KojimaH_IkegamiT\Kojima_Ikegami_2023_Implementation of Lenia as a Reaction-Diffusion System.pdf","","","","","","","","","","","","","","","","","","","","","","","","","","","","","","","","","","ALIFE 2023: Ghost in the Machine: Proceedings of the 2023 Artificial Life Conference","","","","","","","","","","","","","","",""
"6469PRWH","conferencePaper","2023","Yoshida, Takahide; Masumori, Atsushi; Maruyama, Norihiro; Smith, John; Ikegami, Takashi","Development of Concept Representation of Behavior through Mimicking and Imitation in a Humanoid Robot Alter3","","","","10.1162/isal_a_00635","https://dx.doi.org/10.1162/isal_a_00635","Abstract. In this study, we introduce a novel system whereby a humanoid robot, named Alter3, employs a selective combination of three strategies - Mimicking, Imitation, and Dream - to replicate human behavior observed through its camera-based eyes. This work builds upon previous research [Masumori et al. (2021); Ikegami et al. (2021)]. In Mimicking mode, Alter3 recreates “how” a human moves by calculating joint angles. In Imitation mode, it identifies and reproduces symbolic poses through a pre-trained Variational AutoEncoder (VAE), essentially replicating “what” the human did. When imitation proves unsuccessful, Alter3 engages its Dream mode, where it recalls altered memories through selection and mutation processes, allowing it to generate movements based on experience. Moreover, in the absence of a human subject, Alter3, with its eyes closed, retrieves and performs movements from memory. Our findings reveal that the concurrent use of the three strategies (Mimicking, Imitation, Dreaming) stabilizes the latent space state and optimizes the range of identifiable poses. Furthermore, the behavior that Alter3 generates through Dream mode evolves from symbolic movements via the Imitation pathway. These findings suggest that new movements can be created from concept-based motions by selectively employing both methodical (Mimicking) and symbolic (Imitation) motions.","2023-07-24","2024-04-13 14:55:23","2024-04-13 14:55:23","2024-04-13 14:55:23","","","","","","","","","","","","MIT Press","","en","","","","","direct.mit.edu","","","","C:\Users\User\Documents\99_Papers\YoshidaT et al\Yoshida et al_2023_Development of Concept Representation of Behavior through Mimicking and.pdf","","","","","","","","","","","","","","","","","","","","","","","","","","","","","","","","","","ALIFE 2023: Ghost in the Machine: Proceedings of the 2023 Artificial Life Conference","","","","","","","","","","","","","","",""
"AB3AU5A2","conferencePaper","2023","Horibe, Kazuya; Suzuki, Keisuke; Horii, Takato; Ishiguro, Hiroshi","Exploring the Adaptive Behaviors of Particle Lenia: A Perturbation-Response Analysis for Computational Agency","","","","10.1162/isal_a_00631","https://dx.doi.org/10.1162/isal_a_00631","Abstract. A firm cognitive subject or “individual” is presupposed for the emergence of mind. However, with the development of recent information technology, the “individual” has become more dispersed in society and the cognitive subject has become increasingly unstable and adaptive, necessitating an update in our understanding of the individual”. Autopoiesis serves as a model of the cognitive subject, which is unstable and requires effort to maintain itself to adapt to the environment. In this study, we evaluated adaptivity for a highly extensible multi-particle system model Particle Lenia through the response perturbation. As a result, we found that Particle Lenia has a particle configuration that is both temporally unstable and has multiple stable states. This result suggests that Particle Lenia can express adaptive characteristics and is expected to be used as a computational model toward building an autopoietic cognitive agent.","2023-07-24","2024-04-13 14:55:21","2024-04-13 14:55:21","2024-04-13 14:55:21","","","","","","","Exploring the Adaptive Behaviors of Particle Lenia","","","","","MIT Press","","en","","","","","direct.mit.edu","","","","C:\Users\User\Documents\99_Papers\HoribeK et al\Horibe et al_2023_Exploring the Adaptive Behaviors of Particle Lenia.pdf","","","","","","","","","","","","","","","","","","","","","","","","","","","","","","","","","","ALIFE 2023: Ghost in the Machine: Proceedings of the 2023 Artificial Life Conference","","","","","","","","","","","","","","",""
"YYE7K7RM","conferencePaper","2023","Korecki, Marcin; Carissimo, Cesare; Lund, Tanner","aRtificiaL death: learning from stories of failure","","","","10.1162/isal_a_00633","https://dx.doi.org/10.1162/isal_a_00633","Abstract. Sharing stories, particularly about death, is an important part of many cultures. In light of these known cases of inter-generational knowledge transmission in biological systems, we explore such learning through sharing information (“stories”) about death. A simulated environment with novelty-seeking Q-learning agents allows us to explore the effects of different types of information sharing on the lifespans of individual agents and the ability of inter-generational chains to maximize novelty via exploration. We find that sharing information about death provides a significantly better learning signal than sharing information about random states in the environment. Moreover, sharing shorter stories appears better than sharing longer ones. Sharing stories promotes survival and exploration in subsequent generations. This provides a foundation upon which further exploration of story sharing dynamics between agents can be explored.","2023-07-24","2024-04-13 14:55:18","2024-04-13 14:55:18","2024-04-13 14:55:18","","","","","","","aRtificiaL death","","","","","MIT Press","","en","","","","","direct.mit.edu","","","","C:\Users\User\Documents\99_Papers\KoreckiM et al\Korecki et al_2023_aRtificiaL death.pdf","","","","","","","","","","","","","","","","","","","","","","","","","","","","","","","","","","ALIFE 2023: Ghost in the Machine: Proceedings of the 2023 Artificial Life Conference","","","","","","","","","","","","","","",""
"8GWJU8MI","conferencePaper","2023","Masumori, Atsushi; Ikegami, Takashi","Embodied Time Perception: Effects of Time Delay on Hand Motion and Time Estimation in Virtual Environments","","","","10.1162/isal_a_00630","https://dx.doi.org/10.1162/isal_a_00630","Abstract. We investigated the effect of time delay on hand motion and subjective time perception in a virtual environment. Our results indicated that time delays correlated with decreased hand motion speed and altered time perception. These findings suggest that body movements act as critical reference points for constructing subjective time, and alterations in these references can influence time perception.","2023-07-24","2024-04-13 14:55:18","2024-04-13 14:55:18","2024-04-13 14:55:18","","","","","","","Embodied Time Perception","","","","","MIT Press","","en","","","","","direct.mit.edu","","","","C:\Users\User\Documents\99_Papers\MasumoriA_IkegamiT\Masumori_Ikegami_2023_Embodied Time Perception.pdf","","","","","","","","","","","","","","","","","","","","","","","","","","","","","","","","","","ALIFE 2023: Ghost in the Machine: Proceedings of the 2023 Artificial Life Conference","","","","","","","","","","","","","","",""
"SF49N9DB","conferencePaper","2023","Adachi, Riku; Kojima, Hiroki; Ikegami, Takashi","Life-like Behavior of an Oil Droplet in an Aqueous Surfactant Solution: Comparative Analysis with Tetrahymena Movement and Numerical Investigation","","","","10.1162/isal_a_00629","https://dx.doi.org/10.1162/isal_a_00629","Abstract. We experimentally and numerically delve into the life-like behavior of an oil droplet in an aqueous surfactant solution in response to changes in the volume and composition ratio of the droplet. Much research has been dedicated to investigating living and non-living systems independently, albeit the boundary between the two remains unclear. To address this issue, we conducted experimental observations and identified several types of spontaneous motion exhibited by the oil droplet, which varied depending on its parameters. We then quantified the characteristic motion patterns utilizing analysis from multiple aspects and compared the differences between oil droplets - as an example of non-living material -and Tetrahymena thermophila - as a living system. Furthermore, in an attempt to reveal the deterministic or stochastic rule governing each system, a numerical simulation of the Langevin equations was performed.","2023-07-24","2024-04-13 14:55:14","2024-04-13 14:55:14","2024-04-13 14:55:14","","","","","","","Life-like Behavior of an Oil Droplet in an Aqueous Surfactant Solution","","","","","MIT Press","","en","","","","","direct.mit.edu","","","","C:\Users\User\Documents\99_Papers\AdachiR et al\Adachi et al_2023_Life-like Behavior of an Oil Droplet in an Aqueous Surfactant Solution.pdf","","","","","","","","","","","","","","","","","","","","","","","","","","","","","","","","","","ALIFE 2023: Ghost in the Machine: Proceedings of the 2023 Artificial Life Conference","","","","","","","","","","","","","","",""
"N253XQ3F","conferencePaper","2023","Bullock, Seth; Sayama, Hiroki","Agent Heterogeneity Mediates Extremism in an Adaptive Social Network Model","","","","10.1162/isal_a_00628","https://dx.doi.org/10.1162/isal_a_00628","Abstract. An existing model of opinion dynamics on an adaptive social network is extended to introduce update policy heterogeneity, representing the fact that individual differences between social animals can affect their tendency to form, and be influenced by, their social bonds with other animals. As in the original model, the opinions and social connections of a population of model agents change due to three social processes: conformity, homophily and neophily. Here, however, we explore the case in which each node’s susceptibility to these three processes is parameterised by node-specific values drawn independently at random from some distribution. This introduction of heterogeneity increases both the degree of extremism and connectedness in the final population (relative to comparable homogeneous networks) and leads to significant assortativity with respect to node update policy parameters as well as node opinions. Each node’s update policy parameters also predict properties of the community that they will belong to in the final network configuration. These results suggest that update policy heterogeneity in social populations may have a significant impact on the formation of extremist communities in real-world populations.","2023-07-24","2024-04-13 14:55:12","2024-04-13 14:55:12","2024-04-13 14:55:12","","","","","","","","","","","","MIT Press","","en","","","","","direct.mit.edu","","","","C:\Users\User\Documents\99_Papers\BullockS_SayamaH\Bullock_Sayama_2023_Agent Heterogeneity Mediates Extremism in an Adaptive Social Network Model.pdf","","","","","","","","","","","","","","","","","","","","","","","","","","","","","","","","","","ALIFE 2023: Ghost in the Machine: Proceedings of the 2023 Artificial Life Conference","","","","","","","","","","","","","","",""
"D6C2XIN7","conferencePaper","2023","Unemi, Tatsuo; Bisig, Daniel; Kocher, Philippe","Greedy Agents and Interfering Humans – An artwork making humans meddle with a life in the machine","","","","10.1162/isal_a_00625","https://dx.doi.org/10.1162/isal_a_00625","Abstract. This article introduces an experimental artwork that employs a reinforcement learning algorithm as core element for an interactive and aesthetic experience. The learning algorithm involves a simple navigation task for a single agent. The agent’s learning process is made perceivable to visitors by animating and visualizing a massive particle system on which the agent’s memory acts as force field. Through interaction, visitors can either facilitate or hamper the agent’s learning process. The goal of the artwork is to convey in a playful manner the increasingly intertwined coexistence between humans and artificially intelligent entities.","2023-07-24","2024-04-13 14:55:09","2024-04-13 14:55:09","2024-04-13 14:55:09","","","","","","","","","","","","MIT Press","","en","","","","","direct.mit.edu","","","","C:\Users\User\Documents\99_Papers\UnemiT et al\Unemi et al_2023_Greedy Agents and Interfering Humans – An artwork making humans meddle with a.pdf","","","","","","","","","","","","","","","","","","","","","","","","","","","","","","","","","","ALIFE 2023: Ghost in the Machine: Proceedings of the 2023 Artificial Life Conference","","","","","","","","","","","","","","",""
"3S8KRI2D","conferencePaper","2023","Froese, Tom; Karelin, Georgii","The enactive account of motivated activity and the hard problem of efficacy (HPE): Artificial life meets the physics of life","","","","10.1162/isal_a_00619","https://dx.doi.org/10.1162/isal_a_00619","Abstract. The enactive approach to cognitive science has undergone a bio-phenomenologically inspired “normative turn” by characterizing an organism’s activity as motivated by intrinsic value, where this value is grounded in adaptive self-production under precarious conditions. However, efforts in the field of artificial life to model this enactive conception of life have unwittingly revealed a case of what can be called the hard problem of efficacy (HPE): how could any intrinsic value as such make an effective difference to an organism’s behavior, in particular if bodily activity is purely determined by valueless material-organizational factors? First, this theoretical challenge of the HPE is formulated in the context of the enactive account of motivated activity. Then, by critically analyzing Schrödinger’s work on the methodological principles that define the scientific world image, it is argued that they can be revised to allow solutions to the HPE. This involves placing a limit on Schrödinger’s principle of understandability. The key move is to operationalize this limit with the concept of irruption: an organism’s motivations can make a physical difference to its bodily activity, but only indeterminately so, akin to a breakdown of its material-organizational constraints. Irruptions can thereby indirectly facilitate behavior-switching as well as long-term self-organization of adaptive behavior. Finally, it is proposed that the efficacy of motivated activity has its own specific energy cost due to the disordering effect of irruptions, which provides a new perspective on agency and the notion of mental work.","2023-07-24","2024-04-13 14:55:01","2024-04-13 14:55:01","2024-04-13 14:55:01","","","","","","","The enactive account of motivated activity and the hard problem of efficacy (HPE)","","","","","MIT Press","","en","","","","","direct.mit.edu","","","","C:\Users\User\Documents\99_Papers\FroeseT_KarelinG\Froese_Karelin_2023_The enactive account of motivated activity and the hard problem of efficacy2.pdf","","","","","","","","","","","","","","","","","","","","","","","","","","","","","","","","","","ALIFE 2023: Ghost in the Machine: Proceedings of the 2023 Artificial Life Conference","","","","","","","","","","","","","","",""
"85ADSUU5","conferencePaper","2023","Marriott, Chris; Chebib, Jobran","Domestication syndrome via indirect selection in simulated cereal grains","","","","10.1162/isal_a_00618","https://dx.doi.org/10.1162/isal_a_00618","Abstract. Domestication syndrome in cereal grains is commonly thought to be the product of domestication through a combination of direct artificial selection and indirect natural selection by humans. We propose an agent-based model of grain domestication. We simulate cereal grains with four genes that impact their reproductive cycle undergoing harvesting and selective planting by simulated humans. When direct artificial selection is applied to one gene domestication syndrome emerges in the other genes as a result of indirect natural selection. In the absence of direct artificial selection no domestication syndrome emerged, consistent with periods of predomestication cultivation in human history. Domesticated variants are strongest when humans select for traits inconsistent with the wild type traits, and weakest when humans select for traits consistent with the wild type.","2023-07-24","2024-04-13 14:52:32","2024-04-13 14:52:32","2024-04-13 14:52:32","","","","","","","","","","","","MIT Press","","en","","","","","direct.mit.edu","","","","C:\Users\User\Documents\99_Papers\MarriottC_ChebibJ\Marriott_Chebib_2023_Domestication syndrome via indirect selection in simulated cereal grains.pdf","","","","","","","","","","","","","","","","","","","","","","","","","","","","","","","","","","ALIFE 2023: Ghost in the Machine: Proceedings of the 2023 Artificial Life Conference","","","","","","","","","","","","","","",""
"XIZCMT9L","conferencePaper","2023","Sangati, Ekaterina; Sangati, Federico; Cheng, Yi-Shan; Yu-Chan Chang, Acer","Between Individual Brains and Collective Behavior: Multi-level Emergence in a Group Formation Task","","","","10.1162/isal_a_00616","https://dx.doi.org/10.1162/isal_a_00616","Abstract. Emergence is a property often claimed to apply to complex systems on multiple levels of organization: individual behavior emerges from underlying neural activity and social patterns – from constituent behaviors of the individuals. Furthermore, the emergent level is typically characterized as possessing autonomy from the lower-level phenomena and as exerting downward causation on them. In this study, we investigate such a multi-level emergence in the context of a single simple task. We evolve agents controlled by a small neural network to travel information. We then compute measures of emergence stemming from an approach known as Integrated Information Decomposition. Results are presented for both the final behavior and the evolutionary changes that led to it.","2023-07-24","2024-04-13 14:52:31","2024-04-13 14:52:31","2024-04-13 14:52:31","","","","","","","Between Individual Brains and Collective Behavior","","","","","MIT Press","","en","","","","","direct.mit.edu","","","","C:\Users\User\Documents\99_Papers\SangatiE et al\Sangati et al_2023_Between Individual Brains and Collective Behavior.pdf","","","","","","","","","","","","","","","","","","","","","","","","","","","","","","","","","","ALIFE 2023: Ghost in the Machine: Proceedings of the 2023 Artificial Life Conference","","","","","","","","","","","","","","",""
"9SAAK9UL","conferencePaper","2023","Ventrella, Jeffrey","Evolving Vestibular Bipedal Locomotion with Spring-Mass Tetrahedra","","","","10.1162/isal_a_00615","https://dx.doi.org/10.1162/isal_a_00615","Abstract. This paper describes an evolutionary simulation for goal-directed bipedal locomotion using a genetic algorithm. It includes tilt-sensors that adjust dynamic springs and point masses forming structures made of flexible tetrahedral modules. Chaotic dynamics from a central pattern generator are tamed and exploited by evolution. A mathematical representation of the vestibular sense of tilt is associated with arbitrary springs, enabling bipedalism. This sense is embodied and evolves with motor control.","2023-07-24","2024-04-13 14:52:25","2024-04-13 14:52:25","2024-04-13 14:52:25","","","","","","","","","","","","MIT Press","","en","","","","","direct.mit.edu","","","","C:\Users\User\Documents\99_Papers\VentrellaJ\Ventrella_2023_Evolving Vestibular Bipedal Locomotion with Spring-Mass Tetrahedra.pdf","","","","","","","","","","","","","","","","","","","","","","","","","","","","","","","","","","ALIFE 2023: Ghost in the Machine: Proceedings of the 2023 Artificial Life Conference","","","","","","","","","","","","","","",""
"QNRCVW3C","conferencePaper","2023","Tani, Iori","Inverse Bayesian Feedback Model of True Slime Mold","","","","10.1162/isal_a_00620","https://dx.doi.org/10.1162/isal_a_00620","Abstract. We propose asynchronous cellular automata fashioned model of true slime mold Physarum polycephalum plasmodium equipped with a dynamic feedback mechanism based on Bayesian and inverse Bayesian inference. These are implemented as feedback from dynamical protoplasmic flow into local tubular structures in slime mold. Because inverse Bayesian inference replaces conditional probabilities with empirical ones and relaxes the probability space, the model can behave robustly and adaptively. We describe a brief overview of our model in this paper.","2023-07-24","2024-04-13 14:52:23","2024-04-13 14:52:23","2024-04-13 14:52:23","","","","","","","","","","","","MIT Press","","en","","","","","direct.mit.edu","","","","C:\Users\User\Documents\99_Papers\TaniI\Tani_2023_Inverse Bayesian Feedback Model of True Slime Mold.pdf","","","","","","","","","","","","","","","","","","","","","","","","","","","","","","","","","","ALIFE 2023: Ghost in the Machine: Proceedings of the 2023 Artificial Life Conference","","","","","","","","","","","","","","",""
"228QD2XU","conferencePaper","2023","Suzuki, Reiji; Asakura, Kenta; Arita, Takaya","Lenia in a petri dish: Interactions between organisms and their environment in a Lenia with growth based on resource consumption","","","","10.1162/isal_a_00613","https://dx.doi.org/10.1162/isal_a_00613","","2023-07-24","2024-04-13 14:52:22","2024-04-13 14:52:22","2024-04-13 14:52:22","","","","","","","Lenia in a petri dish","","","","","MIT Press","","en","","","","","direct.mit.edu","","","","C:\Users\User\Documents\99_Papers\SuzukiR et al\Suzuki et al_2023_Lenia in a petri dish.pdf","","","","","","","","","","","","","","","","","","","","","","","","","","","","","","","","","","ALIFE 2023: Ghost in the Machine: Proceedings of the 2023 Artificial Life Conference","","","","","","","","","","","","","","",""
"YTYCLE9N","conferencePaper","2023","Giannakakis, Emmanouil; Khajehabdollahi, Sina; Levina, Anna","Environmental variability and network structure determine the optimal plasticity mechanisms in embodied agents","","","","10.1162/isal_a_00606","https://dx.doi.org/10.1162/isal_a_00606","Abstract. The evolutionary balance between innate and learned behaviors is highly intricate, and different organisms have found different solutions to this problem. We hypothesize that the emergence and exact form of learning behaviors is naturally connected with the statistics of environmental fluctuations and tasks an organism needs to solve. Here, we study how different aspects of simulated environments shape an evolved synaptic plasticity rule in static and moving artificial agents. We demonstrate that environmental fluctuation and uncertainty control the reliance of artificial organisms on plasticity. Interestingly, the form of the emerging plasticity rule is additionally determined by the details of the task the artificial organisms are aiming to solve. Moreover, we show that co-evolution between static connectivity and interacting plasticity mechanisms in distinct sub-networks changes the function and form of the emerging plasticity rules in embodied agents performing a foraging task.","2023-07-24","2024-04-13 14:52:15","2024-04-13 14:52:15","2024-04-13 14:52:15","","","","","","","","","","","","MIT Press","","en","","","","","direct.mit.edu","","","","C:\Users\User\Documents\99_Papers\GiannakakisE et al\Giannakakis et al_2023_Environmental variability and network structure determine the optimal.pdf","","","","","","","","","","","","","","","","","","","","","","","","","","","","","","","","","","ALIFE 2023: Ghost in the Machine: Proceedings of the 2023 Artificial Life Conference","","","","","","","","","","","","","","",""
"FLYBYULN","conferencePaper","2023","Schossau, Jory; Hintze, Arend","Towards a Theory of Mind for Artificial Intelligence Agents","","","","10.1162/isal_a_00605","https://dx.doi.org/10.1162/isal_a_00605","Abstract. In the growing fervor around artificial intelligence (A.I.) old questions have resurfaced regarding its potential to achieve human-like intelligence and consciousness. A proposed path toward human-level cognition involves the development of representations in A.I. systems. This paper focuses on establishing the methods and metrics necessary toward developing and studying an A.I. that can “impute the mental states of others” (Theory of Mind). Here we examine existing psychological and robotic research on this subject, then propose an information-theoretic metric to quantify the extent to which agents have a Theory of Mind. The metric is applied to agents trained using a genetic algorithm, demonstrating that an agent-specific Theory of Mind can be achieved without the need for a general Theory of Mind. This framework lays the operational groundwork for development toward more general Theory of Mind in artificial intelligence.","2023-07-24","2024-04-13 14:52:13","2024-04-13 14:52:13","2024-04-13 14:52:13","","","","","","","","","","","","MIT Press","","en","","","","","direct.mit.edu","","","","C:\Users\User\Documents\99_Papers\SchossauJ_HintzeA\Schossau_Hintze_2023_Towards a Theory of Mind for Artificial Intelligence Agents.pdf","","","","","","","","","","","","","","","","","","","","","","","","","","","","","","","","","","ALIFE 2023: Ghost in the Machine: Proceedings of the 2023 Artificial Life Conference","","","","","","","","","","","","","","",""
"WIESMP2H","conferencePaper","2023","Laborde, Zachary; Izquierdo, Eduardo J.","Spatial Embedding of Edges in a Synaptic Generative Model of C. elegans","","","","10.1162/isal_a_00611","https://dx.doi.org/10.1162/isal_a_00611","Abstract. The human brain is poorly understood. Although insufficient, investigating its structure is necessary to discern how it operates. This structure on a microscale can vary wildly between individuals. Understanding how these networks form would help in explaining this variability. To do so, we need to develop computational models that simulate the processes involved. With a relatively small and (near) completely reconstructed connectome, C. elegans is an ideal subject for this research. A previous attempt at this used stochastic methods, where connections are assigned randomly and weighted by the distance between soma. While useful, this model failed to predict particular network attributes of the C. elegans connectome. We aimed to develop a minimal model that incorporates the spatial embedding of neurites to approximate the process of neurite growth and synapse formation in Euclidean space, examining the impact of neurites on network structure. We found that networks that incorporate the spatial embedding of neurites resulted in particular attributes consistent with connectomes of C. elegans.","2023-07-24","2024-04-13 14:52:09","2024-04-13 14:52:09","2024-04-13 14:52:09","","","","","","","","","","","","MIT Press","","en","","","","","direct.mit.edu","","","","C:\Users\User\Documents\99_Papers\LabordeZ_IzquierdoE\Laborde_Izquierdo_2023_Spatial Embedding of Edges in a Synaptic Generative Model of C.pdf","","","","","","","","","","","","","","","","","","","","","","","","","","","","","","","","","","ALIFE 2023: Ghost in the Machine: Proceedings of the 2023 Artificial Life Conference","","","","","","","","","","","","","","",""
"AJXEG8HN","conferencePaper","2023","Kurisu, Minoru; Walde, Peter; Imai, Masayuki","Synthetic minimal cell with artificial metabolic pathways","","","","10.1162/isal_a_00610","https://dx.doi.org/10.1162/isal_a_00610","Abstract. A “synthetic minimal cell” is considered in our work as a celllike artificial vesicle reproduction system in which an information polymer regulates a chemical and physico-chemical transformation network. In this study, we demonstrate such a minimal cell consisting of three artificial metabolic pathways: energy production unit, information polymer synthesis unit, and vesicle membrane growth unit. Ingredients supplied to vesicles are chemically converted to energy currency molecules that trigger the synthesis of an information polymer. The vesicle membrane plays the role of “template” in synthesizing the information polymer, and the obtained information polymer promotes vesicle membrane growth. By coordinating the vesicle membrane in terms of composition and permeability to osmolytes, the growing vesicles show recursive reproduction over several generations. Our synthetic minimal cell greatly simplifies the scheme of contemporary living systems while keeping their essence. Therefore, the minimal cell’s chemical and reproduction pathways are well described by kinetic equations and by applying the membrane elasticity model, respectively. This study provides new insights to understand better the differences and similarities between nonliving forms and living forms of matter.","2023-07-24","2024-04-13 14:52:08","2024-04-13 14:52:08","2024-04-13 14:52:08","","","","","","","","","","","","MIT Press","","en","","","","","direct.mit.edu","","","","C:\Users\User\Documents\99_Papers\KurisuM et al\Kurisu et al_2023_Synthetic minimal cell with artificial metabolic pathways.pdf","","","","","","","","","","","","","","","","","","","","","","","","","","","","","","","","","","ALIFE 2023: Ghost in the Machine: Proceedings of the 2023 Artificial Life Conference","","","","","","","","","","","","","","",""
"M4JY36CW","conferencePaper","2023","Pande, Ritu; Grattarola, Daniele","Hierarchical Neural Cellular Automata","","","","10.1162/isal_a_00601","https://dx.doi.org/10.1162/isal_a_00601","Abstract. As opposed to the traditional view wherein intelligence was believed to be a result of centralised complex monolithic rules, it is now believed that the phenomenon is multi-scale, modular and emergent (self-organising) in nature. At each scale, the constituents of an intelligent system are cognitive units driven towards a specific goal, in a specific problem space—physical, molecular, metabolic, morphological, etc. Recently, Neural Cellular Automata (NCA) have proven to be effective in simulating many evolutionary tasks, in morphological space, as self-organising dynamical systems. They are however limited in their capacity to emulate complex phenomena seen in nature such as cell differentiation (change in cell’s phenotypical and functional characteristics), metamorphosis (transformation to a new morphology after evolving to another) and apoptosis (programmed cell death). Inspired by the idea of multi-scale emergence of intelligence, we present Hierarchical NCA, a self-organising model that allows for phased, feedback-based, complex emergent behaviour. We show that by modelling emergent behaviour at two different scales in a modular hierarchy with dedicated goals, we can effectively simulate many complex evolutionary morphological tasks. Finally, we discuss the broader impact and application of this concept in areas outside biological process modelling.","2023-07-24","2024-04-13 14:52:08","2024-04-13 14:52:08","2024-04-13 14:52:08","","","","","","","","","","","","MIT Press","","en","","","","","direct.mit.edu","","","","C:\Users\User\Documents\99_Papers\PandeR_GrattarolaD\Pande_Grattarola_2023_Hierarchical Neural Cellular Automata.pdf","","","","","","","","","","","","","","","","","","","","","","","","","","","","","","","","","","ALIFE 2023: Ghost in the Machine: Proceedings of the 2023 Artificial Life Conference","","","","","","","","","","","","","","",""
"ABNMWGS7","conferencePaper","2023","Cardoso, Rui P.; Donnelly, Niall; Keedwell, Edward; Cheke, Lucy; Shanahan, Murray","What is a Stimulus? A Computational Perspective on an Associative Learning Model","","","","10.1162/isal_a_00600","https://dx.doi.org/10.1162/isal_a_00600","Abstract. Comparative and animal cognition literature describes many models of associative learning and a multitude of experimental protocols for exploring learning phenomena. These methodologies can serve as inspiration for reinforcement learning (RL) algorithms and tasks (Shanahan et al., 2020). However, there is a considerable gap between animal cognition and RL research, both conceptually and in the assumptions made about the learning process. Associative learning models assume the presence of a “stimulus” guiding a behavioural response, which in the field of RL usually translates loosely into a state-action pair. Our research attempts to investigate and bridge this gap by implementing the A-Learning model (Ghirlanda et al., 2020) into an embodied AI system, using the purpose-built Animal-AI environment (Beyret et al., 2019). Here we present early findings of our research.","2023-07-24","2024-04-13 14:52:07","2024-04-13 14:52:07","2024-04-13 14:52:07","","","","","","","What is a Stimulus?","","","","","MIT Press","","en","","","","","direct.mit.edu","","","","C:\Users\User\Documents\99_Papers\CardosoR et al\Cardoso et al_2023_What is a Stimulus.pdf","","","","","","","","","","","","","","","","","","","","","","","","","","","","","","","","","","ALIFE 2023: Ghost in the Machine: Proceedings of the 2023 Artificial Life Conference","","","","","","","","","","","","","","",""
"CHPNMPLY","conferencePaper","2023","Moore, Jared M.; Stanton, Adam","Fitness Agnostic Adaptive Sampling Lexicase Selection","","","","10.1162/isal_a_00595","https://dx.doi.org/10.1162/isal_a_00595","Abstract. Lexicase selection is an effective many-objective evolutionary algorithm across many problem domains. Lexicase can be computationally expensive, especially in areas like evolutionary robotics where individual objectives might require their own physics simulation. Improving the efficiency of Lexicase selection can reduce the total number of evaluations thereby lowering computational overhead. Here, we introduce a fitness agnostic adaptive objective sampling algorithm using the filtering efficacy of objectives to adjust their frequency of occurrence as a selector. In a set of binary genome maximization tasks modeled to emulate evolutionary robotics situations, we show that performance can be maintained while computational efficiency increases as compared to ϵ-Lexicase.","2023-07-24","2024-04-13 14:52:05","2024-04-13 14:52:05","2024-04-13 14:52:05","","","","","","","","","","","","MIT Press","","en","","","","","direct.mit.edu","","","","C:\Users\User\Documents\99_Papers\MooreJ_StantonA\Moore_Stanton_2023_Fitness Agnostic Adaptive Sampling Lexicase Selection.pdf","","","","","","","","","","","","","","","","","","","","","","","","","","","","","","","","","","ALIFE 2023: Ghost in the Machine: Proceedings of the 2023 Artificial Life Conference","","","","","","","","","","","","","","",""
"J6HJ5KYH","conferencePaper","2023","Lindell, Trym A. E.; Hudcová, Barbora; Nichele, Stefano","Canonical Computations in Cellular Automata and Their Application for Reservoir Computing","","","","10.1162/isal_a_00594","https://dx.doi.org/10.1162/isal_a_00594","Abstract. Cellular Automata (CAs) have potential as powerful parallel computational systems, which has lead to the use of CAs as reservoirs in reservoir computing. However, why certain Cellular Automaton (CA) rules, sizes and input encodings are better or worse at a given task is not well understood. We present a method that enables identification and visualization of the specific information content, flow and transformations within the space-time diagram of CA. We interpret each spatio-temporal location in CA’s space-time diagram as a function of its input and call this novel notion the CA’s Canonical Computations (CCs). This allows us to analyze the available information from the space-time diagrams as partitions of the input set. The method also reveals how input-encoder-rule interactions transform the information flow by changing features like spatial and temporal location stability as well as the specific information produced. This general approach for analysing CA is discussed for the engineering of reservoir computing systems.","2023-07-24","2024-04-13 14:52:03","2024-08-01 09:11:04","2024-04-13 14:52:03","","","","","","","","","","","","MIT Press","","en","","","","","direct.mit.edu","","","","C:\Users\User\Documents\99_Papers\LindellT et al\Lindell et al_2023_Canonical Computations in Cellular Automata and Their Application for Reservoir.pdf","","skimmed; elementary cellular automata; reservoir computing","","","","","","","","","","","","","","","","","","","","","","","","","","","","","","","","ALIFE 2023: Ghost in the Machine: Proceedings of the 2023 Artificial Life Conference","","","","","","","","","","","","","","",""
"62ITMTJJ","conferencePaper","2023","Glover, Tom Eivind; Jahren, Ruben; Ramstad, Ola Huse; Nichele, Stefano","Minimum Equivalence in Random Boolean Networks, Elementary Cellular Automata, and Beyond","","","","10.1162/isal_a_00592","https://dx.doi.org/10.1162/isal_a_00592","Abstract. Random Boolean networks (RBN) and Cellular Automata (CA) operate in a very similar way. They update their state with simple deterministic functions called Boolean function or Transition Table (TT), both being essentially the same mechanism under different names. This paper applies a concept most known from CA called Minimum Equivalence (ME). ME is applied to RBN and shows how to calculate the number of unique computations for a given number of neighbours. Crucially, it is shown how RBN rules are even more equivalent than in CA, how the set can be reduced into even fewer unique rules, and how the concept becomes more relevant with larger neighbourhoods. For example, switching transformation alone reduces the number of unique rules in RBN with 4 neighbours from 65 536 to only 3 984 (6.1%) rules. Additionally, this paper examines the ME and transformations in substrates beyond Elementary CA (ECA), such as CA with additional spatial dimensions and number of states.","2023-07-24","2024-04-13 14:51:59","2024-04-13 14:51:59","2024-04-13 14:51:59","","","","","","","","","","","","MIT Press","","en","","","","","direct.mit.edu","","","","C:\Users\User\Documents\99_Papers\GloverT et al\Glover et al_2023_Minimum Equivalence in Random Boolean Networks, Elementary Cellular Automata,.pdf","","","","","","","","","","","","","","","","","","","","","","","","","","","","","","","","","","ALIFE 2023: Ghost in the Machine: Proceedings of the 2023 Artificial Life Conference","","","","","","","","","","","","","","",""
"JLKHRCPM","conferencePaper","2023","Savit, Anagha","Biologically Informed Generative Adversarial Networks for Modeling and Prediction","","","","10.1162/isal_a_00589","https://dx.doi.org/10.1162/isal_a_00589","Abstract. We present a novel method that utilizes generative adversarial networks to model biological systems, while constrained by biological principles. We draw inspiration from Physics-Informed Generative Adversarial Networks (PI-GANs) and extend this idea to deterministic biological models that are governed by partial differential equations. Prior knowledge of the model is encoded directly into the loss function during training by minimizing an additional biological loss term. Our method possesses the benefit of being able to learn a model through data-driven techniques, while also ensuring consistency with the laws governing the system. Additionally, it has the capability to make accurate extrapolations beyond the available data, as well as to handle noisy or incomplete data. We consider the specific case of an SIR disease model to demonstrate our results and compare the performance of our method against a vanilla GAN.","2023-07-24","2024-04-13 14:51:53","2024-04-13 14:51:53","2024-04-13 14:51:53","","","","","","","","","","","","MIT Press","","en","","","","","direct.mit.edu","","","","C:\Users\User\Documents\99_Papers\SavitA\Savit_2023_Biologically Informed Generative Adversarial Networks for Modeling and.pdf","","","","","","","","","","","","","","","","","","","","","","","","","","","","","","","","","","ALIFE 2023: Ghost in the Machine: Proceedings of the 2023 Artificial Life Conference","","","","","","","","","","","","","","",""
"47GTJ7ZD","conferencePaper","2023","Trendafilov, Dari; Almansoori, Ahmed; Carletti, Timoteo; Tuci, Elio","The role of the environment in collective perception: A generic complexity measure","","","","10.1162/isal_a_00590","https://dx.doi.org/10.1162/isal_a_00590","Abstract. We propose a novel generic information-theoretic framework for characterizing the task difficulty in the Collective Perception paradigm. Our formalism builds on the notion of Empowerment - a task-independent, universal and generic utility function, which characterizes the level of perceivable control an embodied agent has over its environment. Series of simulations with an empowerment model of the collective perception scenario revealed a significant correlation between the levels of empowerment and the accuracy demonstrated by a set of standard collective decision-making strategies and a recent state-of-the-art neural network controller on nine benchmark patterns, used previously for assessing swarm performance. The results elucidate the key role of both the agent embodiment and the environmental pattern in characterising task difficulty, and justify the application of empowerment to analytically assess this role, which could help predict swarm performance and support the development of more efficient decision-making strategies.","2023-07-24","2024-04-13 14:51:51","2024-04-13 14:51:51","2024-04-13 14:51:51","","","","","","","The role of the environment in collective perception","","","","","MIT Press","","en","","","","","direct.mit.edu","","","","C:\Users\User\Documents\99_Papers\TrendafilovD et al\Trendafilov et al_2023_The role of the environment in collective perception.pdf","","","","","","","","","","","","","","","","","","","","","","","","","","","","","","","","","","ALIFE 2023: Ghost in the Machine: Proceedings of the 2023 Artificial Life Conference","","","","","","","","","","","","","","",""
"Y5VYKBB4","conferencePaper","2023","Walter, Andrew; Wu, Shimeng; Tyrrell, Andy M.; McDaid, Liam; McElholm, Malachy; Sumithran, Nidhin Thandassery; Harkin, Jim; Trefzer, Martin A.","Artificial Neural Microcircuits for use in Neuromorphic System Design","","","","10.1162/isal_a_00581","https://dx.doi.org/10.1162/isal_a_00581","Abstract. Artificial Neural Networks (ANNs) are one of the most widely employed forms of biomorphic computation. However (unlike the biological nervous systems they draw inspiration from) the current trend is for ANNs to be structurally homogeneous. Furthermore, this structural homogeneity requires the application of complex training & learning tools that produce application specific ANNs, susceptible to pitfalls like overfitting. In this paper, an alternative approach is suggested, inspired by the role played in biology by Neural Microcircuits, the so called “fundamental processing elements” of organic nervous systems. How large neural networks can be assembled using Artificial Neural Microcircuits, intended as off-the-shelf components, is articulated; before showing the results of initial work to produce a catalogue of such Microcircuits though the use of Novelty Search.","2023-07-24","2024-04-13 14:51:51","2024-04-13 14:51:51","2024-04-13 14:51:51","","","","","","","","","","","","MIT Press","","en","","","","","direct.mit.edu","","","","C:\Users\User\Documents\99_Papers\WalterA et al\Walter et al_2023_Artificial Neural Microcircuits for use in Neuromorphic System Design.pdf","","","","","","","","","","","","","","","","","","","","","","","","","","","","","","","","","","ALIFE 2023: Ghost in the Machine: Proceedings of the 2023 Artificial Life Conference","","","","","","","","","","","","","","",""
"B44C9NZV","conferencePaper","2023","Reynolds, Craig","Coevolution of Camouflage","","","","10.1162/isal_a_00583","https://dx.doi.org/10.1162/isal_a_00583","Abstract. Camouflage in nature seems to arise from competition between predator and prey. To survive, predators must find prey, and prey must avoid being found. This work simulates an abstract model of that adversarial relationship. It looks at crypsis through evolving prey camouflage patterns (as color textures) in competition with evolving predator vision. During their “lifetime” predators learn to better locate camouflaged prey. The environment for this 2D simulation is provided by a set of photographs, typically of natural scenes. This model is based on two evolving populations, one of prey and another of predators. Mutual conflict between these populations can produce both effective prey camouflage and predators skilled at “breaking” camouflage. The result is an open source artificial life model to help study camouflage in nature, and the perceptual phenomenon of camouflage more generally.","2023-07-24","2024-04-13 14:51:48","2024-04-13 14:51:48","2024-04-13 14:51:48","","","","","","","","","","","","MIT Press","","en","","","","","direct.mit.edu","","","","C:\Users\User\Documents\99_Papers\ReynoldsC\Reynolds_2023_Coevolution of Camouflage.pdf","","","","","","","","","","","","","","","","","","","","","","","","","","","","","","","","","","ALIFE 2023: Ghost in the Machine: Proceedings of the 2023 Artificial Life Conference","","","","","","","","","","","","","","",""
"7CDTN9WK","conferencePaper","2023","Song, Zhihua; Lin, Daoyuan; Chen, Tingyu; Xu, Yangyang; Yang, Wen-Chi","Can Artificial Visual Signals Extend Fish’s Perception Fields?","","","","10.1162/isal_a_00577","https://dx.doi.org/10.1162/isal_a_00577","Abstract. Different perception fields can result in varying behavioural strategies, collective behaviour, or ecological niches. However, limited research has been conducted on the effect of different perception fields within the same species, except for a few computer simulations that may not accurately reflect animals’ real reactions. This study aims to investigate the effect of different perception fields within the same species by attempting to expand goldfish’s perception of their blind zone. A blue circle was used as a visual signal to indicate the presence of another fish in the blind zone of the subject fish, and the response of the subject fish was recorded. Three experiments, namely the benchmark, main, and comparison experiments, were designed to determine whether this artificial visual signal could extend the goldfish’s perception fields. The results demonstrated that in the experiment with this artificial signal (main experiment), the situation that other fish appearing in the blind zone of the subject fish were significantly fewer compared to the experiment with random signals (comparison experiment) or no signals (benchmark experiment). These findings suggest that goldfish may be able to recognise the meaning of the artificial signal in the main experiment and use it to expand their perception and coordinate their actions accordingly.","2023-07-24","2024-04-13 14:51:48","2024-04-13 14:51:48","2024-04-13 14:51:48","","","","","","","","","","","","MIT Press","","en","","","","","direct.mit.edu","","","","C:\Users\User\Documents\99_Papers\SongZ et al\Song et al_2023_Can Artificial Visual Signals Extend Fish’s Perception Fields.pdf","","","","","","","","","","","","","","","","","","","","","","","","","","","","","","","","","","ALIFE 2023: Ghost in the Machine: Proceedings of the 2023 Artificial Life Conference","","","","","","","","","","","","","","",""
"SPPGYJIB","conferencePaper","2023","Scheidegger, Stephan; Füchslin, Rudolf M.; Gaipl, Udo S.","Multi – vs. Single – Perceptron Approach for Modelling the Pattern Recognition and Classification in a Multi-Compartment Adaptive Immune System Model","","","","10.1162/isal_a_00574","https://dx.doi.org/10.1162/isal_a_00574","Abstract. The computer simulation of tumor – host ecosystems interacting with an adaptive immune system may serve as a tool for anti-cancer treatment optimization, but requires appropriate mathematical models. Regarding the tasks of the adaptive immune system (antigen pattern recognition and classification), a perceptron can be used as a conceptual structure representing corresponding biological structures for antigen pattern recognition and classification such as Antigen Presenting Cells (APC’s) and their interaction with effector cells in lymph nodes. Regarding the topology of the lymph vessel network, the adaptive immune system may be represented by several perceptrons receiving information about antigen patterns from different tissue compartments. In this study, two scenarios of lymph node arrangement have been investigated. In both scenarios, a tumor-host tissue compartment is treated with ionizing radiation and a second compartment with host tissue and a tumor metastasis is not irradiated. The results exhibit a dependence of the immune response onto the lymph node arrangement, indicating that the topology of the lymph node network is important for an optimal adaptive immune response. The presented simplistic model structure does not allow for a perfect classification between tumor and host tissue. Instead of a single perceptron which is related to the interaction of immune cells in a corresponding lymph node as suggested in this study, networks of locally interacting units may be considered as layers building a deep (convolutional) neural network - like structure.","2023-07-24","2024-04-13 14:51:47","2024-04-13 14:51:47","2024-04-13 14:51:47","","","","","","","","","","","","MIT Press","","en","","","","","direct.mit.edu","","","","C:\Users\User\Documents\99_Papers\ScheideggerS et al\Scheidegger et al_2023_Multi – vs.pdf","","","","","","","","","","","","","","","","","","","","","","","","","","","","","","","","","","ALIFE 2023: Ghost in the Machine: Proceedings of the 2023 Artificial Life Conference","","","","","","","","","","","","","","",""
"NXFUKHT2","conferencePaper","2023","Stovold, James","Neural Cellular Automata Can Respond to Signals","","","","10.1162/isal_a_00567","https://dx.doi.org/10.1162/isal_a_00567","Abstract. Neural Cellular Automata (NCAs) are a model of morphogenesis, capable of growing two-dimensional artificial organisms from a single seed cell. In this paper, we show that NCAs can be trained to respond to signals. Two types of signal are used: internal (genomically-coded) signals, and external (environmental) signals. Signals are presented to a single pixel for a single timestep.Results show NCAs are able to grow into multiple distinct forms based on internal signals, and are able to change colour based on external signals. Overall these contribute to the development of NCAs as a model of artificial morphogenesis, and pave the way for future developments embedding dynamic behaviour into the NCA model.Code and target images are available through GitHub: https://github.com/jstovold/ALIFE2023","2023-07-24","2024-04-13 14:51:45","2024-04-13 14:51:45","2024-04-13 14:51:45","","","","","","","","","","","","MIT Press","","en","","","","","direct.mit.edu","","","","C:\Users\User\Documents\99_Papers\StovoldJ\Stovold_2023_Neural Cellular Automata Can Respond to Signals.pdf","","","","","","","","","","","","","","","","","","","","","","","","","","","","","","","","","","ALIFE 2023: Ghost in the Machine: Proceedings of the 2023 Artificial Life Conference","","","","","","","","","","","","","","",""
"UMCBLY97","conferencePaper","2023","Rajewicz, Wiktoria; Schmickl, Thomas; Thenius, Ronald","Daphnia as a living sensor for underwater biohybrid systems","","","","10.1162/isal_a_00572","https://dx.doi.org/10.1162/isal_a_00572","Abstract. Through the combination of artificial components and living organisms, we can develop a novel methodology for aquatic monitoring. By observing the responses of organisms to changes in their environment, a broad-spectrum sensor was created. One of the organisms broadly used as a biosensor is Daphnia. Its broad distribution and well-studied biology make it a promising element for incorporating into a biohybrid. This Daphnia-based sensor was calibrated against increasing salinity as a preliminary experiment. The swimming behaviour (spinning and movement inhibition) was observed for different salinities. The results showcase significant and observable differences. This and other calibration experiments will be used here as bases for the behavioural results interpretation.","2023-07-24","2024-04-13 14:51:45","2024-04-13 14:51:45","2024-04-13 14:51:45","","","","","","","","","","","","MIT Press","","en","","","","","direct.mit.edu","","","","C:\Users\User\Documents\99_Papers\RajewiczW et al\Rajewicz et al_2023_Daphnia as a living sensor for underwater biohybrid systems.pdf","","","","","","","","","","","","","","","","","","","","","","","","","","","","","","","","","","ALIFE 2023: Ghost in the Machine: Proceedings of the 2023 Artificial Life Conference","","","","","","","","","","","","","","",""
"6DMBECR8","conferencePaper","2023","Lim, Bryan; Flageat, Manon; Cully, Antoine","Efficient Exploration using Model-Based Quality-Diversity with Gradients","","","","10.1162/isal_a_00566","https://dx.doi.org/10.1162/isal_a_00566","Abstract. Exploration is a key challenge in Reinforcement Learning, especially in long-horizon, deceptive and sparse-reward environments. For such applications, population-based approaches have proven effective. Methods such as Quality-Diversity deals with this by encouraging novel solutions and producing a diversity of behaviours. However, these methods are driven by either undirected sampling (i.e. mutations) or use approximated gradients (i.e. Evolution Strategies) in the parameter space, which makes them highly sample-inefficient. In this paper, we propose Dynamics-Aware QD-Ext (DA-QD-ext) and Gradient and Dynamics Aware QD (GDA-QD), two model-based Quality-Diversity approaches. They extend existing QD methods to use gradients for efficient exploitation and leverage perturbations in imagination for efficient exploration. Our approach takes advantage of the effectiveness of QD algorithms as good data generators to train deep models and use these models to learn diverse and high-performing populations. We demonstrate that they outperform baseline RL approaches on tasks with deceptive rewards, and maintain the divergent search capabilities of QD approaches while exceeding their performance by ∼ 1.5 times and reaching the same results in 5 times less samples.","2023-07-24","2024-04-13 14:51:44","2024-04-13 14:51:44","2024-04-13 14:51:44","","","","","","","","","","","","MIT Press","","en","","","","","direct.mit.edu","","","","C:\Users\User\Documents\99_Papers\LimB et al\Lim et al_2023_Efficient Exploration using Model-Based Quality-Diversity with Gradients.pdf","","","","","","","","","","","","","","","","","","","","","","","","","","","","","","","","","","ALIFE 2023: Ghost in the Machine: Proceedings of the 2023 Artificial Life Conference","","","","","","","","","","","","","","",""
"9SKDWWCF","conferencePaper","2023","Bergamo, Marilia Lyra; Benigno, Sandro","Hardware speculation for robotic plants through cellular automata principle","","","","10.1162/isal_a_00565","https://dx.doi.org/10.1162/isal_a_00565","Abstract. Assuming that plants behave like colonies with many independent but connected parts, this text describes a board design to emulate a cellular automata principle as a solution to biomimetic those organisms. The developed hardware speculates the behaviour of nodes as a result of the conditions of their neighbours, simulating the concept of a small world. Each designed board easily accommodates one to four neighbours connected by cable wiring. A firmware was also produced. It helped to read the states of the neighbouring sensors and actuators before a node made a local decision. Using the board, we built a robotic plant composed of five flowers/nodes whose individual behaviour is codependent on the neighbours’ behaviour. This extended abstract presents the preliminary results of this experiment.","2023-07-24","2024-04-13 14:51:43","2024-04-13 14:51:43","2024-04-13 14:51:43","","","","","","","","","","","","MIT Press","","en","","","","","direct.mit.edu","","","","C:\Users\User\Documents\99_Papers\BergamoM_BenignoS\Bergamo_Benigno_2023_Hardware speculation for robotic plants through cellular automata principle.pdf","","","","","","","","","","","","","","","","","","","","","","","","","","","","","","","","","","ALIFE 2023: Ghost in the Machine: Proceedings of the 2023 Artificial Life Conference","","","","","","","","","","","","","","",""
"6HJGHPM8","conferencePaper","2023","Randazzo, Ettore; Mordvintsev, Alexander; Fouts, Craig","Growing Steerable Neural Cellular Automata","","","","10.1162/isal_a_00564","https://dx.doi.org/10.1162/isal_a_00564","Abstract. Neural Cellular Automata (NCA) models have shown remarkable capacity for pattern formation and complex global behaviors stemming from local coordination. However, in the original implementation of NCA, cells are incapable of adjusting their own orientation, and it is the responsibility of the model designer to orient them externally. A recent isotropic variant of NCA (Growing Isotropic Neural Cellular Automata) makes the model orientation-independent - cells can no longer tell up from down, nor left from right - by removing its dependency on perceiving the gradient of spatial states in its neighborhood. In this work, we revisit NCA with a different approach: we make each cell responsible for its own orientation by allowing it to “turn” as determined by an adjustable internal state. The resulting Steerable NCA contains cells of varying orientation embedded in the same pattern. We observe how, while Isotropic NCA are orientation-agnostic, Steerable NCA have chirality: they have a predetermined left-right symmetry. We therefore show that we can train Steerable NCA in similar but simpler ways than their Isotropic counterpart by (1) breaking symmetries using only two seeds, or (2) introducing a rotation-invariant training objective and relying on asynchronous cell updates to break the up-down symmetry of the system.","2023-07-24","2024-04-13 14:51:38","2024-04-13 14:51:38","2024-04-13 14:51:38","","","","","","","","","","","","MIT Press","","en","","","","","direct.mit.edu","","","","C:\Users\User\Documents\99_Papers\RandazzoE et al\Randazzo et al_2023_Growing Steerable Neural Cellular Automata.pdf","","","","","","","","","","","","","","","","","","","","","","","","","","","","","","","","","","ALIFE 2023: Ghost in the Machine: Proceedings of the 2023 Artificial Life Conference","","","","","","","","","","","","","","",""
"NXZ2MG3B","conferencePaper","2023","Cope, Dylan","Real-time Evolution of Multicellularity with Artificial Gene Regulation","","","","10.1162/isal_a_00690","https://dx.doi.org/10.1162/isal_a_00690","Abstract. This paper presents a real-time simulation involving “protozoan-like” cells that evolve by natural selection in a physical 2D ecosystem. Selection pressure is exerted via the requirements to collect mass and energy from the surroundings in order to reproduce by cell-division. Cells do not have fixed morphologies from birth; they can use their resources in construction projects that produce functional nodes on their surfaces such as photoreceptors for light sensitivity or flagella for motility. Importantly, these nodes act as modular components that connect to the cell’s control system via IO channels, meaning that the evolutionary process can replace one function with another while utilising pre-developed control pathways on the other side of the channel. A notable type of node function is the adhesion receptors that allow cells to bind together into multicellular structures in which individuals can share resource and signal to one another. The control system itself is modelled as an artificial neural network that doubles as a gene regulatory network, thereby permitting the co-evolution of form and function in a single data structure and allowing cell specialisation within multicellular groups.","2023-07-24","2024-04-13 14:57:06","2024-05-09 02:32:11","2024-04-13 14:57:06","","","","","","","","","","","","MIT Press","","en","","","","","direct.mit.edu","","","","C:\Users\User\Documents\99_Papers\CopeD\Cope_2023_Real-time Evolution of Multicellularity with Artificial Gene Regulation.pdf","","Multicellularity; Predation; Gene Regulatory Networks; Youtube; cell-to-cell communication","","","","","","","","","","","","","","","","","","","","","","","","","","","","","","","","ALIFE 2023: Ghost in the Machine: Proceedings of the 2023 Artificial Life Conference","","","","","","","","","","","","","","",""
"ZCPC8T3G","conferencePaper","2023","Ackley, David H.","A Robust Programmable Replicator for an Indefinitely Scalable Machine","","","","10.1162/isal_a_00701","https://dx.doi.org/10.1162/isal_a_00701","Abstract. We demonstrate a programmable mobile self-replicator for a non-deterministic, indefinitely scalable computing architecture. We present a 20 day case study that begins by deploying a single diamond-shaped structure, loaded with handwritten “ancestor” code, into a tiled hardware matrix. That diamond moves, grows, and replicates in about an hour, and during the first day the diamond population reaches the carrying capacity of the 76 tile prototype machine. By analyzing captured matrix images, we derive basic vital statistics of the diamond population. This paper presents the new replicator in the context of related work, focusing on the division of labor between ‘physics’ and ‘biology’ in this open-source computational stack. It concludes with a call to focus on paths to technological utility for these robust, scalable, and life-like computational structures.","2023-07-24","2024-04-13 14:59:06","2024-04-13 15:06:37","2024-04-13 14:59:06","","","","","","","","","","","","MIT Press","","en","","","","","direct.mit.edu","","","","C:\Users\User\Documents\99_Papers\AckleyD\Ackley_2023_A Robust Programmable Replicator for an Indefinitely Scalable Machine.pdf","","Youtube","","","","","","","","","","","","","","","","","","","","","","","","","","","","","","","","ALIFE 2023: Ghost in the Machine: Proceedings of the 2023 Artificial Life Conference","","","","","","","","","","","","","","",""
"G2LQ2V7X","conferencePaper","2023","Adams, Alyssa M.; Rico, Oneris; Guttenberg, Nicholas; Witkowski, Olaf","Ghosts in a Shell: An Immersive Art Experience for ALIFE23","","","","10.1162/isal_a_00614","https://dx.doi.org/10.1162/isal_a_00614","Abstract. Visit this link to see a video version of this abstract.At this moment in technological history, it seems that AI-powered technology has the potential to evolve into almost anything within the next 20 years. While we expect machines to don various forms of intelligence, we also expect to integrate them into our daily lives in ways we haven’t yet imagined. How will their presence and capabilities affect our everyday human experience? While we’re often (rightfully) thinking about how our day-to-day lives will change, we rarely pause to consider the experience of the machines themselves. But there’s a good reason for this. What a machine “experiences” is difficult to define, much less measure. We also have difficulty understanding the concept of experience in general. We don’t fully understand the experiences of the many other living creatures who’ve shared our world for millennia. So while we cannot yet measure how models like ChatGPT[l] or Stable Diffusion[2] experience a written conversation, we may be able to experiment with different ways of translating a machine “experience” to a human one. How do current algorithms translate their inputs into an output, and what happens along the way? In this art installation, we introduce wearable technology meant to translate aspects of what a trained model allocates attention to into something a human can experience.","2023-07-24","2024-04-13 14:52:23","2024-04-13 15:06:11","2024-04-13 14:52:23","","","","","","","Ghosts in a Shell","","","","","MIT Press","","en","","","","","direct.mit.edu","","","","C:\Users\User\Documents\99_Papers\AdamsA et al\Adams et al_2023_Ghosts in a Shell.pdf","","ERA","","","","","","","","","","","","","","","","","","","","","","","","","","","","","","","","ALIFE 2023: Ghost in the Machine: Proceedings of the 2023 Artificial Life Conference","","","","","","","","","","","","","","",""
"RRDJ3GTX","conferencePaper","2023","Raimbault, Juste; Pumain, Denise","Innovation dynamics in multi-scalar systems of cities","","","","10.1162/isal_a_00702","https://dx.doi.org/10.1162/isal_a_00702","Abstract. Innovation dynamics in social and technological systems are strongly linked to urban systems and their multi-scale properties. Understanding underlying processes is crucial for sustainable territorial planning. We introduce a multi-scalar model for innovation dynamics in systems of cities, coupling a macroscopic innovation diffusion and urban dynamics model with mesoscopic models for local innovation clusters. The model parameter space is explored, and we apply a bi-objective optimisation algorithm with objectives across scales. Implementing indicators for downward causation, we finally investigate with a diversity search algorithm the diverse regimes of emergence the model can produce. This suggests strong emergence is captured, confirming the relevance of multi-scale approaches to artificial societies and urban simulation.","2023-07-24","2024-04-13 15:02:20","2024-04-13 15:02:20","2024-04-13 15:02:20","","","","","","","","","","","","MIT Press","","en","","","","","direct.mit.edu","","","","C:\Users\User\Documents\99_Papers\RaimbaultJ_PumainD\Raimbault_Pumain_2023_Innovation dynamics in multi-scalar systems of cities.pdf","","","","","","","","","","","","","","","","","","","","","","","","","","","","","","","","","","ALIFE 2023: Ghost in the Machine: Proceedings of the 2023 Artificial Life Conference","","","","","","","","","","","","","","",""
"BTQ7ARGF","conferencePaper","2023","Guenin-Carlut, Avel; White, Ben; Sganzerla, Lorena","The Cognitive Archaeology of Sociocultural Lifeforms","","","","10.1162/isal_a_00670","https://dx.doi.org/10.1162/isal_a_00670","Abstract. We draw from the recent enactivist literature to articulate an operational definition of Wittgensteinien forms of life as a self-productive collection of constraints over collective behavior. We propose that humans integrate and enact those account through the Active Inference of shared “regimes of attentions”, which are experienced as embedded normativity within direct engagement with a shared sociocultural niche. Given those elements, we discuss how sociocultural lifeforms “encode information” in the material niche, and discuss how this information may be recovered by cognitive archaeologists.","2023-07-24","2024-04-13 15:02:19","2024-04-13 15:02:19","2024-04-13 15:02:19","","","","","","","","","","","","MIT Press","","en","","","","","direct.mit.edu","","","","C:\Users\User\Documents\99_Papers\Guenin-CarlutA et al\Guenin-Carlut et al_2023_The Cognitive Archaeology of Sociocultural Lifeforms.pdf","","","","","","","","","","","","","","","","","","","","","","","","","","","","","","","","","","ALIFE 2023: Ghost in the Machine: Proceedings of the 2023 Artificial Life Conference","","","","","","","","","","","","","","",""
"APQWH56W","conferencePaper","2023","Matsumura, Tadayuki; Esaki, Kanako; Minusa, Shunsuke; Shao, Yang; Yoshimura, Chihiro; Mizuno, Hiroyuki","Social Emotional Valence for Regulating Empathy in Active Inference","","","","10.1162/isal_a_00573","https://dx.doi.org/10.1162/isal_a_00573","Abstract. As AI and robots become more widespread, their social and ethical nature will become more important. The study of behavioral models that follow us, humans, as social creatures, can be expected as one of the solutions. We assume that human sociality including punishments toward free-riders, which is necessary for a stable society, are deeply related to emotions, especially emotions toward others and empathy. Based on this idea, we incorporated social emotions into the active inference, a human behavior model in cognitive science, and investigated the social behavior of the models using a virtual game.","2023-07-24","2024-04-13 15:02:18","2024-04-13 15:02:18","2024-04-13 15:02:18","","","","","","","","","","","","MIT Press","","en","","","","","direct.mit.edu","","","","C:\Users\User\Documents\99_Papers\MatsumuraT et al\Matsumura et al_2023_Social Emotional Valence for Regulating Empathy in Active Inference.pdf","","","","","","","","","","","","","","","","","","","","","","","","","","","","","","","","","","ALIFE 2023: Ghost in the Machine: Proceedings of the 2023 Artificial Life Conference","","","","","","","","","","","","","","",""
"ZV7JLLUG","conferencePaper","2023","Ammann, Nora; von Stengel, Clem","A Naturalised Account of Planning in Intelligent Systems","","","","10.1162/isal_a_00696","https://dx.doi.org/10.1162/isal_a_00696","Abstract. We develop a naturalised account of planning, which identifies a class of functions (and their associated behaviours) in intelligent systems. The account identifies three principal components of a planning process: a system (defined by a set of possible system-environment decompositions); a subsystem (which presents a model, copy, or analog of some aspect of the system); and a selection mechanism (via which a subsystem is functionally related to expected future states). We give a generalised, system-independent account of planning, and then ground our analysis with a set of eight concrete reference systems, spanning biological, human, social, and artificial systems. Finally, we apply this naturalized account of planning to evaluate under what conditions planning behaviour is likely to emerge, and what failure modes arise in systems exhibiting such planning behaviour.","2023-07-24","2024-04-13 15:02:14","2024-04-13 15:02:14","2024-04-13 15:02:14","","","","","","","","","","","","MIT Press","","en","","","","","direct.mit.edu","","","","C:\Users\User\Documents\99_Papers\AmmannN_von StengelC\Ammann_von Stengel_2023_A Naturalised Account of Planning in Intelligent Systems.pdf","","","","","","","","","","","","","","","","","","","","","","","","","","","","","","","","","","ALIFE 2023: Ghost in the Machine: Proceedings of the 2023 Artificial Life Conference","","","","","","","","","","","","","","",""
"X82GCKHM","conferencePaper","2023","Wan, Charles","Timescales, Levels of Organization, and Multi-objective Agents","","","","10.1162/isal_a_00562","https://dx.doi.org/10.1162/isal_a_00562","","2023-07-24","2024-04-13 15:02:13","2024-04-13 15:02:13","2024-04-13 15:02:13","","","","","","","","","","","","MIT Press","","en","","","","","direct.mit.edu","","","","C:\Users\User\Documents\99_Papers\WanC\Wan_2023_Timescales, Levels of Organization, and Multi-objective Agents.pdf","","","","","","","","","","","","","","","","","","","","","","","","","","","","","","","","","","ALIFE 2023: Ghost in the Machine: Proceedings of the 2023 Artificial Life Conference","","","","","","","","","","","","","","",""
"IGLKAVHK","conferencePaper","2023","Calì, Cristiano","Free will and algorithms: a typical androrithm","","","","10.1162/isal_a_00643","https://dx.doi.org/10.1162/isal_a_00643","Abstract. This contribution moves in the specific area of the philosophy of mind and, in particular, in that of the philosophy of free will. The question of free will, in fact, has always been at the center of philosophical debates and is still an open question today. The aim of this paper is to use the discipline of artificial intelligence as a magnifying glass for the free will problem in order to identify, through it, how this cognitive capacity is an androrithm: an element specific to the human being and irreproducible. Through an analysis of the similarities and dissimilarities that the question of artificial intelligence and that of free will share, and a brief review of the various types of freedom that - in the face of contemporary debate - could be present in both human beings and machines, we will come to the conclusion that the so-called ambitious free will, if it exists at all, can never be reproduced and is therefore characterized as a constitutive element of the human being.","2023-07-24","2024-04-13 15:02:13","2024-04-13 15:02:13","2024-04-13 15:02:13","","","","","","","Free will and algorithms","","","","","MIT Press","","en","","","","","direct.mit.edu","","","","C:\Users\User\Documents\99_Papers\CalìC\Calì_2023_Free will and algorithms.pdf","","","","","","","","","","","","","","","","","","","","","","","","","","","","","","","","","","ALIFE 2023: Ghost in the Machine: Proceedings of the 2023 Artificial Life Conference","","","","","","","","","","","","","","",""
"RK4NGADX","conferencePaper","2023","Bullock, Seth; Noyes, Jan; Steane, Victoria; Bennett, Chris; Gao, Wenwen; Hart, Sophie; Hogg, Elliott; Zanatto, Debora","Detecting and Classifying Degradation in Robotic Swarms: An Experimental Study","","","","10.1162/isal_a_00624","https://dx.doi.org/10.1162/isal_a_00624","Abstract. This paper describes the results of an experiment in which human participants were required to detect degraded robot swarm behaviour and classify it as arising from either faulty or malicious robot activity in an idealised simulation of a multi-agent search and rescue task. The accuracy of participant judgements was influenced by the nature of the degradation, and between-participant differences in the extent to which they interacted with the swarm did not significantly influence their accuracy. It was found that detecting and classifying swarm degradation are challenging tasks that are likely to be strongly sensitive to task setting and will tend to require careful swarm system design and specific operator training.","2023-07-24","2024-04-13 15:02:05","2024-04-13 15:02:05","2024-04-13 15:02:05","","","","","","","Detecting and Classifying Degradation in Robotic Swarms","","","","","MIT Press","","en","","","","","direct.mit.edu","","","","C:\Users\User\Documents\99_Papers\BullockS et al\Bullock et al_2023_Detecting and Classifying Degradation in Robotic Swarms.pdf","","","","","","","","","","","","","","","","","","","","","","","","","","","","","","","","","","ALIFE 2023: Ghost in the Machine: Proceedings of the 2023 Artificial Life Conference","","","","","","","","","","","","","","",""
"YRERQ7AA","conferencePaper","2023","Safdari, Aboutaleb","From Basic Empathy to Basic Trust in Human-Robot Relation: A Phenomenological Proposal","","","","10.1162/isal_a_00622","https://dx.doi.org/10.1162/isal_a_00622","Abstract. There are two types of trust: basic trust (BT) and secondary trust (ST). While ST refers to a rational mental state that is the result of individual-evidential decision making and calculation, BT is a relational state that the subjects experience. In this paper, drawing primarily on resources from the phenomenological-enactive approach to social cognition, I argue that there can be BT in the human-robot relation (HRR). This BT is the result of basic empathy for robots, that has been enriched by a long enough and complicated history of interaction with them. I propose a procedure according to which first basic empathy leads people to experience robots as pseudo-others, resulting in the formation of a thin and simple social relation. Then, through the history of interaction between people and robots, this simple, primary empathic-based social relation evolves into a more complicated and rich form of social relation that fosters the BT.","2023-07-24","2024-04-13 15:02:04","2024-04-13 15:02:04","2024-04-13 15:02:04","","","","","","","From Basic Empathy to Basic Trust in Human-Robot Relation","","","","","MIT Press","","en","","","","","direct.mit.edu","","","","C:\Users\User\Documents\99_Papers\SafdariA\Safdari_2023_From Basic Empathy to Basic Trust in Human-Robot Relation.pdf","","","","","","","","","","","","","","","","","","","","","","","","","","","","","","","","","","ALIFE 2023: Ghost in the Machine: Proceedings of the 2023 Artificial Life Conference","","","","","","","","","","","","","","",""
"4XD2U2HA","conferencePaper","2023","Aishwaryaprajna, Aishwaryaprajna; Lewis, Peter R.","Exploring Intervention in Co-Evolving Deliberative Neuro-Evolution with Reflective Governance for the Sustainable Foraging Problem","","","","10.1162/isal_a_00646","https://dx.doi.org/10.1162/isal_a_00646","Abstract. Cooperation has been widely studied in multi-agent foraging tasks. However, the impact of agent-environment interactions on the longer term and the achievement of sustainability have been largely unexplored in this context. This work contributes to the development of a testbed for exploring social dynamics between agents: the ‘sustainable foraging problem’. This testbed explores the effect of agent behaviour and the agent’s dilemma of choosing between individual reward and collective long-term goals for sustainable resource management. To incorporate varied levels of replenishment rates in this testbed, forest, pasture and desert environment types are formulated. A co-evolving deliberative loop with neuro-evolution that asks the agents to act with greedy or moderate behaviour is demonstrated. This deliberative layer is shown to be insufficient in situations of social dilemma where the agents learn to increase their individual rewards instead of collectively increasing these rewards through the sustainability of the environment. A simple reflective governor based on the notion of the agent’s self-awareness is illustrated to allow the agents to occasionally reason about the long-term impacts of their immediate actions on future resource availability in the environment, which may eventually ensure sustainability.","2023-07-24","2024-04-13 15:02:03","2024-04-13 15:02:03","2024-04-13 15:02:03","","","","","","","","","","","","MIT Press","","en","","","","","direct.mit.edu","","","","C:\Users\User\Documents\99_Papers\AishwaryaprajnaA_LewisP\Aishwaryaprajna_Lewis_2023_Exploring Intervention in Co-Evolving Deliberative Neuro-Evolution with.pdf","","","","","","","","","","","","","","","","","","","","","","","","","","","","","","","","","","ALIFE 2023: Ghost in the Machine: Proceedings of the 2023 Artificial Life Conference","","","","","","","","","","","","","","",""
"C85SHKLK","conferencePaper","2023","McGregor, Simon","Is ChatGPT Really Disembodied?","","","","10.1162/isal_a_00597","https://dx.doi.org/10.1162/isal_a_00597","Abstract. This article argues that the application of an embodied cognitive science perspective does not require us to distinguish between systems that have a physically tangible body and systems that do not. I consider the specific case of ChatGPT, a large language model specialised for interactive dialogue, and argue that ChatGPT can potentially be seen as embodied, albeit with a very unfamiliar type of embodiment.I propose that we should explicitly distinguish between two notions of physicality: on the one hand, whether a system’s body is tangible or not (roughly, whether we imagine it as providing us tactile-kinesthetic affordances); on the other hand, whether a system is physically situated or not (i.e. whether or not it interacts physically with the rest of the Universe).I discuss whether or not tangibility should be accorded any major theoretical weight, within cognitive science, by considering several theoretical issues relating to embodiment: six from the previous literature, and four that I raise myself.. My conclusion is that (at least in regard to these aspects of embodied cognition) there is no good theoretical reason to treat tangible bodies as a prerequisite for embodied cognition.Hence, I argue that an interactive language model like Chat-GPT can, in principle, perceive the world and interact with it just as physically as a squid or robot does (albeit less tangibly) through text channels, which serve as its physical sensors and actuators. Whether or not we should understand it as doing so depends on its behaviour, not on its substrate.","2023-07-24","2024-04-13 15:01:56","2024-04-13 15:01:56","2024-04-13 15:01:56","","","","","","","","","","","","MIT Press","","en","","","","","direct.mit.edu","","","","C:\Users\User\Documents\99_Papers\McGregorS\McGregor_2023_Is ChatGPT Really Disembodied.pdf","","","","","","","","","","","","","","","","","","","","","","","","","","","","","","","","","","ALIFE 2023: Ghost in the Machine: Proceedings of the 2023 Artificial Life Conference","","","","","","","","","","","","","","",""
"K8X3SUUK","conferencePaper","2023","Egbert, Matthew D.","Playing and Being Played by the Drums","","","","10.1162/isal_a_00680","https://dx.doi.org/10.1162/isal_a_00680","Abstract. The metaphors that we choose to describe living and cognitive systems influence how we study them. Similarly, the behaviours that we choose as examples of intelligence or adaptivity influence the models we build and the ways we conceive of and study cognition. Over the course of history, humanity has embraced a variety of metaphors for minds and how they work. The dominant metaphor at the moment compares minds to computers. I would like to consider an alternative metaphor. Instead of thinking about brains as computers, and instead of thinking about cognition as problem-solving, what emerges when we compare mind (and life) to improvisational performance? This abstract uses improvisational drumming as a specific example to elaborate upon key aspects of enactivist and A-Life related perspectives of cognition. I suggest that (i) by recognising how improvised performances define their own norms as they develop, we can come to better understand how living and thinking systems might also define their own dynamic norms; (ii) by understanding what is lost when an acoustic drumset is replaced by one that is electronic, we can derive insight into what is missed when the body and the environment are left out of our descriptions of intelligent adaptive behaviour; and (iii) by recognising the diverse factors that determine the form of an improvised collaborative performance, we can better recognise the similarly diverse factors that sculpt the norms, behaviours and other features of an individual.","2023-07-24","2024-04-13 15:01:54","2024-04-13 15:01:54","2024-04-13 15:01:54","","","","","","","","","","","","MIT Press","","en","","","","","direct.mit.edu","","","","C:\Users\User\Documents\99_Papers\EgbertM\Egbert_2023_Playing and Being Played by the Drums.pdf","","","","","","","","","","","","","","","","","","","","","","","","","","","","","","","","","","ALIFE 2023: Ghost in the Machine: Proceedings of the 2023 Artificial Life Conference","","","","","","","","","","","","","","",""
"Y5ZTGM69","conferencePaper","2023","Guttenberg, Nicholas; Soros, L. B.","Designing Emergence in Games","","","","10.1162/isal_a_00580","https://dx.doi.org/10.1162/isal_a_00580","","2023-07-24","2024-04-13 15:01:48","2024-04-13 15:01:48","2024-04-13 15:01:48","","","","","","","","","","","","MIT Press","","en","","","","","direct.mit.edu","","","","C:\Users\User\Documents\99_Papers\GuttenbergN_SorosL\Guttenberg_Soros_2023_Designing Emergence in Games.pdf","","","","","","","","","","","","","","","","","","","","","","","","","","","","","","","","","","ALIFE 2023: Ghost in the Machine: Proceedings of the 2023 Artificial Life Conference","","","","","","","","","","","","","","",""
"WHEIV5CJ","conferencePaper","2023","Hamann, Heiko; Schmickl, Thomas","Free Lunch in Evolutionary Embodied Computation in Modular Robotics","","","","10.1162/isal_a_00569","https://dx.doi.org/10.1162/isal_a_00569","Abstract. Several anecdotal experimental observations suggest that physical constraints (e.g., in physics-based simulations of evolutionary robotics) can considerably increase the diversity of results obtained by evolutionary computation methods and can even yield surprises.","2023-07-24","2024-04-13 15:01:47","2024-04-13 15:01:47","2024-04-13 15:01:47","","","","","","","","","","","","MIT Press","","en","","","","","direct.mit.edu","","","","C:\Users\User\Documents\99_Papers\HamannH_SchmicklT\Hamann_Schmickl_2023_Free Lunch in Evolutionary Embodied Computation in Modular Robotics.pdf","","","","","","","","","","","","","","","","","","","","","","","","","","","","","","","","","","ALIFE 2023: Ghost in the Machine: Proceedings of the 2023 Artificial Life Conference","","","","","","","","","","","","","","",""
"3EL2BU3C","conferencePaper","2023","Hinsch, Martin; Silverman, Eric; Robertson, David L.","Simulating the Evolutionary Response of a Viral Pandemic to Behaviour Change","","","","10.1162/isal_a_00691","https://dx.doi.org/10.1162/isal_a_00691","Abstract. The progression of the global SARS-CoV-2 pandemic has been characterised by the emergence of novel ‘variants of concern’ (VOCs), which have altered transmission rates and immune escape capabilities. While numerous studies have used agent-based simulation to model the transmission and spread of the virus within populations, few have examined the impact of altered human behaviour in response to the evolution of the virus. Here we demonstrate a prototype simulation in which a simulated virus continually evolves as the agent population alters its behaviour in response to the perceived threat posed by the virus. Both mutations influencing intra-host and inter-host evolution are simulated. The model shows that evolution can dramatically reduce the effect of individual behaviour and policies on the spread of a pandemic. In particular only a small proportion of non-compliance with policies is sufficient to render countermeasures ineffective and lead to the spread of highly infectious variants.","2023-07-24","2024-04-13 15:01:37","2024-04-13 15:01:37","2024-04-13 15:01:37","","","","","","","","","","","","MIT Press","","en","","","","","direct.mit.edu","","","","C:\Users\User\Documents\99_Papers\HinschM et al\Hinsch et al_2023_Simulating the Evolutionary Response of a Viral Pandemic to Behaviour Change.pdf","","","","","","","","","","","","","","","","","","","","","","","","","","","","","","","","","","ALIFE 2023: Ghost in the Machine: Proceedings of the 2023 Artificial Life Conference","","","","","","","","","","","","","","",""
"AXWX9SBK","conferencePaper","2023","Bernardi, Giulia; Medvet, Eric; Bartoli, Alberto; De Lorenzo, Andrea","Examining the Role of Incentives in Scholarly Publishing with Multi-Agent Reinforcement Learning","","","","10.1162/isal_a_00585","https://dx.doi.org/10.1162/isal_a_00585","Abstract. Scientific research plays a crucial role in advancing human civilization, thanks to the efforts of a multitude of individual actors. Their behavior is largely driven by individual incentives, both explicit and implicit. In this paper, we propose and validate a multi-agent model to study the complex system of scholarly publishing and investigate the impact of incentives on research output. We use reinforcement learning to make the behavior of the actors optimizable, and guide their optimization with a reward signal that encodes the incentives. We consider various combinations of incentives and predefined behaviors and analyze their impact on both individual (h-index, impact factor) and overall indexes of research output. Our results suggest that, despite its simplicity, our model is able to capture the main dynamics of the system. Moreover, we find that (a) most incentives tend to favor productivity over quality and (b) incentives related to journal perceived reputation tend to result in waste of research efforts.","2023-07-24","2024-04-13 15:01:36","2024-04-13 15:01:36","2024-04-13 15:01:36","","","","","","","","","","","","MIT Press","","en","","","","","direct.mit.edu","","","","C:\Users\User\Documents\99_Papers\BernardiG et al\Bernardi et al_2023_Examining the Role of Incentives in Scholarly Publishing with Multi-Agent.pdf","","","","","","","","","","","","","","","","","","","","","","","","","","","","","","","","","","ALIFE 2023: Ghost in the Machine: Proceedings of the 2023 Artificial Life Conference","","","","","","","","","","","","","","",""
"9YTDEMXJ","conferencePaper","2023","Han, The Anh","To Comply or Not: A Social Dynamics Analysis of Institutional Reward and Punishment for Commitment Compliance","","","","10.1162/isal_a_00571","https://dx.doi.org/10.1162/isal_a_00571","","2023-07-24","2024-04-13 15:01:35","2024-04-13 15:01:35","2024-04-13 15:01:35","","","","","","","To Comply or Not","","","","","MIT Press","","en","","","","","direct.mit.edu","","","","C:\Users\User\Documents\99_Papers\HanT\Han_2023_To Comply or Not.pdf","","","","","","","","","","","","","","","","","","","","","","","","","","","","","","","","","","ALIFE 2023: Ghost in the Machine: Proceedings of the 2023 Artificial Life Conference","","","","","","","","","","","","","","",""
"NU3P5QD8","conferencePaper","2023","Khaluf, Yara; Vandenberghe, Arne","How Individual Heterogeneity impacts Spreading Dynamics in Urban Proximity Networks: A case-study of virus spreading in the city of Brussels","","","","10.1162/isal_a_00570","https://dx.doi.org/10.1162/isal_a_00570","Abstract. Understanding spreading dynamics can help predict how a highly contagious disease can infect an entire population, how ideas propagate in societies, and how successful marketing campaigns emerge. In this study, we develop an agent-based model to highlight the role of individual heterogeneity in defining and shaping spreading dynamics. We select the case study of a virus spreading. The proposed model creates proximity networks in an urban environment, which is based on the city of Brussels. Various implementations of individual features and decision heterogeneity were examined. Our findings highlight the impact of individual irrationality and the size of social networks on emergent spreading and on the efficiency of local interventions.","2023-07-24","2024-04-13 15:01:33","2024-04-13 15:01:33","2024-04-13 15:01:34","","","","","","","How Individual Heterogeneity impacts Spreading Dynamics in Urban Proximity Networks","","","","","MIT Press","","en","","","","","direct.mit.edu","","","","C:\Users\User\Documents\99_Papers\KhalufY_VandenbergheA\Khaluf_Vandenberghe_2023_How Individual Heterogeneity impacts Spreading Dynamics in Urban Proximity.pdf","","","","","","","","","","","","","","","","","","","","","","","","","","","","","","","","","","ALIFE 2023: Ghost in the Machine: Proceedings of the 2023 Artificial Life Conference","","","","","","","","","","","","","","",""
"7NZQ9JCS","conferencePaper","2023","Duong, M. H.; Durbac, C. M.; Han, T. A.","Optimisation of hybrid institutional incentives for cooperation in finite populations","","","","10.1162/isal_a_00568","https://dx.doi.org/10.1162/isal_a_00568","","2023-07-24","2024-04-13 15:01:32","2024-04-13 15:01:32","2024-04-13 15:01:32","","","","","","","","","","","","MIT Press","","en","","","","","direct.mit.edu","","","","C:\Users\User\Documents\99_Papers\DuongM et al\Duong et al_2023_Optimisation of hybrid institutional incentives for cooperation in finite.pdf","","","","","","","","","","","","","","","","","","","","","","","","","","","","","","","","","","ALIFE 2023: Ghost in the Machine: Proceedings of the 2023 Artificial Life Conference","","","","","","","","","","","","","","",""
"YB8M85CN","conferencePaper","2023","Bova, Paolo; Di Stefano, Alessandro; Han, The Anh","A tale of two Regulatory Markets: the role of institutional incentives in supporting sustainable Regulatory Markets for future AI systems","","","","10.1162/isal_a_00626","https://dx.doi.org/10.1162/isal_a_00626","","2023-07-24","2024-04-13 15:01:27","2024-04-13 15:01:27","2024-04-13 15:01:27","","","","","","","A tale of two Regulatory Markets","","","","","MIT Press","","en","","","","","direct.mit.edu","","","","C:\Users\User\Documents\99_Papers\BovaP et al\Bova et al_2023_A tale of two Regulatory Markets.pdf","","","","","","","","","","","","","","","","","","","","","","","","","","","","","","","","","","ALIFE 2023: Ghost in the Machine: Proceedings of the 2023 Artificial Life Conference","","","","","","","","","","","","","","",""
"27MH36CF","conferencePaper","2023","Yamato, Yusuke; Suzuki, Reiji; Arita, Takaya","Design and preliminary results of a joint metamemory experiment for the evolution of co-representation","","","","10.1162/isal_a_00699","https://dx.doi.org/10.1162/isal_a_00699","","2023-07-24","2024-04-13 15:00:35","2024-04-13 15:00:35","2024-04-13 15:00:35","","","","","","","","","","","","MIT Press","","en","","","","","direct.mit.edu","","","","C:\Users\User\Documents\99_Papers\YamatoY et al\Yamato et al_2023_Design and preliminary results of a joint metamemory experiment for the.pdf","","","","","","","","","","","","","","","","","","","","","","","","","","","","","","","","","","ALIFE 2023: Ghost in the Machine: Proceedings of the 2023 Artificial Life Conference","","","","","","","","","","","","","","",""
"BBUFQTL3","conferencePaper","2023","Maruyama, Norihiro; Crosscombe, Michael; Dobata, Shigeto; Ikegami, Takashi","Emergence of Differentiation of Deterministic/Stochastic Behavior in Ants’ Collectives","","","","10.1162/isal_a_00698","https://dx.doi.org/10.1162/isal_a_00698","Abstract. We conducted a comprehensive tracking study of 64 unmarked ants within the same arena to examine the dynamics of individual behaviors within a collective, aiming to understand the underlying mechanisms that drive the colony's collective behaviors. Specifically, we analyzed the movement patterns of the ants to identify the “algorithm” governing their actions. One such approach we employed is the ϵ-machine method, pioneered by Crutchfield and colleagues, which predicts motion using a stochastic finite state machine. The results of our study revealed that individual ants exhibited either deterministic or stochastic behaviors, contingent upon their roles within the colony. Ants contributing to cluster formation displayed deterministic behaviors, whereas those exploring outside of the cluster were more likely to demonstrate stochastic behaviors.","2023-07-24","2024-04-13 15:00:26","2024-04-13 15:00:26","2024-04-13 15:00:26","","","","","","","","","","","","MIT Press","","en","","","","","direct.mit.edu","","","","C:\Users\User\Documents\99_Papers\MaruyamaN et al\Maruyama et al_2023_Emergence of Differentiation of Deterministic-Stochastic Behavior in Ants’.pdf","","","","","","","","","","","","","","","","","","","","","","","","","","","","","","","","","","ALIFE 2023: Ghost in the Machine: Proceedings of the 2023 Artificial Life Conference","","","","","","","","","","","","","","",""
"NXWHHQ7P","conferencePaper","2023","Kucharavy, Andrei; Guerraoui, Rachid; Dolamic, Ljiljana","Evolutionary Algorithms in the Light of SGD: Limit Equivalence, Minima Flatness, and Transfer Learning","","","","10.1162/isal_a_00695","https://dx.doi.org/10.1162/isal_a_00695","Abstract. Whenever applicable, the Stochastic Gradient Descent (SGD) has shown itself to be unreasonably effective. Instead of underperforming and getting trapped in local minima due to the batch noise, SGD leverages it to learn to generalize better and find minima that are good enough for the entire dataset. This led to numerous theoretical and experimental investigations, especially in the context of Artificial Neural Networks (ANNs), leading to better machine learning algorithms. However, SGD is not applicable in a non-differentiable setting, leaving all that prior research off the table.In this paper, we show that a class of evolutionary algorithms (EAs) inspired by the Gillespie-Orr Mutational Landscapes model for natural evolution is formally equivalent to SGD in certain settings and, in practice, is well adapted to large ANNs. We refer to such EAs as Gillespie-Orr EA class (GO-EAs) and empirically show how an insight transfer from SGD can work for them. We then show that for ANNs trained to near-optimality or in the transfer learning setting, the equivalence also allows transferring the insights from the Mutational Landscapes model to SGD.We then leverage this equivalence to experimentally show how SGD and GO-EAs can provide mutual insight through examples of minima flatness, transfer learning, and mixing of individuals in EAs applied to large models.","2023-07-24","2024-04-13 15:00:23","2024-04-13 15:00:23","2024-04-13 15:00:23","","","","","","","Evolutionary Algorithms in the Light of SGD","","","","","MIT Press","","en","","","","","direct.mit.edu","","","","C:\Users\User\Documents\99_Papers\KucharavyA et al\Kucharavy et al_2023_Evolutionary Algorithms in the Light of SGD.pdf","","","","","","","","","","","","","","","","","","","","","","","","","","","","","","","","","","ALIFE 2023: Ghost in the Machine: Proceedings of the 2023 Artificial Life Conference","","","","","","","","","","","","","","",""
"DCRUZFYU","conferencePaper","2023","Houghton, Conor","An Ising-like Model for Language Evolution","","","","10.1162/isal_a_00682","https://dx.doi.org/10.1162/isal_a_00682","Abstract. I propose a novel Ising-like model of language evolution. In a simple way, Ising-like models represent the countervailing tendencies towards convergence and change present in language evolution. In the ordinary Ising-model, a node on a graph, in this case representing a language speaker, interacts with all its neighbors. In contrast, in the model proposed here, a node only interacts with the neighboring node whose state-vector is most similar to its own. This reflects the tendency of people to interact with others who speak a similar language. Unlike the ordinary Ising model, which tends towards language continua, this new model allows language boundaries.","2023-07-24","2024-04-13 15:00:14","2024-04-13 15:00:14","2024-04-13 15:00:14","","","","","","","","","","","","MIT Press","","en","","","","","direct.mit.edu","","","","C:\Users\User\Documents\99_Papers\HoughtonC\Houghton_2023_An Ising-like Model for Language Evolution.pdf","","","","","","","","","","","","","","","","","","","","","","","","","","","","","","","","","","ALIFE 2023: Ghost in the Machine: Proceedings of the 2023 Artificial Life Conference","","","","","","","","","","","","","","",""
"6LQIECEP","conferencePaper","2023","Ashworth, Jacob; Fiorito, Julian; Yoder, Jason","Modeling Evolutionary Development with Indirect Encodings on Dynamic NK Fitness Landscapes","","","","10.1162/isal_a_00679","https://dx.doi.org/10.1162/isal_a_00679","Abstract. The study of evolutionary development (evo-devo) is frequently challenged by the scales of space and time complexity inherent to its study. This has led to the creation of abstract models to allow for the exploration of evo-devo in a manner that is both more computationally feasible and more general, without ties to the specific biological processes of a single organism. Our work expands upon these previous models by introducing an indirect encoding for developmental mechanisms, dynamic fitness landscapes, and a phenotypic structure that allows for the exploration of new interactions between the developmental and evolutionary processes. Introducing these changes allows us to conduct a more thorough study of factors impacting evo-devo. Our experimental results suggest a number of parallels to biological systems. These include representing the synergy of evolutionary and developmental processes, the evolution of adaptable features, and highly conserved regulatory genes. We also discuss the opportunities for exploration opened by this new model. These possibilities include the study of developmental exaptations and the robustness of developmental strategies.","2023-07-24","2024-04-13 15:00:13","2024-04-13 15:00:13","2024-04-13 15:00:13","","","","","","","","","","","","MIT Press","","en","","","","","direct.mit.edu","","","","C:\Users\User\Documents\99_Papers\AshworthJ et al\Ashworth et al_2023_Modeling Evolutionary Development with Indirect Encodings on Dynamic NK Fitness.pdf","","","","","","","","","","","","","","","","","","","","","","","","","","","","","","","","","","ALIFE 2023: Ghost in the Machine: Proceedings of the 2023 Artificial Life Conference","","","","","","","","","","","","","","",""
"AB89PEIM","conferencePaper","2023","Takata, Ryosuke; Tang, Yujin; Tian, Yingtao; Maruyama, Norihiro; Kojima, Hiroki; Ikegami, Takashi","Evolving Collective AI: Simulation of Ants Communicating via Chemicals","","","","10.1162/isal_a_00676","https://dx.doi.org/10.1162/isal_a_00676","Abstract. Artificial intelligence (AI) has seen drastic advances given recently powerful models with astonishing individual capacities, while the biological evolutionary strategy focuses more on collective intelligence. We seek to bridge biological collective intelligence with artificial intelligence, by studying collective motion of agents, inspired by the biological ants collectively solving tasks while using chemical pheromone for communication. We train agent in a single setting to acquire chemotaxis and duplicate the trained agents to form a population. We observe several interesting dynamics where collective intelligence is realized in our AI models, and expect to further analyze the impact of communication on collective dynamics.","2023-07-24","2024-04-13 15:00:11","2024-04-13 15:00:11","2024-04-13 15:00:11","","","","","","","Evolving Collective AI","","","","","MIT Press","","en","","","","","direct.mit.edu","","","","C:\Users\User\Documents\99_Papers\TakataR et al\Takata et al_2023_Evolving Collective AI.pdf","","","","","","","","","","","","","","","","","","","","","","","","","","","","","","","","","","ALIFE 2023: Ghost in the Machine: Proceedings of the 2023 Artificial Life Conference","","","","","","","","","","","","","","",""
"QTZE7TPK","conferencePaper","2023","Jackson, Alex; Schoots, Nandi; Ahantab, Amin; Luck, Michael; Black, Elizabeth","Finding Sparse Initialisations using Neuroevolutionary Ticket Search (NeTS)","","","","10.1162/isal_a_00664","https://dx.doi.org/10.1162/isal_a_00664","Abstract. Deep learning, powered by overparameterised Deep Neural Networks (DNNs), has seen a surge in interest in recent years. Although these networks are often pruned to a fraction of their size post-training, the Lottery Ticket Hypothesis (LTH) suggests that equally trainable, sparser subnetworks exist within them. This paper presents a new evolutionary algorithm, Neuroevolutionary Ticket Search (NeTS), which finds these efficient subnetworks in feed-forward or convolutional DNN architectures. Tested on common training datasets, NeTS can prune DNNs prior to significant gradient descent training, leading to notable performance benefits.","2023-07-24","2024-04-13 15:00:09","2024-04-13 15:00:09","2024-04-13 15:00:09","","","","","","","","","","","","MIT Press","","en","","","","","direct.mit.edu","","","","C:\Users\User\Documents\99_Papers\JacksonA et al\Jackson et al_2023_Finding Sparse Initialisations using Neuroevolutionary Ticket Search (NeTS).pdf","","","","","","","","","","","","","","","","","","","","","","","","","","","","","","","","","","ALIFE 2023: Ghost in the Machine: Proceedings of the 2023 Artificial Life Conference","","","","","","","","","","","","","","",""
"PP3RP3D7","conferencePaper","2023","Ragusa, Vincent R.; Bohm, Clifford","The Role of Disequilibrium in Evolutionary Discovery","","","","10.1162/isal_a_00660","https://dx.doi.org/10.1162/isal_a_00660","Abstract. During certain evolutionary scenarios, such as genetic sweeps and range expansions, the driving lineages have an increased competitiveness or experience an absence of competition, which results in a higher tolerance of deleterious mutations. We have named this phenomenon, during which individuals have more freedom to explore their fitness landscape, the “Free-for-All” effect (FFA). We present evidence for the free-for-all effect and discuss some of its implications for evolutionary science. This document summarizes work that we are preparing for publication.","2023-07-24","2024-04-13 15:00:07","2024-04-13 15:00:07","2024-04-13 15:00:07","","","","","","","","","","","","MIT Press","","en","","","","","direct.mit.edu","","","","C:\Users\User\Documents\99_Papers\RagusaV_BohmC\Ragusa_Bohm_2023_The Role of Disequilibrium in Evolutionary Discovery.pdf","","","","","","","","","","","","","","","","","","","","","","","","","","","","","","","","","","ALIFE 2023: Ghost in the Machine: Proceedings of the 2023 Artificial Life Conference","","","","","","","","","","","","","","",""
"9T327HNZ","conferencePaper","2023","Veenstra, Frank; Szorkovszky, Alex; Glette, Kyrre","Decentralized Control and Morphological Evolution of 2D Virtual Creatures","","","","10.1162/isal_a_00656","https://dx.doi.org/10.1162/isal_a_00656","Abstract. There are many challenges pertaining to how one should jointly evolve the morphology and controllers of robots and virtual creatures. Innervation between decentralized control approaches can allow for coordinated rhythmic movement in organisms, and this can therefore be beneficial when evolving the bodies and brains of virtual creatures. To test how decentralized control could be beneficial when evolving the morphology and control of 2D virtual creatures, three open-loop decentralized control schemes were compared for their effectiveness: (1) a simple sinusoidal wave generator, (2) a phase-coupled oscillator and (3) a neural network. The latter two controllers could innervate to descending controllers enabling the expression of coordinated movement. In addition, the performance of the controllers were compared when the creatures were made through either a direct or indirect encoding. The results show that a phase-coupled oscillator gives significantly better performance than a simple wave when using either of the two encodings. The neural network approach performed somewhere in-between both controller approaches, although seeding an evolving population with manually designed neural networks improved the performance especially for the direct encoding. Controller modulation through descending innervation can lead to coordinated movements that can benefit decentralized control strategies when evolving the morphology and control of virtual creatures.","2023-07-24","2024-04-13 15:00:04","2024-04-13 15:00:04","2024-04-13 15:00:04","","","","","","","","","","","","MIT Press","","en","","","","","direct.mit.edu","","","","C:\Users\User\Documents\99_Papers\VeenstraF et al\Veenstra et al_2023_Decentralized Control and Morphological Evolution of 2D Virtual Creatures.pdf","","","","","","","","","","","","","","","","","","","","","","","","","","","","","","","","","","ALIFE 2023: Ghost in the Machine: Proceedings of the 2023 Artificial Life Conference","","","","","","","","","","","","","","",""
"HY9N2WE2","conferencePaper","2023","Damiano, Luisa; Stano, Pasquale","The Wetware Route to Explore Embodied Cognition: A Proposal","","","","10.1162/isal_a_00649","https://dx.doi.org/10.1162/isal_a_00649","Abstract. Embodied AI, the main direction of AI engaged in the synthetic modeling of natural cognition, is generally based on hardware-software approaches. Here we present the general lines of a proposal referred as the “wetware route” to Embodied AI, construed as the ideation and implementation of chemical models of cognitive processes inspired by the theory of autopoiesis. Our approach proposes to focus on the organizational traits that characterize autopoietic systems as cognitive systems, and accordingly attempts to define a viable organizational Embodied AI research program in the nascent wetware sci-tech arena of Synthetic Biology.","2023-07-24","2024-04-13 15:00:02","2024-04-13 15:00:02","2024-04-13 15:00:02","","","","","","","The Wetware Route to Explore Embodied Cognition","","","","","MIT Press","","en","","","","","direct.mit.edu","","","","C:\Users\User\Documents\99_Papers\DamianoL_StanoP\Damiano_Stano_2023_The Wetware Route to Explore Embodied Cognition.pdf","","","","","","","","","","","","","","","","","","","","","","","","","","","","","","","","","","ALIFE 2023: Ghost in the Machine: Proceedings of the 2023 Artificial Life Conference","","","","","","","","","","","","","","",""
"43BLS7WE","conferencePaper","2023","Weyland, Mathias S.; Flumini, Dandolo; Schneider, Johannes J.; Faggian, Alessia; Diaz, Aitor Patiño; Füchslin, Rudolf M.","A Chemical Compiler for the Synthesis of Branched Oligomers on Standardized Chemical Reaction Structures","","","","10.1162/isal_a_00648","https://dx.doi.org/10.1162/isal_a_00648","Abstract. This research paper presents a chemical compiler developed to find optimal configurations of a platform for synthesizing specific branched oligomers in an artificial chemistry, along with exemplary compiler output and benchmarks where the platform configuration suggested by the compiler is compared to other configurations in simulation. The compiler operates as a pipeline with two stages: labelling and optimization. The report explains the structure of the compiler target and its interpretation, followed by a code walk-through of the compiler stages with code snippets and examples. The compiler can be used as a code generator for reactions in a chemical simulator and to derive loading schemes for multilevel droplets. The results obtained in simulations suggest that the container system can efficiently optimize the yield of coupled reaction networks and that multi-level droplets can lead to significant improvements.","2023-07-24","2024-04-13 15:00:01","2024-04-13 15:00:01","2024-04-13 15:00:01","","","","","","","","","","","","MIT Press","","en","","","","","direct.mit.edu","","","","C:\Users\User\Documents\99_Papers\WeylandM et al\Weyland et al_2023_A Chemical Compiler for the Synthesis of Branched Oligomers on Standardized.pdf","","","","","","","","","","","","","","","","","","","","","","","","","","","","","","","","","","ALIFE 2023: Ghost in the Machine: Proceedings of the 2023 Artificial Life Conference","","","","","","","","","","","","","","",""
"F37RS24D","conferencePaper","2023","Scott, Matthew; Pitt, Jeremy","The Nexican Stand-Off: Social Contracts and Popular Legitimacy in n-Player High Stakes Resource Competition Games","","","","10.1162/isal_a_00672","https://dx.doi.org/10.1162/isal_a_00672","Abstract. In a high-stakes cooperative survival game, self-interested behaviours reward the individual in the short-term but may have a detrimental impact on the collective in the long-term. Such situations can be solved by introducing social contracts between players that reduce the set of possible actions. In the absence of an empowered authority capable of enforcement, however, a player will only uphold such a contract so long as they believe that the other players will do the same. We term this buy-in. In this context, we envision a cooperative survival game that extends the scope of the ‘conventional’ Mexican standoff (a three-player Hawk-Dove game) to n-players, from which we design and implement a self-organising multiagent system. We devise a set of experiments across varying degrees of initial buy-in and examine its impact on social contracts and the voluntary restriction of self-interest. In particular, we show that there is a cyclical, non-transitive dependency between the three that is both ring-reinforcing and critical for systemic stability.","2023-07-24","2024-04-13 14:59:56","2024-04-13 14:59:56","2024-04-13 14:59:56","","","","","","","The Nexican Stand-Off","","","","","MIT Press","","en","","","","","direct.mit.edu","","","","C:\Users\User\Documents\99_Papers\ScottM_PittJ\Scott_Pitt_2023_The Nexican Stand-Off.pdf","","","","","","","","","","","","","","","","","","","","","","","","","","","","","","","","","","ALIFE 2023: Ghost in the Machine: Proceedings of the 2023 Artificial Life Conference","","","","","","","","","","","","","","",""
"5YEBND8B","conferencePaper","2023","Bailey, Richard M.","Emergent rewards in open-ended systems","","","","10.1162/isal_a_00639","https://dx.doi.org/10.1162/isal_a_00639","Abstract. Unambiguous identification of the rewards driving behaviours of entities operating in complex open-ended real-world environments is typically not possible. Nonetheless, goals and associated behaviours do emerge and are dynamically updated. Reproducing such dynamics in models would be highly desirable in many domains. Simulation experiments described here assess a candidate mechanism for dynamic reward updating through learning and inheritance, and successfully demonstrate the abandonment of an initially rewarded but ultimately detrimental behaviour.","2023-07-24","2024-04-13 14:59:55","2024-04-13 14:59:55","2024-04-13 14:59:55","","","","","","","","","","","","MIT Press","","en","","","","","direct.mit.edu","","","","C:\Users\User\Documents\99_Papers\BaileyR\Bailey_2023_Emergent rewards in open-ended systems.pdf","","","","","","","","","","","","","","","","","","","","","","","","","","","","","","","","","","ALIFE 2023: Ghost in the Machine: Proceedings of the 2023 Artificial Life Conference","","","","","","","","","","","","","","",""
"L26I3MT9","conferencePaper","2023","Di Stefano, Alessandro; Jayne, Chrisina; Angione, Claudio; Han, The Anh","Recognition of Behavioural Intention in Repeated Games using Machine Learning","","","","10.1162/isal_a_00637","https://dx.doi.org/10.1162/isal_a_00637","Abstract. Intention recognition entails the process of becoming aware of another agent’s intention by inferring it through its actions and their effects on the environment. It allows agents to prevail when interacting with others in both cooperative and hostile environments. One of the main challenges in intention recognition is generating and collecting large amounts of data, and then being able to infer and recognise strategies. To this aim, in the context of repeated interactions, we generate diverse datasets, characterised by various noise levels and complexities. We propose an approach using different popular machine learning methods to classify strategies represented by sequences of actions in the presence of noise. Experiments have been conducted by varying the noise level and the number of generated strategies in the input data. Results show that the adopted methods are able to recognise strategies with high accuracy. Our findings and approach open up a novel research direction, consisting of combining machine learning and game theory in generating large and complex datasets and making inferences. This can allow us to explore and quantify human behaviours based on data-driven and generative models.","2023-07-24","2024-04-13 14:59:52","2024-04-13 14:59:52","2024-04-13 14:59:52","","","","","","","","","","","","MIT Press","","en","","","","","direct.mit.edu","","","","C:\Users\User\Documents\99_Papers\Di StefanoA et al\Di Stefano et al_2023_Recognition of Behavioural Intention in Repeated Games using Machine Learning.pdf","","","","","","","","","","","","","","","","","","","","","","","","","","","","","","","","","","ALIFE 2023: Ghost in the Machine: Proceedings of the 2023 Artificial Life Conference","","","","","","","","","","","","","","",""
"M7YP245H","conferencePaper","2023","von Pichowski, Jan; von Mammen, Sebastian","Engineering Surrogate Models for Boid Systems","","","","10.1162/isal_a_00636","https://dx.doi.org/10.1162/isal_a_00636","Abstract. We examine the learnability of emergent flocking behavior in boid simulations. To this end, we present (1) a detailed definition of the boid model, (2) a formulation such that model instances can be simulated efficiently, (3) metrics for training surrogate models, (4) and an evaluation of early training results. For this proof of concept, we focus on simple architectures like multi-layer perceptrons and graph neural networks. The performance of these models is comparable to simulations with an absolute error in the boid state of 5% in varying scenarios with varying interaction patterns and even surpasses the erroneous simulations for the prediction of formed flocks. By splitting the prediction task into a boid adjacency detection and a rule-application task, we observe that wrong interactions between boids only have a minor impact on the prediction results. Besides evaluating more complex models, we suggest focusing on either the detection of stable emergent states to predict them separately or on the understanding of dynamic transitions of groups that show emergent behavior.","2023-07-24","2024-04-13 14:59:51","2024-04-13 14:59:51","2024-04-13 14:59:51","","","","","","","","","","","","MIT Press","","en","","","","","direct.mit.edu","","","","C:\Users\User\Documents\99_Papers\von PichowskiJ_von MammenS\von Pichowski_von Mammen_2023_Engineering Surrogate Models for Boid Systems.pdf","","","","","","","","","","","","","","","","","","","","","","","","","","","","","","","","","","ALIFE 2023: Ghost in the Machine: Proceedings of the 2023 Artificial Life Conference","","","","","","","","","","","","","","",""
"EB9UFLWZ","conferencePaper","2023","Masumori, Atsushi; Maruyama, Norihiro; Ikegami, Takashi","Exploring Multi-Level Inter-Scale Information Flow in Large-Scale Boids Model","","","","10.1162/isal_a_00634","https://dx.doi.org/10.1162/isal_a_00634","","2023-07-24","2024-04-13 14:59:49","2024-04-13 14:59:49","2024-04-13 14:59:49","","","","","","","","","","","","MIT Press","","en","","","","","direct.mit.edu","","","","C:\Users\User\Documents\99_Papers\MasumoriA et al\Masumori et al_2023_Exploring Multi-Level Inter-Scale Information Flow in Large-Scale Boids Model.pdf","","","","","","","","","","","","","","","","","","","","","","","","","","","","","","","","","","ALIFE 2023: Ghost in the Machine: Proceedings of the 2023 Artificial Life Conference","","","","","","","","","","","","","","",""
"76H9TZFP","conferencePaper","2023","Grozinger, Lewis; Goñi-Moreno, Ángel","Computational evolution of gene circuit topologies to meet design requirements","","","","10.1162/isal_a_00632","https://dx.doi.org/10.1162/isal_a_00632","Abstract. The design and implementation of synthetic gene regulatory networks that compute is a central effort to synthetic biology. Genetic components are arranged into circuits to perform pre-defined functions such as logic gates or bistable switches in living cells. Despite the success of the field there is vast room for improvements since the mechanistic workings of living systems are still largely unknown. For example, the implementation of synthetic circuits often follows topological rules from engineering, with genetic gates arranged one after the other to mimic an electronic circuit. However, natural regulatory networks have evolved architectures full of feedbacks, redundancies and unexpected or counter-intuitive (to us) connections. Here, we computationally explore that search space of topological arrangements for synthetic networks. We fix circuit parameters, define output dynamics, and use an evolutionary algorithm based on Cartesian Genetic Programming to evolve solutions that can be realised as synthetic gene networks. Results suggest there are emergent properties hidden in counter-intuitive implementations that impact decisively on phenotypic responses—an aspect so far neglected. We use stochastic simulations to measure the results against both human designed networks, and use the design of a genetic inverter and the design of a genetic AND gate as example problems.","2023-07-24","2024-04-13 14:59:48","2024-04-13 14:59:48","2024-04-13 14:59:48","","","","","","","","","","","","MIT Press","","en","","","","","direct.mit.edu","","","","C:\Users\User\Documents\99_Papers\GrozingerL_Goñi-MorenoÁ\Grozinger_Goñi-Moreno_2023_Computational evolution of gene circuit topologies to meet design requirements.pdf","","","","","","","","","","","","","","","","","","","","","","","","","","","","","","","","","","ALIFE 2023: Ghost in the Machine: Proceedings of the 2023 Artificial Life Conference","","","","","","","","","","","","","","",""
"Z8V47Y8T","conferencePaper","2023","Hirota, Ryuzo; Saigo, Hayato; Taguchi, Shigeru","Reformalizing the notion of autonomy as closure through category theory as an arrow-first mathematics","","","","10.1162/isal_a_00627","https://dx.doi.org/10.1162/isal_a_00627","Abstract. Life continuously changes its own components and states at each moment through interaction with the external world, while maintaining its own individuality in a cyclical manner. Such a property, known as “autonomy,” has been formulated using the mathematical concept of “closure.” We introduce a branch of mathematics called “category theory” as an “arrow-first” mathematics, which sees everything as an “arrow,” and use it to provide a more comprehensive and concise formalization of the notion of autonomy. More specifically, the concept of “monoid,” a category that has only one object, is used to formalize in a simpler and more fundamental way the structure that has been formalized as “operational closure.” By doing so, we show that category theory is a framework or “tool of thinking” that frees us from the habits of thinking to which we are prone and allows us to discuss things formally from a more dynamic perspective, and that it should also contribute to our understanding of living systems.","2023-07-24","2024-04-13 14:59:43","2024-04-13 14:59:43","2024-04-13 14:59:43","","","","","","","","","","","","MIT Press","","en","","","","","direct.mit.edu","","","","C:\Users\User\Documents\99_Papers\HirotaR et al\Hirota et al_2023_Reformalizing the notion of autonomy as closure through category theory as an.pdf","","","","","","","","","","","","","","","","","","","","","","","","","","","","","","","","","","ALIFE 2023: Ghost in the Machine: Proceedings of the 2023 Artificial Life Conference","","","","","","","","","","","","","","",""
"8G7PUAEH","conferencePaper","2023","Omizu, Takumi; Kunisato, Yoshihiko","Network simulation of depression as a complex system with treatment components","","","","10.1162/isal_a_00612","https://dx.doi.org/10.1162/isal_a_00612","","2023-07-24","2024-04-13 14:59:38","2024-04-13 14:59:38","2024-04-13 14:59:38","","","","","","","","","","","","MIT Press","","en","","","","","direct.mit.edu","","","","C:\Users\User\Documents\99_Papers\OmizuT_KunisatoY\Omizu_Kunisato_2023_Network simulation of depression as a complex system with treatment components.pdf","","","","","","","","","","","","","","","","","","","","","","","","","","","","","","","","","","ALIFE 2023: Ghost in the Machine: Proceedings of the 2023 Artificial Life Conference","","","","","","","","","","","","","","",""
"EPCIFHPT","conferencePaper","2023","Biehl, Martin; Virgo, Nathaniel","Bayesian ghosts in a machine?","","","","10.1162/isal_a_00607","https://dx.doi.org/10.1162/isal_a_00607","Abstract. We informally summarize our recent work on Bayesian reasoners and agents. We also briefly sketch its relation to an existing enactive definition of agents.","2023-07-24","2024-04-13 14:59:36","2024-04-13 14:59:36","2024-04-13 14:59:36","","","","","","","","","","","","MIT Press","","en","","","","","direct.mit.edu","","","","C:\Users\User\Documents\99_Papers\BiehlM_VirgoN\Biehl_Virgo_2023_Bayesian ghosts in a machine.pdf","","","","","","","","","","","","","","","","","","","","","","","","","","","","","","","","","","ALIFE 2023: Ghost in the Machine: Proceedings of the 2023 Artificial Life Conference","","","","","","","","","","","","","","",""
"GPR8SELT","conferencePaper","2023","Mehra, Priyanka; Hintze, Arend","Evolution of Pleiotropy and Epistasis in a Gene Regulatory Network","","","","10.1162/isal_a_00604","https://dx.doi.org/10.1162/isal_a_00604","Abstract. The study of gene regulatory networks (GRNs) is fundamental to the understanding of evolutionary dynamics and artificial life modeling. This paper presents an integration of a GRN into the NK-fitness landscape model and explores the impact of sparsity on epistasis and pleiotropy. As sparsity augments, gene interactions diminish, expectedly leading to a reduction in both epistasis and pleiotropy. Our findings corroborate the model’s response to such perturbations, demonstrating its potential for investigating a range of GRN adaptations within the NK-fitness landscape framework.","2023-07-24","2024-04-13 14:59:36","2024-04-13 14:59:36","2024-04-13 14:59:36","","","","","","","","","","","","MIT Press","","en","","","","","direct.mit.edu","","","","C:\Users\User\Documents\99_Papers\MehraP_HintzeA\Mehra_Hintze_2023_Evolution of Pleiotropy and Epistasis in a Gene Regulatory Network.pdf","","","","","","","","","","","","","","","","","","","","","","","","","","","","","","","","","","ALIFE 2023: Ghost in the Machine: Proceedings of the 2023 Artificial Life Conference","","","","","","","","","","","","","","",""
"FIYHLQYS","conferencePaper","2023","Flanagan, Rhett; Nitschke, Geoff","Evolving Folding Bodies and Brains in Origami Robots","","","","10.1162/isal_a_00603","https://dx.doi.org/10.1162/isal_a_00603","","2023-07-24","2024-04-13 14:59:31","2024-04-13 14:59:31","2024-04-13 14:59:31","","","","","","","","","","","","MIT Press","","en","","","","","direct.mit.edu","","","","C:\Users\User\Documents\99_Papers\FlanaganR_NitschkeG\Flanagan_Nitschke_2023_Evolving Folding Bodies and Brains in Origami Robots.pdf","","","","","","","","","","","","","","","","","","","","","","","","","","","","","","","","","","ALIFE 2023: Ghost in the Machine: Proceedings of the 2023 Artificial Life Conference","","","","","","","","","","","","","","",""
"3MJC4YZ3","conferencePaper","2023","Usui, Koki; Suzuki, Reiji; Arita, Takaya","Towards open-ended evolution based on CVT-MAP-Elites with dynamic switching between feature spaces","","","","10.1162/isal_a_00617","https://dx.doi.org/10.1162/isal_a_00617","","2023-07-24","2024-04-13 14:59:30","2024-04-13 14:59:30","2024-04-13 14:59:30","","","","","","","","","","","","MIT Press","","en","","","","","direct.mit.edu","","","","C:\Users\User\Documents\99_Papers\UsuiK et al\Usui et al_2023_Towards open-ended evolution based on CVT-MAP-Elites with dynamic switching.pdf","","","","","","","","","","","","","","","","","","","","","","","","","","","","","","","","","","ALIFE 2023: Ghost in the Machine: Proceedings of the 2023 Artificial Life Conference","","","","","","","","","","","","","","",""
"B9Z87ELS","conferencePaper","2023","da Silva, Flavio S. Correa; Aslan, Bilal; Nitschke, Geoff","A Computational Method to Support Chemical Product Design Based on Multi-objective Optimisation and Graph Transformers","","","","10.1162/isal_a_00602","https://dx.doi.org/10.1162/isal_a_00602","Abstract. Chemical product design refers to the practice of developing novel chemical products given properties to be optimised and constraints to be satisfied. Strategies for chemical product design can be based on multi-objective constrained optimisation in a large search space of compounds whose properties are uncertain and partially known. Advances in machine learning, multi-objective optimisation, formal representation of chemical compounds and identified correlations between molecular structures and relevant properties, have fostered increased interest in computer-based techniques to identify candidate compounds for innovation in chemical products. In this paper we empirically explore a combination of state-of-the-art machine learning and evolutionary multi-objective optimisation methods to support chemical product design. In order to ground our arguments as concrete examples, we consider the design of domestic detergents, and explore how automating computational design can be controlled via specification of hyper-parameters, so as to generate solutions (detergents) with desired features. Our results contribute to the methodological problem of automating chemical product design, and more broadly functional molecular design.","2023-07-24","2024-04-13 14:59:29","2024-04-13 14:59:29","2024-04-13 14:59:29","","","","","","","","","","","","MIT Press","","en","","","","","direct.mit.edu","","","","C:\Users\User\Documents\99_Papers\da SilvaF et al\da Silva et al_2023_A Computational Method to Support Chemical Product Design Based on.pdf","","","","","","","","","","","","","","","","","","","","","","","","","","","","","","","","","","ALIFE 2023: Ghost in the Machine: Proceedings of the 2023 Artificial Life Conference","","","","","","","","","","","","","","",""
"KMWGFXFY","conferencePaper","2023","Nakamura, Eita; Kaneko, Hitomi; Itoh, Takayuki; Kaneko, Kunihiko","Experimental evolution of music styles using automatic composition models","","","","10.1162/isal_a_00596","https://dx.doi.org/10.1162/isal_a_00596","Abstract. Musical culture is developed through descent-with-modification processes of complex knowledge about music creation, but how new creation styles evolve is not well understood. To study this problem, we conducted an artificial evolution experiment involving a population of machine-learning-based automatic composition models. These models evolved under evaluation by a large number of human listeners. We found that adaptive evolution of music styles can occur when the blending inheritance of high-dimensional statistics representing composition styles is incorporated into the generation update process. We also found a significant difference in musical preferences among listeners, depending on their musical experience. The results indicate the relevance of multi-parental transmission in the cultural evolution of music styles, a nontrivial fitness landscape of creation styles, and listeners’ diverse preferences.","2023-07-24","2024-04-13 14:59:26","2024-04-13 14:59:26","2024-04-13 14:59:26","","","","","","","","","","","","MIT Press","","en","","","","","direct.mit.edu","","","","C:\Users\User\Documents\99_Papers\NakamuraE et al\Nakamura et al_2023_Experimental evolution of music styles using automatic composition models.pdf","","","","","","","","","","","","","","","","","","","","","","","","","","","","","","","","","","ALIFE 2023: Ghost in the Machine: Proceedings of the 2023 Artificial Life Conference","","","","","","","","","","","","","","",""
"R86XMSYB","conferencePaper","2023","Aubert-Kato, Nathanael; Nitschke, Geoff; Kawamata, Ibuki; Kakugo, Akira","Collective Cargo Transport and Sorting with Molecular Swarms","","","","10.1162/isal_a_00593","https://dx.doi.org/10.1162/isal_a_00593","Abstract. Recent work has demonstrated the viability of DNA robotics and artificial molecular machines for molecular transportation and cargo sorting with potential applications in manufacturing responsive molecular devices, programmable therapeutics, and autonomous chemical synthesis. We extend previous work on cooperative molecular transportation using artificial molecular machines, where we similarly functionalize DNA-conjugated microtubules driven by kinesin motor proteins. DNA-functionalized microtubules propelled by surface-adhered kinesin motors enable the self-organization of molecular swarms, where such swarms load and transport cargo (microbead) in a simulated chemical environment. We demonstrate programmable molecular swarms for cargo sorting and cooperative transport. Cargo loading occurs when sufficient microtubules are at the same location as the cargo, and cargo unloading occurs at specific points in the environment through interaction with localized DNA species. Our contribution is the design of a chemotaxis molecular controller, forcing the swarm to tumble (random change direction) when the system is not following a molecular gradient corresponding to the cargo type, thus directing it to specific points for cargo unloading. This work thus contributes to the open problem of how to best design programmable molecular machines for various tasks in microscopic environments.","2023-07-24","2024-04-13 14:59:20","2024-04-13 14:59:20","2024-04-13 14:59:20","","","","","","","","","","","","MIT Press","","en","","","","","direct.mit.edu","","","","C:\Users\User\Documents\99_Papers\Aubert-KatoN et al\Aubert-Kato et al_2023_Collective Cargo Transport and Sorting with Molecular Swarms.pdf","","","","","","","","","","","","","","","","","","","","","","","","","","","","","","","","","","ALIFE 2023: Ghost in the Machine: Proceedings of the 2023 Artificial Life Conference","","","","","","","","","","","","","","",""
"SIVHZBY5","conferencePaper","2023","Lagisetty, Yashwanth; Singh, Satpreet; Patel, Ankit","Binding affinity distributions drive adaptation in GRN evolution","","","","10.1162/isal_a_00586","https://dx.doi.org/10.1162/isal_a_00586","Abstract. Promiscuity among gene regulatory networks (GRNs) has been widely observed, however no in silico studies have characterized their contribution to evolution. However, recently developed biophysically interpretable models which approximate sequence-to-expression mapping of yeast via datasets of 100 million promoters may offer a solution. Here, we develop a naturalistic framework using such models to simulate the evolution of populations of GRNs. By investigating these simulations, we find that evolutionary adaptation is driven primarily by transcription factors (TFs) with nonspecific binding motifs. Systems in which TFs lack a sufficient variation in binding affinity consistently fail to adapt and improve population mean fitness. These data suggest that TF-promoter promiscuity is a necessary condition of evolutionary adaptation.","2023-07-24","2024-04-13 14:59:18","2024-04-13 14:59:18","2024-04-13 14:59:18","","","","","","","","","","","","MIT Press","","en","","","","","direct.mit.edu","","","","C:\Users\User\Documents\99_Papers\LagisettyY et al\Lagisetty et al_2023_Binding affinity distributions drive adaptation in GRN evolution.pdf","","","","","","","","","","","","","","","","","","","","","","","","","","","","","","","","","","ALIFE 2023: Ghost in the Machine: Proceedings of the 2023 Artificial Life Conference","","","","","","","","","","","","","","",""
"IA9VDTT9","conferencePaper","2023","Song, Zhihua; Chen, Tingyu; Xu, Yangyang; Yang, Wen-Chi","Investigating Goldfish’s Behaviour Under Different Visual Stimuli","","","","10.1162/isal_a_00579","https://dx.doi.org/10.1162/isal_a_00579","Abstract. The development of perception augmentation technology provides great opportunities to cross species’ boundaries and create intimacy. Technologies such as virtual reality (VR) are proving to be powerful tools for expanding human capabilities and perception. However, challenges and potentiality still remain when applying these technologies to other social animals. Therefore, we designed four experiments to simulate different levels of VR augmentation, different in perception, interaction and immersion, to investigate the effects of such visual stimuli on Goldfish’s social and individual behaviours. Results have shown that the change in the level of VR augmentation had a significant effect on both the social and individual behaviours of the subject fish. With visual perception alone, fish can still distinguish the different levels of VR augmentation, and react to them to different extents, rather than simply ignore the conspecifics with less realism. These findings mean Goldfish are able to conceive and utilize VR technology and have the potential to eventually be a part of the cross-species Metaverse.","2023-07-24","2024-04-13 14:59:16","2024-04-13 14:59:16","2024-04-13 14:59:16","","","","","","","","","","","","MIT Press","","en","","","","","direct.mit.edu","","","","C:\Users\User\Documents\99_Papers\SongZ et al\Song et al_2023_Investigating Goldfish’s Behaviour Under Different Visual Stimuli.pdf","","","","","","","","","","","","","","","","","","","","","","","","","","","","","","","","","","ALIFE 2023: Ghost in the Machine: Proceedings of the 2023 Artificial Life Conference","","","","","","","","","","","","","","",""
"9X3KJ2S2","conferencePaper","2023","Chu, Ziyue; Yang, Jinxing; Yang, Wen-Chi","An Empirical Model of Goldfish Escaping Strategy","","","","10.1162/isal_a_00578","https://dx.doi.org/10.1162/isal_a_00578","Abstract. Animals’ escaping behavior can be seen as an economic game between predation risk and foraging cost, which is measured by flight distance in the standard deterministic model. However, this fight distance should not be constant even in a stationary environment because it will also be affected by the predator’s parameters. In order to better understand animal’s escaping behavior, this paper investigates goldfish escaping strategies on the relevant position against a toy submarine in quantification, and further proposed a probabilistic model over the factors that influence the probability to escape. This research has determined goldfish’s hyperparameters in their escaping habits based on recording data and found that the flight distance is not only influenced by the risk and cost in previous research but also the approaching direction between goldfish and predator and approaching speed. The proposed probabilistic model shows that flight distance generally increases with the predator’s approaching speed and the extent of approaching direction against the vertical plane. The proposed model is finally cross-validated with the true video clip.","2023-07-24","2024-04-13 14:59:15","2024-04-13 14:59:15","2024-04-13 14:59:15","","","","","","","","","","","","MIT Press","","en","","","","","direct.mit.edu","","","","C:\Users\User\Documents\99_Papers\ChuZ et al\Chu et al_2023_An Empirical Model of Goldfish Escaping Strategy.pdf","","","","","","","","","","","","","","","","","","","","","","","","","","","","","","","","","","ALIFE 2023: Ghost in the Machine: Proceedings of the 2023 Artificial Life Conference","","","","","","","","","","","","","","",""
"EJJ53AZL","conferencePaper","2023","Kwa, Hian Lee; Philippot, Julien; Bouffanais, Roland","The Impact of Agent Density and Environmental Factors on Target Tracking Swarms","","","","10.1162/isal_a_00584","https://dx.doi.org/10.1162/isal_a_00584","Abstract. When sizing a multi-robot swarm, a key quantity to be considered is the swarm’s agent density. In the field of multi-robot and multi-agent systems, it has been acknowledged that there is a minimum agent density to ensure the emergence of cooperative behaviors, implying that too few agents within a swarm would yield an ineffective system. However, too large a swarm may result in the agents interfering with each other’s actions, again resulting in subpar swarm performances. There is therefore a range of densities where swarm operations are optimal. In this study, we investigate the factors that determine this range for collective target-tracking tasks. Specifically, we show how the use of agent-based memory can reduce the density at which swarms are able to start tracking. We also show that besides strategy design, other environmental factors affect the range of densities over which swarms can operate efficaciously, such as a target’s movement policy, its velocity, and the number of targets to be tracked.","2023-07-24","2024-04-13 14:59:14","2024-04-13 14:59:14","2024-04-13 14:59:14","","","","","","","","","","","","MIT Press","","en","","","","","direct.mit.edu","","","","C:\Users\User\Documents\99_Papers\KwaH et al\Kwa et al_2023_The Impact of Agent Density and Environmental Factors on Target Tracking Swarms.pdf","","","","","","","","","","","","","","","","","","","","","","","","","","","","","","","","","","ALIFE 2023: Ghost in the Machine: Proceedings of the 2023 Artificial Life Conference","","","","","","","","","","","","","","",""
"CS4PR6V7","conferencePaper","2023","Stevenson, John C.","Competitive Exclusion in an Artificial Foraging Ecosystem","","","","10.1162/isal_a_00576","https://dx.doi.org/10.1162/isal_a_00576","Abstract. Artificial ecosystems provide an additional experimental tool to support laboratory work, field work, and theoretical development in competitive exclusion research. A novel application of a spatiotemporal agent based model is presented which simulates two foraging species of different intrinsic growth rates competing for the same replenishing resource in stable and seasonal environments. This experimental approach provides precise control over the parameters for the environment, the species, and individual movements. Detailed trajectories of these non-equilibrium populations and their characteristics are produced. Narrow zones of potential coexistence are identified within the environmental and intrinsic growth parameter spaces. An example of commensalism driven by the local spatial dynamics is identified. Results of these experiments are discussed in context of modern coexistence theory and research in movement-mediated community assembly. Constraints on possible origination scenarios are identified.","2023-07-24","2024-04-13 14:59:14","2024-04-13 14:59:14","2024-04-13 14:59:14","","","","","","","","","","","","MIT Press","","en","","","","","direct.mit.edu","","","","C:\Users\User\Documents\99_Papers\StevensonJ\Stevenson_2023_Competitive Exclusion in an Artificial Foraging Ecosystem.pdf","","","","","","","","","","","","","","","","","","","","","","","","","","","","","","","","","","ALIFE 2023: Ghost in the Machine: Proceedings of the 2023 Artificial Life Conference","","","","","","","","","","","","","","",""
"FR7Y9U3Y","conferencePaper","2023","Harvey, Inman","Dispelling Ghosts: Observations on Life and Mind","","","","10.1162/isal_a_00575","https://dx.doi.org/10.1162/isal_a_00575","Abstract. ‘What is Life’ and ‘What is Mind’ are simple questions lacking simple answers; there seems an unbridgeable gap from the lifeless, mindless world of physics, perhaps prompting appeals to the supernatural or to ‘Ghosts in the Machine’. Artificial Life researchers have to acknowledge such basic philosophical issues at the core of their studies; but they should reject the notion that living, mindful beings are supernatural. Following Ryle and Wittgenstein we argue that the simple questions are too often made nonsense through category errors, confusion between different levels of description. We consider the role of the observer, and the opposition between objectivity and subjectivity. The sciences of life and the mind are particularly prone to confusions about the roles of observers. We highlight the practical consequences for Alife research. Such category errors undermine the rationale for large bodies of this research. We discuss how to identify these suspect assumptions and how Alife research can avoid these traps.","2023-07-24","2024-04-13 14:59:10","2024-04-13 14:59:10","2024-04-13 14:59:10","","","","","","","Dispelling Ghosts","","","","","MIT Press","","en","","","","","direct.mit.edu","","","","C:\Users\User\Documents\99_Papers\HarveyI\Harvey_2023_Dispelling Ghosts.pdf","","","","","","","","","","","","","","","","","","","","","","","","","","","","","","","","","","ALIFE 2023: Ghost in the Machine: Proceedings of the 2023 Artificial Life Conference","","","","","","","","","","","","","","",""
"YUPDHG4B","conferencePaper","2023","Sakiyama, Tomoko","An Optimized Search Strategy may be Induced by the Stochastic Response to Previously Visited Locations","","","","10.1162/isal_a_00563","https://dx.doi.org/10.1162/isal_a_00563","Abstract. In pinpoint search strategies, gradual expansion of walkers’ trajectories might be efficient for the wide-range exploration when their goal locates unpredictably. However, small zigzag-shaped movements are also important to achieve the small-range exploration. An important issue is regarding rules guiding random walkers to execute such an optimized walk. Here, starting with a simple expansion model, we investigated how flexible exploration is achieved if a random walker detects whether the current position is a previously visited position and alters its directional rule based on the recent experience. The agent modifies its directional rule if the current rule disturbs recent flow of the agent’s movement. We showed that our model exhibits scale-free movements so-called Lévy walks, which achieve both the local search and the global search. In addition, our model presents power-laws in respect with the first return time. These results suggest that stochastic coordination of the directional rule might produce an adaptive movement strategy.","2023-07-24","2024-04-13 14:59:08","2024-04-13 14:59:08","2024-04-13 14:59:08","","","","","","","","","","","","MIT Press","","en","","","","","direct.mit.edu","","","","C:\Users\User\Documents\99_Papers\SakiyamaT\Sakiyama_2023_An Optimized Search Strategy may be Induced by the Stochastic Response to.pdf","","","","","","","","","","","","","","","","","","","","","","","","","","","","","","","","","","ALIFE 2023: Ghost in the Machine: Proceedings of the 2023 Artificial Life Conference","","","","","","","","","","","","","","",""
"4IXIBTKG","conferencePaper","2023","Barbieux, Aidan; Canaan, Rodrigo","EINCASM: Emergent Intelligence in Neural Cellular Automaton Slime Molds","","","","10.1162/isal_a_00703","https://dx.doi.org/10.1162/isal_a_00703","Abstract. This paper presents EINCASM, a prototype system employing a novel framework for studying emergent intelligence in organisms resembling slime molds. EINCASM evolves neural cellular automata with NEAT to maximize cell growth constrained by nutrient and energy costs. These organisms capitalize physically simulated fluid to transport nutrients and chemical-like signals to orchestrate growth and adaptation to complex, changing environments. Our framework builds the foundation for studying how the presence of puzzles, physics, communication, competition and dynamic open-ended environments contribute to the emergence of intelligent behavior. We propose preliminary tests for intelligence in such organisms and suggest future work for more powerful systems employing EINCASM to better understand intelligence in distributed dynamical systems.","2023-07-24","2024-04-13 14:59:07","2024-04-13 14:59:07","2024-04-13 14:59:07","","","","","","","EINCASM","","","","","MIT Press","","en","","","","","direct.mit.edu","","","","C:\Users\User\Documents\99_Papers\BarbieuxA_CanaanR\Barbieux_Canaan_2023_EINCASM.pdf","","","","","","","","","","","","","","","","","","","","","","","","","","","","","","","","","","ALIFE 2023: Ghost in the Machine: Proceedings of the 2023 Artificial Life Conference","","","","","","","","","","","","","","",""
"GXSRKBAE","conferencePaper","2023","Norstein, Emma Stensby; Veenstra, Frank; Ellefsen, Kai Olav; Nygaard, Tønnes; Glette, Kyrre","Effects of compliant and structural parts in evolved modular robots","","","","10.1162/isal_a_00689","https://dx.doi.org/10.1162/isal_a_00689","Abstract. A striking difference between animals and traditional robots is that the latter usually have rigid and non-flexible bodies. Animals, on the other hand, exhibit highly adapted traits, such as elastic tendons. The tendons work as springs, storing and releasing kinetic energy during an animal’s gait cycle. Springs have been used in some hand designed robots for similar benefits. However, little research has been done on springs in robots with evolving morphology. We examine the use of compliant and structural modules in modular robots, using a standard evolutionary algorithm. We also look at connections between spring stiffness and robot size using the quality diversity algorithm MAP-Elites. We found that the modular robots evolved to use elastic actuators, and that structural modules enabled morphologies that use less actuators, but still achieve the same walking speed as the robots with actuators in every module. We also observe some indications that larger robots may require lower elasticity.","2023-07-24","2024-04-13 14:57:04","2024-04-13 14:57:04","2024-04-13 14:57:04","","","","","","","","","","","","MIT Press","","en","","","","","direct.mit.edu","","","","C:\Users\User\Documents\99_Papers\NorsteinE et al\Norstein et al_2023_Effects of compliant and structural parts in evolved modular robots.pdf","","","","","","","","","","","","","","","","","","","","","","","","","","","","","","","","","","ALIFE 2023: Ghost in the Machine: Proceedings of the 2023 Artificial Life Conference","","","","","","","","","","","","","","",""
"U5QQXVA8","conferencePaper","2023","Rodriguez, Fernando; Husbands, Phil; Ghosh, Anindya; White, Ben","Frame by frame? A contrasting research framework for time experience","","","","10.1162/isal_a_00688","https://dx.doi.org/10.1162/isal_a_00688","Abstract. The way we experience the world has an inherently temporal aspect; events follow the ones before in a linear fashion. Our experience presents to us in the form of a fleeting present with no clearly demarcated beginning or end, always imbued within an evanescent stream of perceptions and thoughts. While different approaches from cognitive science and related fields share the view that this temporal aspect is fundamental to our phenomenology, our experience of time seems in direct tension with the physically grounded, widespread notion of discrete state-space transitions that underpin so much of modern cognitive science and artificial life. In other words, while state-space transitions seem to correctly characterize most cognitive phenomena, it isn’t clear how this relates to the fluid and evanescent temporality of our experience. We present a formal framework centered on the idea of how sensory-perception incompleteness translates into temporally dense constructions of the perceptual present.","2023-07-24","2024-04-13 14:56:59","2024-04-13 14:56:59","2024-04-13 14:56:59","","","","","","","Frame by frame?","","","","","MIT Press","","en","","","","","direct.mit.edu","","","","C:\Users\User\Documents\99_Papers\RodriguezF et al\Rodriguez et al_2023_Frame by frame.pdf","","","","","","","","","","","","","","","","","","","","","","","","","","","","","","","","","","ALIFE 2023: Ghost in the Machine: Proceedings of the 2023 Artificial Life Conference","","","","","","","","","","","","","","",""
"3AYK45P9","conferencePaper","2023","Noguchi, Wataru; Iizuka, Hiroyuki; Yamamoto, Masahito","Multimodal Plastic Body and Peripersonal Space Representation Developed Through Learning of Visuo-Tactile-Proprioceptive Sensations","","","","10.1162/isal_a_00687","https://dx.doi.org/10.1162/isal_a_00687","Abstract. Body representations, which have multimodal receptive fields in the peripersonal space where individuals interact with the environment within their reach, show plasticity through tool use and are necessary for adaptive and skillful use of external tools. In this study, we propose a neural network model that develops a multimodal and body-centered peripersonal space representation of the plastic body representation through tool use, whereas previous developmental models can only explain the plastic body representation as a non-body-centered one. Our proposed model reconstructs visual and tactile sensations corresponding to proprioceptive sensations after integrating visual and tactile sensations through a Transformer based on a self-attention mechanism. By learning through camera vision and arm touch of a simulated robot and proprioception of camera and arm postures, a body representation was developed that localizes tactile sensations on a simultaneously developed peripersonal space representation. In particular, learning during tool use causes the body representation to have plasticity due to tool use, and the peripersonal space representation is shared by sharing part of the visual and tactile decoding modules. As a result, the model obtains the plastic body representation on the body-centered multimodal peripersonal space representation.","2023-07-24","2024-04-13 14:56:56","2024-04-13 14:56:56","2024-04-13 14:56:56","","","","","","","","","","","","MIT Press","","en","","","","","direct.mit.edu","","","","C:\Users\User\Documents\99_Papers\NoguchiW et al\Noguchi et al_2023_Multimodal Plastic Body and Peripersonal Space Representation Developed Through.pdf","","","","","","","","","","","","","","","","","","","","","","","","","","","","","","","","","","ALIFE 2023: Ghost in the Machine: Proceedings of the 2023 Artificial Life Conference","","","","","","","","","","","","","","",""
"7TSBG7HP","conferencePaper","2023","Ahumada, Kevin J. Ayala; Moore, Jared M.; Clark, Anthony J.","Does Kinematic-Based Pretraining Improve Evolution of Quadrupedal Gaits?","","","","10.1162/isal_a_00678","https://dx.doi.org/10.1162/isal_a_00678","Abstract. Neural networks are often chosen as controllers in evolutionary robotics. In all but a few cases, neural networks are evolved from scratch. In this study, we investigate the effect of pretraining neural networks using a biologically inspired walking gait. We first generate joint angles for a walking gait using an inverse kinematics model. We then train a conventional feed-forward neural network to reproduce these joint angles. The pretrained model is used to seed an initial population of neural networks, which are coevolved along with the morphology of a quadrupedal robot using Lexicase selection. Our initial results show that while pretraining does not necessarily lead to higher fitness at the end of evolution, it does lead to more consistent performance and more lifelike final behaviors. This exploration has left us with many questions about the importance and process of pretraining in evolutionary robotics, and we believe our results suggest the technique is worth further investigation.","2023-07-24","2024-04-13 14:56:41","2024-04-13 14:56:41","2024-04-13 14:56:41","","","","","","","","","","","","MIT Press","","en","","","","","direct.mit.edu","","","","C:\Users\User\Documents\99_Papers\AhumadaK et al\Ahumada et al_2023_Does Kinematic-Based Pretraining Improve Evolution of Quadrupedal Gaits.pdf","","","","","","","","","","","","","","","","","","","","","","","","","","","","","","","","","","ALIFE 2023: Ghost in the Machine: Proceedings of the 2023 Artificial Life Conference","","","","","","","","","","","","","","",""
"V3AXWG8S","conferencePaper","2023","Lu, Chris; Towers, Sebastian; Foerster, Jakob","Arbitrary Order Meta-Learning with Simple Population-Based Evolution","","","","10.1162/isal_a_00674","https://dx.doi.org/10.1162/isal_a_00674","Abstract. Meta-learning, the notion of learning to learn, enables learning systems to quickly and flexibly solve new tasks. This usually involves defining a set of outer-loop meta-parameters that are then used to update a set of inner-loop parameters. Most meta-learning approaches use complicated and computationally expensive bi-level optimisation schemes to update these meta-parameters. Ideally, systems should perform multiple orders of meta-learning, i.e. to learn to learn to learn and so on, to accelerate their own learning. Unfortunately, standard meta-learning techniques are often inappropriate for these higher-order meta-parameters because the meta-optimisation procedure becomes too complicated or unstable. Inspired by the higher-order meta-learning we observe in real-world evolution, we show that using simple population-based evolution implicitly optimises for arbitrarily-high order meta-parameters. First, we theoretically prove and empirically show that population-based evolution implicitly optimises meta-parameters of arbitrarily-high order in a simple setting. We then introduce a minimal self-referential param-eterisation, which in principle enables arbitrary-order meta-learning. Finally, we show that higher-order meta-learning improves performance on time series forecasting tasks.","2023-07-24","2024-04-13 14:56:36","2024-04-13 14:56:36","2024-04-13 14:56:36","","","","","","","","","","","","MIT Press","","en","","","","","direct.mit.edu","","","","C:\Users\User\Documents\99_Papers\LuC et al\Lu et al_2023_Arbitrary Order Meta-Learning with Simple Population-Based Evolution.pdf","","","","","","","","","","","","","","","","","","","","","","","","","","","","","","","","","","ALIFE 2023: Ghost in the Machine: Proceedings of the 2023 Artificial Life Conference","","","","","","","","","","","","","","",""
"6KVCAJYD","conferencePaper","2023","Szorkovszky, Alex; Veenstra, Frank; Glette, Kyrre","Toward cultures of rhythm in legged robots","","","","10.1162/isal_a_00673","https://dx.doi.org/10.1162/isal_a_00673","Abstract. It is widely thought that sensorimotor synchronization, underpinning cultural domains such as music and dance, played a critical role in the evolution of human sociality. Here, we present virtual legged robots controlled by central pattern generators (CPGs) that evolve to synchronize motion to rhythmic sensory input in real time. Multi-stage, multi-objective evolutionary algorithms were used to maximize flexibility of the CPGs with respect to control parameters, and then to optimize a neural input layer for wide-ranging susceptibility to rhythmic inputs. The evolved CPGs self-organize to accommodate the input sequence over a range of frequencies and patterns while keeping the agents upright. We show how this behaviour can be scaled up to multiple interacting agents, including with differing morphologies, to produce novel behaviours. We then outline how spike timing dependent plasticity can be used for the acquisition of new motor patterns. Finally, taking inspiration from biocultural evolution and cognitive neuroscience, we suggest ways in which real-time social adaptation can play a key role in the evolution of complex social behaviours in robots.","2023-07-24","2024-04-13 14:56:29","2024-04-13 14:56:29","2024-04-13 14:56:29","","","","","","","","","","","","MIT Press","","en","","","","","direct.mit.edu","","","","C:\Users\User\Documents\99_Papers\SzorkovszkyA et al\Szorkovszky et al_2023_Toward cultures of rhythm in legged robots.pdf","","","","","","","","","","","","","","","","","","","","","","","","","","","","","","","","","","ALIFE 2023: Ghost in the Machine: Proceedings of the 2023 Artificial Life Conference","","","","","","","","","","","","","","",""
"HIWVARU5","conferencePaper","2023","Zorn, Maximilian; Illium, Steffen; Phan, Thorny; Kaiser, Tanja Katharina; Linnhoff-Popien, Claudia; Gabor, Thomas","Social Neural Network Soups with Surprise Minimization","","","","10.1162/isal_a_00671","https://dx.doi.org/10.1162/isal_a_00671","Abstract. A recent branch of research in artificial life has constructed artificial chemistry systems whose particles are dynamic neural networks. These particles can be applied to each other and show a tendency towards self-replication of their weight values. We define new interactions for said particles that allow them to recognize one another and learn predictors for each other’s behavior. For instance, each particle minimizes its surprise when observing another particle’s behavior. Given a special catalyst particle to exert evolutionary selection pressure on the soup of particles, these ‘social’ interactions are sufficient to produce emergent behavior similar to the stability pattern previously only achieved via explicit self-replication training.","2023-07-24","2024-04-13 14:56:25","2024-04-13 15:40:52","2024-04-13 14:56:25","","","","","","","","","","","","MIT Press","","en","","","","","direct.mit.edu","","","","C:\Users\User\Documents\99_Papers\ZornM et al\Zorn et al_2023_Social Neural Network Soups with Surprise Minimization.pdf","","Youtube","","","","","","","","","","","","","","","","","","","","","","","","","","","","","","","","ALIFE 2023: Ghost in the Machine: Proceedings of the 2023 Artificial Life Conference","","","","","","","","","","","","","","",""
"KW95TR2A","conferencePaper","2023","Welch, Piper; Grasso, Caitlin; Gumuskaya, Gizem; Levin, Mike; Bongard, Josh","Searching in the Dark: Evolving Biobot Swarm Compositions to Efficiently Explore Obstructed Environments","","","","10.1162/isal_a_00683","https://dx.doi.org/10.1162/isal_a_00683","Abstract. Robots have long been proposed as a solution for jobs that are difficult for humans, but their construction from nonrenewable and pollutant-causing materials presents a problem. The field of bio-robotics was developed, in part, to address this issue. In previous bio-robotic systems, such as Xenobots, AI-generated morphologies have been used to engineer desired behaviors in individual robots. However, this approach cannot be applied to biobots that are mass-fabricated as this limits our ability to control the behaviors of individual bots. While mass fabrication could have significant implications in the development of scalable biobot technologies for use in real-world applications, developing a reliable method to control their behavior remains a significant challenge. In this paper, we use evolutionary algorithms to create biobot swarm compositions that explore environments with varying obstacles efficiently at several scales. We demonstrate here that, while we cannot control the behavior of individual biobots, carefully selected swarm compositions can lead to desired behavior outcomes. This work thus provides one potential option for realizing biotechnology at scale, where mass-produced biobots must be filtered and combined appropriately.","2023-07-24","2024-04-13 14:56:24","2024-04-13 15:40:36","2024-04-13 14:56:24","","","","","","","Searching in the Dark","","","","","MIT Press","","en","","","","","direct.mit.edu","","","","C:\Users\User\Documents\99_Papers\WelchP et al\Welch et al_2023_Searching in the Dark.pdf","","LevinM","","","","","","","","","","","","","","","","","","","","","","","","","","","","","","","","ALIFE 2023: Ghost in the Machine: Proceedings of the 2023 Artificial Life Conference","","","","","","","","","","","","","","",""
"HT94LFCW","conferencePaper","2023","Waldegrave, Riversdale; Stepney, Susan; Trefzer, Martin A.","Exploring the Rich Behaviour of Developmental Graph Cellular Automata","","","","10.1162/isal_a_00666","https://dx.doi.org/10.1162/isal_a_00666","Abstract. We explore a wide variety of behaviours possible with Developmental Graph Cellular Automata. We use novelty search to find more extreme types of behaviour in terms of transient length and attractor cycle length. This also serves as a proof-of-concept that the system is evolvable. We then examine in more detail some individual examples of interesting behaviour, particularly focusing on cases where the graph divides into two or more separate components.","2023-07-24","2024-04-13 14:56:15","2024-04-13 15:40:26","2024-04-13 14:56:15","","","","","","","","","","","","MIT Press","","en","","","","","direct.mit.edu","","","","C:\Users\User\Documents\99_Papers\WaldegraveR et al\Waldegrave et al_2023_Exploring the Rich Behaviour of Developmental Graph Cellular Automata.pdf","","ERA","","","","","","","","","","","","","","","","","","","","","","","","","","","","","","","","ALIFE 2023: Ghost in the Machine: Proceedings of the 2023 Artificial Life Conference","","","","","","","","","","","","","","",""
"JFS6XM47","conferencePaper","2023","Waldegrave, Riversdale; Stepney, Susan; Trefzer, Martin A.","Developmental Graph Cellular Automata","","","","10.1162/isal_a_00658","https://dx.doi.org/10.1162/isal_a_00658","Abstract. We present a system for growing graphs which can be thought of as an extension of the update rules used by Cellular Automata. As in Neural Cellular Automata, these rules are encoded in the real-valued weight matrix of a neural network. This should make the system easy to evolve, allowing it to be used as an evolutionary-developmental method of creating graph structures for use as recurrent neural networks or substrates in Reservoir Computing. Here we conduct a random search experiment and characterise five different classes of behaviour of the system. The most interesting of these is when the graph grows for a number of timesteps before naturally coming to a halt as it enters an attractor. This behaviour is seen more frequently than might be expected and contrasts with most developmental systems in which growth must be stopped by external intervention. There are clear parallels with biological morphogenetic processes where growth naturally comes to a halt.","2023-07-24","2024-04-13 14:56:03","2024-04-13 15:40:19","2024-04-13 14:56:04","","","","","","","","","","","","MIT Press","","en","","","","","direct.mit.edu","","","","C:\Users\User\Documents\99_Papers\WaldegraveR et al\Waldegrave et al_2023_Developmental Graph Cellular Automata.pdf","","ERA","","","","","","","","","","","","","","","","","","","","","","","","","","","","","","","","ALIFE 2023: Ghost in the Machine: Proceedings of the 2023 Artificial Life Conference","","","","","","","","","","","","","","",""
"M9B9PEAG","conferencePaper","2023","Stolting, Lindsay; Beer, Randall D.; Izquierdo, Eduardo J.","Characterizing the Role of Homeostatic Plasticity in Central Pattern Generators","","","","10.1162/isal_a_00599","https://dx.doi.org/10.1162/isal_a_00599","Abstract. Various models have been developed to shed light on neuronal mechanisms of homeostatic plasticity (HP). We focus on one such model implemented on continuous-time-recurrent neural networks. Though this HP mechanism encourages oscillatory dynamics by preventing node saturation, it was curiously detrimental to behavioral fitness when compared to non-plastic networks on several tasks (Williams, 2004, 2005). When we set out to explain this result, we discovered a type of oscillation that depends on HP’s continued regulation of circuit parameters. If HP is turned off, oscillation stops. This suggests that HP can play an enabling role in central pattern generation which has not been explored in modelling or experimental contexts. We first situate this phenomenon within the space of possibilities for HP’s involvement in oscillation. Then, we show that these “HP-enabled” oscillations are extraordinarily common in random circuits of various sizes. Finally, we describe how the degree of timescale separation between HP and neural dynamics affects HP-enabled oscillation. This analysis suggests promising avenues for dialogue between modeling and experiment.","2023-07-24","2024-04-13 14:59:28","2024-04-13 15:40:01","2024-04-13 14:59:28","","","","","","","","","","","","MIT Press","","en","","","","","direct.mit.edu","","","","C:\Users\User\Documents\99_Papers\StoltingL et al\Stolting et al_2023_Characterizing the Role of Homeostatic Plasticity in Central Pattern Generators.pdf","","ERA","","","","","","","","","","","","","","","","","","","","","","","","","","","","","","","","ALIFE 2023: Ghost in the Machine: Proceedings of the 2023 Artificial Life Conference","","","","","","","","","","","","","","",""
"Y6ED297A","conferencePaper","2023","Sinapayen, Lana","Self-Replication, Spontaneous Mutations, and Exponential Genetic Drift in Neural Cellular Automata","","","","10.1162/isal_a_00591","https://dx.doi.org/10.1162/isal_a_00591","Abstract. This paper reports on patterns exhibiting self-replication with spontaneous, inheritable mutations and exponential genetic drift in Neural Cellular Automata. Despite the models not being explicitly trained for mutation or inheritability, the descendant patterns exponentially drift away from ancestral patterns, even when the automaton is deterministic. While this is far from being the first instance of evolutionary dynamics in a cellular automaton, it is the first to do so by exploiting the power and convenience of Neural Cellular Automata, arguably increasing the space of variations and the opportunity for Open Ended Evolution.","2023-07-24","2024-04-13 14:51:56","2024-05-09 07:28:17","2024-04-13 14:51:56","","","","","","","","","","","","MIT Press","","en","","","","","direct.mit.edu","","","","C:\Users\User\Documents\99_Papers\SinapayenL\Sinapayen_2023_Self-Replication, Spontaneous Mutations, and Exponential Genetic Drift in.pdf","","ERA; neural cellular automata","","","","","","","","","","","","","","","","","","","","","","","","","","","","","","","","ALIFE 2023: Ghost in the Machine: Proceedings of the 2023 Artificial Life Conference","","","","","","","","","","","","","","",""
"3U9BZKI7","conferencePaper","2023","Severino, Gabriel J.; Merritt, Haily; Izquierdo, Eduardo J.","Between you and me: A systematic analysis of mutual social interaction in perceptual crossing agents","","","","10.1162/isal_a_00609","https://dx.doi.org/10.1162/isal_a_00609","Abstract. The perceptual crossing task has been used to understand social interaction for over a decade. To what extent is the interaction between evolved perceptual crossers truly mutual? To address this question, we undertake a three-pronged examination of the mutuality of simulated social interaction. First, we construct a decoy object that moves at a set amplitude and frequency. This decoy object serves as a benchmark to systematically assess whether the agents can be deceived by non-social oscillatory movement - essentially, whether they mistake the simple, mechanical movement of the decoy for the behavior of another agent. Second, we use agents’ performance with the decoy and agents’ performance with each other to identify convincingly social agents for further analysis. This approach helped us identify that many agents, previously thought to be robust, did not meet our criteria for mutual interaction. However, it also importantly led to the identification of three agents that demonstrate the strongest potential for genuine mutual interaction. Finally, we delve into a detailed investigation of these three agents, focusing on their behavioral patterns and the dynamic strategies they employ.","2023-07-24","2024-04-13 14:52:20","2024-04-13 15:34:16","2024-04-13 14:52:20","","","","","","","Between you and me","","","","","MIT Press","","en","","","","","direct.mit.edu","","","","C:\Users\User\Documents\99_Papers\SeverinoG et al\Severino et al_2023_Between you and me.pdf","","ERA","","","","","","","","","","","","","","","","","","","","","","","","","","","","","","","","ALIFE 2023: Ghost in the Machine: Proceedings of the 2023 Artificial Life Conference","","","","","","","","","","","","","","",""
"WT9CY6FA","conferencePaper","2023","Severino, Gabriel J.; Laborde, Zachary; Barwich, Ann-Sophie","The Degeneracy of Control Architectures in Cell Lineages: Implications for Tissue Homeostasis","","","","10.1162/isal_a_00608","https://dx.doi.org/10.1162/isal_a_00608","Abstract. In their most abstract form, we can understand tissues as being composed of three general cell types: stem cells, transit-amplifying cells, and differentiated cells. Additionally, we know that these cell types can secrete molecules or regulatory factors that can exert control over other cell populations. Recent work in theoretical biology examined several cell lineage control networks that result in tissue homeostasis. We develop an alternative mass action model that views developmental cell lineages as biological pathways. We demonstrate that three cell lineages are homeostatic irrespective of the implementation and that their control structures exhibit a degeneracy, containing solely negative feedback or negative resistance. We replicate and extend the homeostatic control architectures previously outlined and report on the relevant bifurcations and dynamics of these pathways.","2023-07-24","2024-04-13 14:52:17","2024-07-25 07:29:01","2024-04-13 14:52:17","","","","","","","The Degeneracy of Control Architectures in Cell Lineages","","","","","MIT Press","","en","","","","","direct.mit.edu","","","","C:\Users\User\Documents\99_Papers\SeverinoG et al\Severino et al_2023_The Degeneracy of Control Architectures in Cell Lineages.pdf","","ERA; skimmed","","","","","","","","","","","","","","","","","","","","","","","","","","","","","","","","ALIFE 2023: Ghost in the Machine: Proceedings of the 2023 Artificial Life Conference","","","","","","","","","","","","","","",""
"WF4JE28C","conferencePaper","2023","Reséndiz-Benhumea, Georgina Montserrat; Siqueiros, Jesús M.; Gershenson, Carlos; Ramos-Fernández, Gabriel; Rodríguez-Vázquez, Katya","The Clash of Agents’ Worlds: Simulation Experiments for Investigating the Case of Encounters Between Agents With Different Social Ontogenies","","","","10.1162/isal_a_00700","https://dx.doi.org/10.1162/isal_a_00700","Abstract. Recent minimal modeling work, following a dynamical approach to the phenomenology of body memory and the en-active approach to cognitive science, has served as a computational proof of concept in support of conceiving body memory as a relational property that arises from the history of interactions of a whole brain-body-environment system, rather than as contents within the brain. Particularly, some of these studies have been focused on investigating the minimal type of social memory, i.e., dyadic body memory, using the so-called embodied dyadic interaction models. Here, we expand the related work on dyadic body memory by employing a sample of the embodied dyadic interaction models, which has demonstrated, in line with previous related work in social interaction, that by evolving agent pairs to maximize their neural complexity, they consistently display mutually coordinated behavior, which cannot be possible to achieve in isolation. We aim to investigate the emergent behavioral patterns during the encounters between agents with “different” (i.e., because of proceeding from interactive or isolated primary environments) minimal social ontogenies. For this purpose, we propose a re-definition of the concept of social ontogeny as the shaping of “being social”, which involves body memory, as being arisen from shared histories of social interactions, and present three simulation experiments. Our results revealed the emergence of three core behavioral patterns: (1) mutually coordinated dyads, (2) “exaggerated-shy” dyads, and (3) limited-coordination dyads. An analysis of agents’ neural and behavioral complexity is also performed. We then draw loose analogies between our findings and real-world examples.","2023-07-24","2024-04-13 15:01:44","2024-04-13 15:33:50","2024-04-13 15:01:44","","","","","","","The Clash of Agents’ Worlds","","","","","MIT Press","","en","","","","","direct.mit.edu","","","","C:\Users\User\Documents\99_Papers\Reséndiz-BenhumeaG et al\Reséndiz-Benhumea et al_2023_The Clash of Agents’ Worlds.pdf","","ERA","","","","","","","","","","","","","","","","","","","","","","","","","","","","","","","","ALIFE 2023: Ghost in the Machine: Proceedings of the 2023 Artificial Life Conference","","","","","","","","","","","","","","",""
"A9ZH2T4W","conferencePaper","2023","Rainford, Penn Faulkner; Mogre, Aalap; Velasco-Berrelleza, Victor; Dorman, Charles J.; Harris, Sarah; Kröger, Carsten; Stepney, Susan","A π-calculus Model of Supercoiling DNA Circuits","","","","10.1162/isal_a_00582","https://dx.doi.org/10.1162/isal_a_00582","Abstract. Synthetic biology is one facet of Artificial Life which designs novel biological components, e.g. DNA, RNA, membranes, to produce new behaviours. Here, we are interested in DNA “circuits”: DNA engineered to have particular computational properties. During gene transcription, the DNA double-helix undergoes supercoiling changes, which affects transcription of nearby genes. There is limited mathematical, as opposed to physical, modelling of DNA circuits, and supercoiling is not considered. In many current synthetic circuits, supercoiling has to be carefully removed, particularly in in vivo systems, to prevent unmodelled side effects. However, supercoiling is an intrinsic property of DNA that impacts gene expression, and could be exploited if included in models. Here, we present a new π-calculus formalism for modelling DNA circuits with supercoiling, and demonstrate its use on a simple genetic circuit. The state transition diagrams normally associated with π-calculus are not accessible when the number of states becomes large. We present a new circular visualisation of the π-calculus circuit components that is more intuitive and readable for biologists familiar with the circular visualisations of plasmids.","2023-07-24","2024-04-13 14:51:52","2024-04-13 15:33:39","2024-04-13 14:51:52","","","","","","","","","","","","MIT Press","","en","","","","","direct.mit.edu","","","","C:\Users\User\Documents\99_Papers\RainfordP et al\Rainford et al_2023_A π-calculus Model of Supercoiling DNA Circuits.pdf","","ERA","","","","","","","","","","","","","","","","","","","","","","","","","","","","","","","","ALIFE 2023: Ghost in the Machine: Proceedings of the 2023 Artificial Life Conference","","","","","","","","","","","","","","",""
"GGPRP4LC","conferencePaper","2023","Plantec, Erwan; Hamon, Gautier; Etcheverry, Mayalen; Oudeyer, Pierre-Yves; Moulin-Frier, Clément; Chan, Bert Wang-Chak","Flow-Lenia: Towards open-ended evolution in cellular automata through mass conservation and parameter localization","","","","10.1162/isal_a_00651","https://dx.doi.org/10.1162/isal_a_00651","Abstract. The design of complex self-organising systems producing life-like phenomena, such as the open-ended evolution of virtual creatures, is one of the main goals of artificial life. Le-nia, a family of cellular automata (CA) generalizing Conway’s Game of Life to continuous space, time and states, has attracted a lot of attention because of the wide diversity of self-organizing patterns it can generate. Among those, some spatially localized patterns (SLPs) resemble life-like artificial creatures and display complex behaviors. However, those creatures are found in only a small subspace of the Lenia parameter space and are not trivial to discover, necessitating advanced search algorithms. Furthermore, each of these creatures exist only in worlds governed by specific update rules and thus cannot interact in the same one. This paper proposes as mass-conservative extension of Lenia, called Flow Lenia, that solve both of these issues. We present experiments demonstrating its effectiveness in generating SLPs with complex behaviors and show that the update rule parameters can be optimized to generate SLPs showing behaviors of interest. Finally, we show that Flow Lenia enables the integration of the parameters of the CA update rules within the CA dynamics, making them dynamic and localized, allowing for multi-species simulations, with locally coherent update rules that define properties of the emerging creatures, and that can be mixed with neighbouring rules. We argue that this paves the way for the intrinsic evolution of self-organized artificial life forms within continuous CAs. A notebook with Flow Lenia implementation and demo are available at https://tinyurl.com/mr2ncy3h.","2023-07-24","2024-04-13 15:01:53","2024-04-13 15:33:24","2024-04-13 15:01:53","","","","","","","Flow-Lenia","","","","","MIT Press","","en","","","","","direct.mit.edu","","","","C:\Users\User\Documents\99_Papers\PlantecE et al\Plantec et al_2023_Flow-Lenia.pdf","","Youtube","","","","","","","","","","","","","","","","","","","","","","","","","","","","","","","","ALIFE 2023: Ghost in the Machine: Proceedings of the 2023 Artificial Life Conference","","","","","","","","","","","","","","",""
"KLG3I5I4","conferencePaper","2023","Pigozzi, Federico","Of Typewriters and PCs","","","","10.1162/isal_a_00693","https://dx.doi.org/10.1162/isal_a_00693","Abstract. PCs, being generally more effective, have replaced typewriters in our everyday lives; but, at the same time, introduce a lot of complexity. As a result, many of us are left wondering at PCs as if they were mysterious ghosts in the machine: entities with powers we cannot explain or control, almost supernatural. We analyze this increase in technological complexity at two levels in our society, one economic and one scientific, and we discuss how the field of Artificial Life (ALife) can attempt to rescue our society. At the economic level, there is evidence that computers, being so much more complex, slow labor productivity down rather than increasing it (e.g., maintenance, malware, distractions). Computers are also the subject of debate surrounding technological unemployment. We advocate for ALife to focus on developments that, like the xenobots, are minimally intrusive to our everyday work and occupy unfilled economic niches. At the scientific level, the surge in Artificial Intelligence (AI) has begotten a plethora of complex algorithms that mimic the cognition happening in animal brains: they are usually not interpretable and even their creators struggle to make sense of them. We advocate for ALife to focus more on basal forms of cognition— cognition that requires as little “brain” as possible, potentially none; algorithms that think through their bodies, stripped of any superfluous complexity, just like typewriters.","2023-07-24","2024-04-13 15:00:36","2024-04-13 15:32:56","2024-04-13 15:00:36","","","","","","","","","","","","MIT Press","","en","","","","","direct.mit.edu","","","","C:\Users\User\Documents\99_Papers\PigozziF\Pigozzi_2023_Of Typewriters and PCs.pdf","","ERA","","","","","","","","","","","","","","","","","","","","","","","","","","","","","","","","ALIFE 2023: Ghost in the Machine: Proceedings of the 2023 Artificial Life Conference","","","","","","","","","","","","","","",""
"BA298MTV","conferencePaper","2023","Najarro, Elias; Sudhakaran, Shyam; Risi, Sebastian","Towards Self-Assembling Artificial Neural Networks through Neural Developmental Programs","","","","10.1162/isal_a_00697","https://dx.doi.org/10.1162/isal_a_00697","Abstract. Biological nervous systems are created in a fundamentally different way than current artificial neural networks. Despite its impressive results in a variety of different domains, deep learning often requires considerable engineering effort to design high-performing neural architectures. By contrast, biological nervous systems are grown through a dynamic self-organizing process. In this paper, we take initial steps toward neural networks that grow through a developmental process that mirrors key properties of embryonic development in biological organisms. The growth process is guided by another neural network, which we call a Neural Developmental Program (NDP) and which operates through local communication alone. We investigate the role of neural growth on different machine learning benchmarks and different optimization methods (evolutionary training, online RL, offline RL, and supervised learning). Additionally, we highlight future research directions and opportunities enabled by having self-organization driving the growth of neural networks.","2023-07-24","2024-04-13 14:57:14","2024-04-13 15:32:42","2024-04-13 14:57:14","","","","","","","","","","","","MIT Press","","en","","","","","direct.mit.edu","","","","C:\Users\User\Documents\99_Papers\NajarroE et al\Najarro et al_2023_Towards Self-Assembling Artificial Neural Networks through Neural Developmental.pdf","","Youtube","","","","","","","","","","","","","","","","","","","","","","","","","","","","","","","","ALIFE 2023: Ghost in the Machine: Proceedings of the 2023 Artificial Life Conference","","","","","","","","","","","","","","",""
"NI8KJV4M","conferencePaper","2023","McShaffrey, Connor; Beer, Randall D.","Decomposing Viability Space","","","","10.1162/isal_a_00652","https://dx.doi.org/10.1162/isal_a_00652","Abstract. Under what conditions will an organism remain viable as numerous forces threaten its self-construction, and what does this abstract space of possibilities look like? A growing body of work has begun to confront this question by imposing viability limits on dynamical system models to separate sets of viable and nonviable states. Since the viability limits are not implicit in the equations that govern the dynamics, there is no guaranteed equivalence between the phase portrait and the basins of initial conditions that will remain viable. This means that the topology of a dynamical system model with imposed viability limits demands richer analyses, which we refer to as characterizing viability space. In this paper, we set the groundwork for such techniques using a protocell model governed by nonlinear ordinary differential equations, including the development of novel criteria for bifurcations so that entire classes of systems can be studied.","2023-07-24","2024-04-13 14:55:47","2024-04-13 15:32:28","2024-04-13 14:55:47","","","","","","","","","","","","MIT Press","","en","","","","","direct.mit.edu","","","","C:\Users\User\Documents\99_Papers\McShaffreyC_BeerR\McShaffrey_Beer_2023_Decomposing Viability Space.pdf","","ERA","","","","","","","","","","","","","","","","","","","","","","","","","","","","","","","","ALIFE 2023: Ghost in the Machine: Proceedings of the 2023 Artificial Life Conference","","","","","","","","","","","","","","",""
"N8TIAHEW","conferencePaper","2023","Löffler, Richard J. G.; Tanaka, Shinpei; Holler, Silvia; Hanczyc, Martin M.","Ecosystem of clusters made of self-propelled droplet surfers","","","","10.1162/isal_a_00587","https://dx.doi.org/10.1162/isal_a_00587","","2023-07-24","2024-04-13 15:01:52","2024-04-13 15:32:03","2024-04-13 15:01:52","","","","","","","","","","","","MIT Press","","en","","","","","direct.mit.edu","","","","C:\Users\User\Documents\99_Papers\LöfflerR et al\Löffler et al_2023_Ecosystem of clusters made of self-propelled droplet surfers.pdf","","ERA","","","","","","","","","","","","","","","","","","","","","","","","","","","","","","","","ALIFE 2023: Ghost in the Machine: Proceedings of the 2023 Artificial Life Conference","","","","","","","","","","","","","","",""
"HSTSKBC3","conferencePaper","2023","Leither, Sydney; Foreback, Max; Baum, David A.; Dolson, Emily","Interaction Strengths Affect Whether Ecological Networks Promote the Initiation of Egalitarian Major Transitions","","","","10.1162/isal_a_00686","https://dx.doi.org/10.1162/isal_a_00686","Abstract. Identifying conditions that promote egalitarian major transitions, where unlike replicating units unite to form a higher-level unit, is an open problem with far-reaching implications. We propose that egalitarian major transitions can only begin in ecological communities that are conducive to them. To formalize this idea, we introduce the concept of “transition-ability”, which describes the extent to which a community is poised to undergo an egalitarian major transition. We hypothesize that transitionability is a property of ecological interaction networks, which represent the set of pairwise interactions among members of a community. Using a digital artificial ecology that simulates interactions between species based on a static interaction network, we test the transition-ability of interaction networks created by a range of graph-generation techniques, as well as some real-world ecological networks. To measure the extent to which a community is moving towards a major transition, we quantify the increase in community-level fitness relative to individual-level fitness across five different fitness proxies. We find that some network generation protocols produce more transitionable networks than others. In particular, interaction strengths (i.e. edge weights) have a substantial impact on transitionability, despite receiving low attention in the literature.","2023-07-24","2024-04-13 14:56:54","2024-04-13 15:31:52","2024-04-13 14:56:54","","","","","","","","","","","","MIT Press","","en","","","","","direct.mit.edu","","","","C:\Users\User\Documents\99_Papers\LeitherS et al\Leither et al_2023_Interaction Strengths Affect Whether Ecological Networks Promote the Initiation.pdf","","Ofria lab","","","","","","","","","","","","","","","","","","","","","","","","","","","","","","","","ALIFE 2023: Ghost in the Machine: Proceedings of the 2023 Artificial Life Conference","","","","","","","","","","","","","","",""
"XV43I8TT","conferencePaper","2023","Kaiser, Tanja Katharina; Kluth, Christopher; Hamann, Heiko","Evolving Dynamic Collective Behaviors by Minimizing Surprise","","","","10.1162/isal_a_00650","https://dx.doi.org/10.1162/isal_a_00650","Abstract. Our minimize surprise method evolves swarm robot controllers using a task-independent reward for prediction accuracy. Since no specific task is rewarded during optimization, various collective behaviors can emerge, as has also been shown in previous work. But so far, all generated behaviors were static or repetitive allowing for easy sensor predictions due to mostly constant sensor input. Our goal is to generate more dynamic behaviors that vary behavior based on changes in sensor input. We modify environment and agent capabilities, and extend the minimize surprise reward with additional components rewarding homing or curiosity. In preliminary experiments, we were able to generate first dynamic behaviors through our modifications, providing a promising basis for future work.","2023-07-24","2024-04-13 14:55:45","2024-04-13 15:30:34","2024-04-13 14:55:45","","","","","","","","","","","","MIT Press","","en","","","","","direct.mit.edu","","","","C:\Users\User\Documents\99_Papers\KaiserT et al\Kaiser et al_2023_Evolving Dynamic Collective Behaviors by Minimizing Surprise.pdf","","Youtube","","","","","","","","","","","","","","","","","","","","","","","","","","","","","","","","ALIFE 2023: Ghost in the Machine: Proceedings of the 2023 Artificial Life Conference","","","","","","","","","","","","","","",""
"X7F27KWV","conferencePaper","2023","Kahana, Amit; Jirasek, Michael; Asche, Silke; Sharma, Abhishek; Marshall, Stuart; Cronin, Lee","Identifying molecular selection using Assembly Theory and closed-loop experiments","","","","10.1162/isal_a_00653","https://dx.doi.org/10.1162/isal_a_00653","Abstract. Life’s origin and chemical evolution requires continuous and substantial selective processes at the molecular scale. However, the spontaneous emergence of selection, its mechanism and system-level influence are still insufficiently explored. To address this, an automated experimental framework has been devised to identify selection in a recursive system of oligomerizing molecules with closed-loop analytics. The approach is based on Assembly Theory, using Molecular Assembly (MA) index as an inherent complexity measure of molecules and molecular networks. A string-based MA model was developed to assist in the efficient analysis of diverse lengthy oligomers and to allow string information procedures. Coupled with smart algorithmic decision-making, the system will attempt to maximize the molecular network’s complexity in the reactor over recursive cycles. Following patterns of increasing chemical complexity in the molecular system could reveal definite traces of selection and determine the conditions and agents that promote it. This work elucidates why improbable complex states emerge, pertinent to life’s origin and its major evolutionary transitions.","2023-07-24","2024-04-13 14:59:50","2024-04-13 15:30:25","2024-04-13 14:59:50","","","","","","","","","","","","MIT Press","","en","","","","","direct.mit.edu","","","","C:\Users\User\Documents\99_Papers\KahanaA et al\Kahana et al_2023_Identifying molecular selection using Assembly Theory and closed-loop.pdf","","Youtube","","","","","","","","","","","","","","","","","","","","","","","","","","","","","","","","ALIFE 2023: Ghost in the Machine: Proceedings of the 2023 Artificial Life Conference","","","","","","","","","","","","","","",""
"U2LZAS8M","conferencePaper","2023","Johnson, Kiara; Dirkswager, Sylvie; Vostinar, Anya E.","Evolution of symbiotic task-based digital genomes: ectosymbiosis hastens the evolution of endosymbiosis","","","","10.1162/isal_a_00661","https://dx.doi.org/10.1162/isal_a_00661","","2023-07-24","2024-04-13 14:56:08","2024-04-13 15:29:56","2024-04-13 14:56:08","","","","","","","Evolution of symbiotic task-based digital genomes","","","","","MIT Press","","en","","","","","direct.mit.edu","","","","C:\Users\User\Documents\99_Papers\JohnsonK et al\Johnson et al_2023_Evolution of symbiotic task-based digital genomes.pdf","","Ofria lab","","","","","","","","","","","","","","","","","","","","","","","","","","","","","","","","ALIFE 2023: Ghost in the Machine: Proceedings of the 2023 Artificial Life Conference","","","","","","","","","","","","","","",""
"K2VFUIUE","conferencePaper","2023","Jiang, Shiyu; Kim, Heejoong; Tanaka, Fabio; Aranha, Claus; Bogdanova, Anna; Ghobadi, Kimia; Dahbura, Anton","Simulating Disease Spread During Disaster Scenarios","","","","10.1162/isal_a_00681","https://dx.doi.org/10.1162/isal_a_00681","Abstract. Multi-Agent Simulations are useful tools to predict the effects of public policies. In the last three years, with the concerns around the COVID-19 pandemic, several simulations were developed to understand the effects of lockdown, travel, etc. Even before that, MAS systems were used to plan disaster evacuation policies, transit policies, and many others. In this paper, we propose and analyze a mixed model that considers the effects of masking and large scale evacuations at the scale of a large university campus and its neighborhood. This project is part of a larger effort to create a simulator that considers how human mobility (pedestrian, public transportation, private transportation) interacts with large scale events (natural disasters, entrance examinations, pandemics) at a neighborhood level in the Japanese context. We evaluate how the simulator in its current state can reflect the effect of different masking policies on the spread of COVID-19 during an earthquake evacuation scenario.","2023-07-24","2024-04-13 15:01:36","2024-04-13 15:29:39","2024-04-13 15:01:36","","","","","","","","","","","","MIT Press","","en","","","","","direct.mit.edu","","","","C:\Users\User\Documents\99_Papers\JiangS et al\Jiang et al_2023_Simulating Disease Spread During Disaster Scenarios.pdf","","ERA","","","","","","","","","","","","","","","","","","","","","","","","","","","","","","","","ALIFE 2023: Ghost in the Machine: Proceedings of the 2023 Artificial Life Conference","","","","","","","","","","","","","","",""
"X8KM7A83","conferencePaper","2023","Jaafar, Siti Aisyah Binti; Suzuki, Reiji; Komori, Satoru; Arita, Takaya","How excessive elitism can facilitate the evolution of morphology and behavior of artificial creatures with NEAT","","","","10.1162/isal_a_00621","https://dx.doi.org/10.1162/isal_a_00621","","2023-07-24","2024-04-13 14:55:05","2024-04-13 15:29:30","2024-04-13 14:55:05","","","","","","","","","","","","MIT Press","","en","","","","","direct.mit.edu","","","","C:\Users\User\Documents\99_Papers\JaafarS et al\Jaafar et al_2023_How excessive elitism can facilitate the evolution of morphology and behavior2.pdf","","Youtube","","","","","","","","","","","","","","","","","","","","","","","","","","","","","","","","ALIFE 2023: Ghost in the Machine: Proceedings of the 2023 Artificial Life Conference","","","","","","","","","","","","","","",""
"XDCI98BP","conferencePaper","2023","Foreback, Max; Leither, Sydney; Baum, David A.; Dolson, Emily","The Role of Abiotic Parameters in the Promotion of Egalitarian Major Evolutionary Transitions","","","","10.1162/isal_a_00692","https://dx.doi.org/10.1162/isal_a_00692","Abstract. The problem of identifying conditions that enable major evolutionary transitions, in which distinct units come together to form a new higher level unit, is a complex and difficult topic spanning many disciplines. Here, we approach this problem from the perspective of the origin of life, which allows us to make the simplifying assumption that the lower-level units are not also evolving. This assumption lets us focus on identifying environmental factors that promote egalitarian major transitions in general and the origin of life specifically. To study this question, we build a simple artificial ecology model. We quantify major-transition-like dynamics using a maximum likelihood approach and a set of null models predicting the behavior of our system under various dynamics. Ultimately, we find that, even in a maximally simple artificial ecology model, we are able to observe evidence of community-level selection and thus the beginnings of a major evolutionary transition. The regions of parameter space that promote community-level selection vary based on species interactions but we observe consistent trends.","2023-07-24","2024-04-13 14:57:09","2024-04-13 15:28:54","2024-04-13 14:57:09","","","","","","","","","","","","MIT Press","","en","","","","","direct.mit.edu","","","","C:\Users\User\Documents\99_Papers\ForebackM et al\Foreback et al_2023_The Role of Abiotic Parameters in the Promotion of Egalitarian Major.pdf","","Ofria lab","","","","","","","","","","","","","","","","","","","","","","","","","","","","","","","","ALIFE 2023: Ghost in the Machine: Proceedings of the 2023 Artificial Life Conference","","","","","","","","","","","","","","",""
"NUMSGNLL","conferencePaper","2023","dos Santos, Luiz F. S. Eugênio; Aranha, Claus; de Carvalho, André P. de L. F.","Multi-agent City Expansion With Land Use and Transport","","","","10.1162/isal_a_00675","https://dx.doi.org/10.1162/isal_a_00675","Abstract. Simulating the development of cities is interesting from the point of view of understanding human communities, but also brings benefits to city planners. However, understanding the expansion of land use and transportation networks is a known challenge. In this work, we investigate a city development model that combines a rule-based procedural road generation algorithm with multi-agent simulation of land choice and movement through the map using the generated land use and transportation network. The city map is organized in a grid, and an initial land value for each cell is calculated based on its geospatial features. Next, a set of agents are randomly initialized and perform actions on the city map, such as establishing residences, commuting, and trading in the exploration phase. Then, the actions performed by the agents are used as parameters for recalculating land prices and guiding the expansion of the road network, in a network development phase. We evaluate the emergence of geometrical patterns in the road network as well as land use and population distribution in the final map. We also compare maps generated using geographical data from selected locations to their corresponding real world settlements.","2023-07-24","2024-04-13 15:01:42","2024-04-13 15:28:30","2024-04-13 15:01:43","","","","","","","","","","","","MIT Press","","en","","","","","direct.mit.edu","","","","C:\Users\User\Documents\99_Papers\dos SantosL et al\dos Santos et al_2023_Multi-agent City Expansion With Land Use and Transport.pdf","","ERA","","","","","","","","","","","","","","","","","","","","","","","","","","","","","","","","ALIFE 2023: Ghost in the Machine: Proceedings of the 2023 Artificial Life Conference","","","","","","","","","","","","","","",""
"VAZ2LI2M","conferencePaper","2023","Forbes, Eden; Beer, Randall","The Sun Always Rises: Behavioral Attunement to Abiotic Reins","","","","10.1162/isal_a_00598","https://dx.doi.org/10.1162/isal_a_00598","Abstract. Behavior has an understated role in the genesis of complex ecologies. Discussion of ecological regulation describes the phenomenon in terms of coupled feedbacks which have been connected by Harvey (2004) to rein control as introduced by Clynes (1969). These descriptions have motivated the question of how communities that instantiate such feedbacks can evolve in the first place, especially with respect to global regulatory effects such as those supposed in Lovelock and Margulis’ Gaia theory (1974). While Gaian regulation is not incompatible with evolution, it appears there are intermediate steps that are necessary for its establishment, and likely the establishment of coupled ecological regulation at any scale. Here we present a series of dynamical models that show how simple dormancy behavior can help account for that differential survival across a variety of seasonal conditions. Furthermore, the combination of that behavior and a traditional rein control mechanism lead to a significant increase in survivable conditions, providing a hypothesis for how ecological regulation may be scaffolded. Further discussion suggests that effective behavior of pioneer species is a requirement for the establishment of robust ecosystems.","2023-07-24","2024-04-13 14:52:05","2024-04-13 15:27:54","2024-04-13 14:52:05","","","","","","","The Sun Always Rises","","","","","MIT Press","","en","","","","","direct.mit.edu","","","","C:\Users\User\Documents\99_Papers\ForbesE_BeerR\Forbes_Beer_2023_The Sun Always Rises.pdf","","ERA","","","","","","","","","","","","","","","","","","","","","","","","","","","","","","","","ALIFE 2023: Ghost in the Machine: Proceedings of the 2023 Artificial Life Conference","","","","","","","","","","","","","","",""
"W5724CXX","conferencePaper","2023","Claire, Glanois; Sudhakaran, Shyam; Najarro, Elias; Risi, Sebastian","Open-Ended Library Learning in Unsupervised Program Synthesis","","","","10.1162/isal_a_00685","https://dx.doi.org/10.1162/isal_a_00685","Abstract. Pairing a neuro-symbolic model with library learning to facilitate program induction seems a promising way of fostering open-ended innovation, by leveraging the robustness, expressivity, and extrapolative capabilities of programs. This paper investigates how Open-Ended Dreamer (OED), an unsupervised diversity-oriented neuro-symbolic learner built upon DreamCoder (Ellis et al., 2021), may support open-ended program discovery. By alternating between phases of generation, selection, and abstraction, OED aims to expand a hierarchical library of diversity-enabling building blocks (in the form of programs), which are subsequently reused and composed in later iterations. As a first test-bed, we apply OED to a tower building domain and investigate the impact of library learning, neural guidance, innate priors, and language or environmental pressures on the formation of symbolic knowledge. Our experiments suggest that promoting greater exploration and stochasticity is crucial to offset the bias introduced by the growing language, and foster more creative divergence.","2023-07-24","2024-04-13 14:56:49","2024-04-13 15:27:31","2024-04-13 14:56:49","","","","","","","","","","","","MIT Press","","en","","","","","direct.mit.edu","","","","C:\Users\User\Documents\99_Papers\ClaireG et al\Claire et al_2023_Open-Ended Library Learning in Unsupervised Program Synthesis.pdf","","Youtube","","","","","","","","","","","","","","","","","","","","","","","","","","","","","","","","ALIFE 2023: Ghost in the Machine: Proceedings of the 2023 Artificial Life Conference","","","","","","","","","","","","","","",""
"D6XBEPP2","conferencePaper","2023","Raoufi, Mohsen; Romanczuk, Pawel; Hamann, Heiko","Individuality in Swarm Robots with the Case Study of Kilobots: Noise, Bug, or Feature?","","","","10.1162/isal_a_00623","https://dx.doi.org/10.1162/isal_a_00623","Abstract. Inter-individual differences are studied in natural systems, such as fish, bees, and humans, as they contribute to the complexity of both individual and collective behaviors. However, individuality in artificial systems, such as robotic swarms, is undervalued or even overlooked. Agent-specific deviations from the norm in swarm robotics are usually understood as mere noise that can be minimized, for example, by calibration. We observe that robots have consistent deviations and argue that awareness and knowledge of these can be exploited to serve a task. We measure heterogeneity in robot swarms caused by individual differences in how robots act, sense, and oscillate. Our use case is Kilobots and we provide example behaviors where the performance of robots varies depending on individual differences. We show a non-intuitive example of phototaxis with Kilobots where the non-calibrated Kilobots show better performance than the calibrated supposedly “ideal” one. We measure the inter-individual variations for heterogeneity in sensing and oscillation, too. We briefly discuss how these variations can enhance the complexity of collective behaviors. We suggest that by recognizing and exploring this new perspective on individuality, and hence diversity, in robotic swarms, we can gain a deeper understanding of these systems and potentially unlock new possibilities for their design and implementation of applications.","2023-07-24","2024-04-13 14:55:08","2024-04-14 09:50:51","2024-04-13 14:55:08","","","","","","","Individuality in Swarm Robots with the Case Study of Kilobots","","","","","MIT Press","","en","","","","","direct.mit.edu","","https://arxiv.org/abs/2306.12345","","C:\Users\User\Documents\99_Papers\RaoufiM et al\Raoufi et al_2023_Individuality in Swarm Robots with the Case Study of Kilobots.pdf","","","","","","","","","","","","","","","","","","","","","","","","","","","","","","","","","","ALIFE 2023: Ghost in the Machine: Proceedings of the 2023 Artificial Life Conference","","","","","","","","","","","","","","",""
"3VEY7F6Z","conferencePaper","2023","Anagnou, Stavros; Polani, Daniel; Salge, Christoph","The Effect of Noise on the Emergence of Continuous Norms and its Evolutionary Dynamics","","","","10.1162/isal_a_00588","https://dx.doi.org/10.1162/isal_a_00588","Abstract. We examine the effect of noise on societies of agents using an agent-based model of evolutionary norm emergence. Generally, we see that noisy societies are more selfish, smaller and discontent, and are caught in rounds of perpetual punishment preventing them from flourishing. Surprisingly, despite the detrimental effect of noise on the population, it does not seem to evolve away. In fact, in some cases it seems the level of noise increases. We carry out further analysis and provide reasons for why this might be the case. Furthermore, we claim that our framework that evolves the noise/ambiguity of norms is a new way to model the tight/loose framework of norms, suggesting that despite ambiguous norms’ detrimental effect on society, evolution does not favour clarity.","2023-07-24","2024-04-13 15:01:40","2024-04-14 09:50:05","2024-04-13 15:01:40","","","","","","","","","","","","MIT Press","","en","","","","","direct.mit.edu","","","","C:\Users\User\Documents\99_Papers\AnagnouS et al\Anagnou et al_2023_The Effect of Noise on the Emergence of Continuous Norms and its Evolutionary.pdf; C:\Users\User\Documents\99_Papers\AnagnouS et al\Anagnou et al_2023_The Effect of Noise on the Emergence of Continuous Norms and its Evolutionary3.pdf","","ERA","","","","","","","","","","","","","","","","","","","","","","","","","","","","","","","","ALIFE 2023: Ghost in the Machine: Proceedings of the 2023 Artificial Life Conference","","","","","","","","","","","","","","",""
"8ZNWIXZE","conferencePaper","2023","Moreno, Matthew Andres; Dolson, Emily; Rodriguez-Papa, Santiago","Toward Phylogenetic Inference of Evolutionary Dynamics at Scale","","","","10.1162/isal_a_00694","https://dx.doi.org/10.1162/isal_a_00694","Abstract. As digital evolution systems grow in scale and complexity, observing and interpreting their evolutionary dynamics will become increasingly challenging. Distributed and parallel computing, in particular, introduce obstacles to maintaining the high level of observability that makes digital evolution a powerful experimental tool. Phylogenetic analyses represent a promising tool for drawing inferences from digital evolution experiments at scale. Recent work has introduced promising techniques for decentralized phylogenetic inference in parallel and distributed digital evolution systems. However, foundational phylogenetic theory necessary to apply these techniques to characterize evolutionary dynamics is lacking. Here, we lay the groundwork for practical applications of distributed phylogenetic tracking in three ways: 1) we present an improved technique for reconstructing phylogenies from tunably-precise genome annotations, 2) we begin the process of identifying how the signatures of various evolutionary dynamics manifest in phylogenetic metrics, and 3) we quantify the impact of reconstruction-induced imprecision on phylogenetic metrics. We find that selection pressure, spatial structure, and ecology have distinct effects on phylogenetic metrics, although these effects are complex and not always intuitive. We also find that, while low-resolution phylogenetic reconstructions can bias some phylogenetic metrics, high-resolution reconstructions recapitulate them faithfully.","2023-07-24","2024-04-10 02:37:36","2024-04-14 09:48:17","2024-04-13 14:56:50","","","","","","","","","","","","MIT Press","","en","","","","","direct.mit.edu","","","","C:\Users\User\Documents\99_Papers\MorenoM et al\Moreno et al_2023_Toward Phylogenetic Inference of Evolutionary Dynamics at Scale2.pdf","","Ofria lab","","","","","","","","","","","","","","","","","","","","","","","","","","","","","","","","ALIFE 2023: Ghost in the Machine: Proceedings of the 2023 Artificial Life Conference","","","","","","","","","","","","","","",""
"QU38RQ5A","conferencePaper","2023","Ferguson, Austin J.; Ofria, Charles","Potentiating Mutations Facilitate the Evolution of Associative Learning in Digital Organisms","","","","10.1162/isal_a_00684","https://dx.doi.org/10.1162/isal_a_00684","Abstract. Scientists have long tried to predict evolutionary outcomes in order to design vaccines for next year’s diseases, stabilize endangered ecosystems, or make better choices in designing evolutionary algorithms. To predict, however, we must first be able to retroactively identify the key steps that determined the evolved state. Researchers have long examined the role of historical contingency in evolution; when do small, seemingly insignificant mutations substantially shift the probabilities of what traits or behaviors ultimately evolve? Practitioners of experimental evolution have recently begun to investigate this question using a new technique: analytic replay experiments. We can found many populations with a given genotype in order to measure the probability of a particular trait evolving from that starting point; we call this the “potentiation” of that genotype. Moving along a lineage, we can identify which mutations altered potentiation. Here we used digital organisms to conduct a high-resolution analysis of how individual mutations affected the potentiation of associative learning. We find that the probability of evolving associative learning can increase suddenly – even with a single mutation that appeared innocuous when it occurred. While there was no obvious signal to identify potentiating mutations as they arose, we were able to retrospectively identify mechanisms by which these mutations influenced subsequent evolution. Many of the most interesting and complex evolutionary adaptations that occur in nature are exceptionally rare. Here, we extend techniques for understanding these rare evolutionary events and the patterns and processes that produce them.","2023-07-24","2024-04-10 02:40:40","2024-04-14 09:47:39","2024-04-13 14:56:46","","","","","","","","","","","","MIT Press","","en","","","","","direct.mit.edu","","","","C:\Users\User\Documents\99_Papers\FergusonA_OfriaC\Ferguson_Ofria_2023_Potentiating Mutations Facilitate the Evolution of Associative Learning in2.pdf","","Ofria lab","","","","","","","","","","","","","","","","","","","","","","","","","","","","","","","","ALIFE 2023: Ghost in the Machine: Proceedings of the 2023 Artificial Life Conference","","","","","","","","","","","","","","",""