"Key","Item Type","Publication Year","Author","Title","Publication Title","ISBN","ISSN","DOI","Url","Abstract Note","Date","Date Added","Date Modified","Access Date","Pages","Num Pages","Issue","Volume","Number Of Volumes","Journal Abbreviation","Short Title","Series","Series Number","Series Text","Series Title","Publisher","Place","Language","Rights","Type","Archive","Archive Location","Library Catalog","Call Number","Extra","Notes","File Attachments","Link Attachments","Manual Tags","Automatic Tags","Editor","Series Editor","Translator","Contributor","Attorney Agent","Book Author","Cast Member","Commenter","Composer","Cosponsor","Counsel","Interviewer","Producer","Recipient","Reviewed Author","Scriptwriter","Words By","Guest","Number","Edition","Running Time","Scale","Medium","Artwork Size","Filing Date","Application Number","Assignee","Issuing Authority","Country","Meeting Name","Conference Name","Court","References","Reporter","Legal Status","Priority Numbers","Programming Language","Version","System","Code","Code Number","Section","Session","Committee","History","Legislative Body"
"KJIIARJZ","conferencePaper","2024","Faíña, Andrés; Risi, Sebastian; Medvet, Eric; Stoy, Kasper; Chan, Bert; Miras, Karine; Zahadat, Payam; Grbic, Djordje; Nadizar, Giorgia","ALIFE ISAL 2024 Complete Proceedings PDF","The 2024 Conference on Artificial Life","","","10.1162/isal_a_00834","https://www.mitpressjournals.org/doi/abs/10.1162/isal_a_00834","","2024","2024-09-12 06:08:15","2024-09-12 06:08:15","2024-09-12 06:08:09","","","","","","","","","","","","MIT Press","Online","en","","","","","DOI.org (Crossref)","","","","C:\Users\User\Documents\99_Papers\FaíñaA et al\Faíña et al_2024_ALIFE ISAL 2024 Complete Proceedings PDF.pdf","","","","","","","","","","","","","","","","","","","","","","","","","","","","","","","","","","The 2024 Conference on Artificial Life","","","","","","","","","","","","","","",""
"6TRQ2HA5","conferencePaper","2024","Renner, Alexa; Marois, Émile; Fiorito, Julian; Ashworth, Jacob; Yoder, Jason A.","A Computational Model of Developmental Exaptations","The 2024 Conference on Artificial Life","","","10.1162/isal_a_00708","https://www.mitpressjournals.org/doi/abs/10.1162/isal_a_00708","","2024","2024-09-12 06:08:15","2024-09-12 06:08:15","2024-09-12 06:08:09","","","","","","","","","","","","MIT Press","Online","en","","","","","DOI.org (Crossref)","","","","C:\Users\User\Documents\99_Papers\RennerA et al\Renner et al_2024_A Computational Model of Developmental Exaptations.pdf","","","","","","","","","","","","","","","","","","","","","","","","","","","","","","","","","","The 2024 Conference on Artificial Life","","","","","","","","","","","","","","",""
"2BAJLS9E","conferencePaper","2024","Shortall, Patrick; Lee, Chanelle; Lawry, Jonathan","A Macrophage-Inspired Approach To Fault Reaction In The Collective Perception Problem","The 2024 Conference on Artificial Life","","","10.1162/isal_a_00711","https://www.mitpressjournals.org/doi/abs/10.1162/isal_a_00711","","2024","2024-09-12 06:08:15","2024-09-12 06:08:15","2024-09-12 06:08:09","","","","","","","","","","","","MIT Press","Online","en","","","","","DOI.org (Crossref)","","","","C:\Users\User\Documents\99_Papers\ShortallP et al\Shortall et al_2024_A Macrophage-Inspired Approach To Fault Reaction In The Collective Perception.pdf","","","","","","","","","","","","","","","","","","","","","","","","","","","","","","","","","","The 2024 Conference on Artificial Life","","","","","","","","","","","","","","",""
"3VKJJ2UG","conferencePaper","2024","Rodriguez, Fernando; Husbands, Phil","A Saucerful of Secrets: Open-Ended Organizational Closure in the Game of Life","The 2024 Conference on Artificial Life","","","10.1162/isal_a_00712","https://www.mitpressjournals.org/doi/abs/10.1162/isal_a_00712","","2024","2024-09-12 06:08:15","2024-09-12 06:08:15","2024-09-12 06:08:09","","","","","","","A Saucerful of Secrets","","","","","MIT Press","Online","en","","","","","DOI.org (Crossref)","","","","C:\Users\User\Documents\99_Papers\RodriguezF_HusbandsP\Rodriguez_Husbands_2024_A Saucerful of Secrets.pdf","","","","","","","","","","","","","","","","","","","","","","","","","","","","","","","","","","The 2024 Conference on Artificial Life","","","","","","","","","","","","","","",""
"IC6R3XHX","conferencePaper","2024","Unemi, Tatsuo; Bisig, Daniel","A Swarm Control by Distributed Attractant and Repellent, and its Application for a Stage Effect in Contemporary Ballet","The 2024 Conference on Artificial Life","","","10.1162/isal_a_00714","https://www.mitpressjournals.org/doi/abs/10.1162/isal_a_00714","","2024","2024-09-12 06:08:15","2024-09-12 06:08:15","2024-09-12 06:08:09","","","","","","","","","","","","MIT Press","Online","en","","","","","DOI.org (Crossref)","","","","C:\Users\User\Documents\99_Papers\UnemiT_BisigD\Unemi_Bisig_2024_A Swarm Control by Distributed Attractant and Repellent, and its Application.pdf","","","","","","","","","","","","","","","","","","","","","","","","","","","","","","","","","","The 2024 Conference on Artificial Life","","","","","","","","","","","","","","",""
"Y64CKII8","conferencePaper","2024","Daudey, Hugo; Parsons, David P.; Tannier, Eric; Daubin, Vincent; Boussau, Bastien; Liard, Vincent; Gallé, Romain; Rouzaud-Cornabas, Jonathan; Beslon, Guillaume","Aevol_4b: Bridging the gap between artificial life and bioinformatics","The 2024 Conference on Artificial Life","","","10.1162/isal_a_00716","https://www.mitpressjournals.org/doi/abs/10.1162/isal_a_00716","","2024","2024-09-12 06:08:15","2024-09-12 06:08:15","2024-09-12 06:08:09","","","","","","","Aevol_4b","","","","","MIT Press","Online","en","","","","","DOI.org (Crossref)","","","","C:\Users\User\Documents\99_Papers\DaudeyH et al\Daudey et al_2024_Aevol_4b.pdf","","","","","","","","","","","","","","","","","","","","","","","","","","","","","","","","","","The 2024 Conference on Artificial Life","","","","","","","","","","","","","","",""
"JPBFPK6J","conferencePaper","2024","Mußmann, Marc; Hofstadler, Daniel Nicolas; Von Mammen, Sebastian","An Agent-based, Interactive Simulation Model of Root Growth","The 2024 Conference on Artificial Life","","","10.1162/isal_a_00718","https://www.mitpressjournals.org/doi/abs/10.1162/isal_a_00718","","2024","2024-09-12 06:08:15","2024-09-12 06:08:15","2024-09-12 06:08:09","","","","","","","","","","","","MIT Press","Online","en","","","","","DOI.org (Crossref)","","","","C:\Users\User\Documents\99_Papers\MußmannM et al\Mußmann et al_2024_An Agent-based, Interactive Simulation Model of Root Growth.pdf","","","","","","","","","","","","","","","","","","","","","","","","","","","","","","","","","","The 2024 Conference on Artificial Life","","","","","","","","","","","","","","",""
"HJCS6PLZ","conferencePaper","2024","Shinto, Ryoma; Iizuka, Hiroyuki","Analyzing the Sensibility of Visual Language Models Using an Evolving Image Generation System: Focusing on Color Impressions and Sound Symbolism","The 2024 Conference on Artificial Life","","","10.1162/isal_a_00719","https://www.mitpressjournals.org/doi/abs/10.1162/isal_a_00719","","2024","2024-09-12 06:08:15","2024-09-12 06:08:15","2024-09-12 06:08:09","","","","","","","Analyzing the Sensibility of Visual Language Models Using an Evolving Image Generation System","","","","","MIT Press","Online","en","","","","","DOI.org (Crossref)","","","","C:\Users\User\Documents\99_Papers\ShintoR_IizukaH\Shinto_Iizuka_2024_Analyzing the Sensibility of Visual Language Models Using an Evolving Image.pdf","","","","","","","","","","","","","","","","","","","","","","","","","","","","","","","","","","The 2024 Conference on Artificial Life","","","","","","","","","","","","","","",""
"8DM89XMC","conferencePaper","2024","Esaki, Kanako; Matsumura, Tadayuki; Kato, Takeshi; Minusa, Shunsuke; Shao, Yang; Mizuno, Hiroyuki","Artificial Minimal Self on Free Energy Principle for Autonomous Cooperative Behavior","The 2024 Conference on Artificial Life","","","10.1162/isal_a_00720","https://www.mitpressjournals.org/doi/abs/10.1162/isal_a_00720","","2024","2024-09-12 06:08:15","2024-09-12 06:08:15","2024-09-12 06:08:09","","","","","","","","","","","","MIT Press","Online","en","","","","","DOI.org (Crossref)","","","","C:\Users\User\Documents\99_Papers\EsakiK et al\Esaki et al_2024_Artificial Minimal Self on Free Energy Principle for Autonomous Cooperative.pdf","","","","","","","","","","","","","","","","","","","","","","","","","","","","","","","","","","The 2024 Conference on Artificial Life","","","","","","","","","","","","","","",""
"6WR6FTI7","conferencePaper","2024","Bohm, Clifford; Zhang, Ivy; Dolson, Emily","Assessing the ability of the MODES toolbox to detect hallmarks of open-endedness","The 2024 Conference on Artificial Life","","","10.1162/isal_a_00721","https://www.mitpressjournals.org/doi/abs/10.1162/isal_a_00721","","2024","2024-09-12 06:08:15","2024-09-12 06:08:15","2024-09-12 06:08:09","","","","","","","","","","","","MIT Press","Online","en","","","","","DOI.org (Crossref)","","","","C:\Users\User\Documents\99_Papers\BohmC et al\Bohm et al_2024_Assessing the ability of the MODES toolbox to detect hallmarks of open-endedness.pdf","","","","","","","","","","","","","","","","","","","","","","","","","","","","","","","","","","The 2024 Conference on Artificial Life","","","","","","","","","","","","","","",""
"3TNDFSEH","conferencePaper","2024","Bielawski, Kam; Rozlivek, Jakub; Hoffmann, Matej; Bongard, Josh","Best Practices for Differentiable Soft Robot Modeling and Optimization with the Material Point Method","The 2024 Conference on Artificial Life","","","10.1162/isal_a_00724","https://www.mitpressjournals.org/doi/abs/10.1162/isal_a_00724","","2024","2024-09-12 06:08:15","2024-09-12 06:08:15","2024-09-12 06:08:09","","","","","","","","","","","","MIT Press","Online","en","","","","","DOI.org (Crossref)","","","","C:\Users\User\Documents\99_Papers\BielawskiK et al\Bielawski et al_2024_Best Practices for Differentiable Soft Robot Modeling and Optimization with the.pdf","","","","","","","","","","","","","","","","","","","","","","","","","","","","","","","","","","The 2024 Conference on Artificial Life","","","","","","","","","","","","","","",""
"ZVJGQD7L","conferencePaper","2024","Arnold, Solvi; Suzuki, Reiji; Arita, Takaya; Yamazaki, Kimitoshi","Breaching the Bottleneck: Evolutionary Transition from Reward-Driven Learning to Reward-Agnostic Domain-Adapted Learning in Neuromodulated Neural Nets","The 2024 Conference on Artificial Life","","","10.1162/isal_a_00725","https://www.mitpressjournals.org/doi/abs/10.1162/isal_a_00725","","2024","2024-09-12 06:08:15","2024-09-12 06:08:15","2024-09-12 06:08:09","","","","","","","Breaching the Bottleneck","","","","","MIT Press","Online","en","","","","","DOI.org (Crossref)","","","","C:\Users\User\Documents\99_Papers\ArnoldS et al\Arnold et al_2024_Breaching the Bottleneck.pdf","","","","","","","","","","","","","","","","","","","","","","","","","","","","","","","","","","The 2024 Conference on Artificial Life","","","","","","","","","","","","","","",""
"T8DC4R4K","conferencePaper","2024","Carissimo, Cesare; Korecki, Marcin","Capital as Artificial Intelligence","The 2024 Conference on Artificial Life","","","10.1162/isal_a_00727","https://www.mitpressjournals.org/doi/abs/10.1162/isal_a_00727","","2024","2024-09-12 06:08:15","2024-09-12 06:08:15","2024-09-12 06:08:09","","","","","","","","","","","","MIT Press","Online","en","","","","","DOI.org (Crossref)","","","","C:\Users\User\Documents\99_Papers\CarissimoC_KoreckiM\Carissimo_Korecki_2024_Capital as Artificial Intelligence.pdf","","","","","","","","","","","","","","","","","","","","","","","","","","","","","","","","","","The 2024 Conference on Artificial Life","","","","","","","","","","","","","","",""
"RBRZGE4U","conferencePaper","2024","Yevenko, Ivan","Classifying the fractal parameter space of the Lenia Orbium","The 2024 Conference on Artificial Life","","","10.1162/isal_a_00728","https://www.mitpressjournals.org/doi/abs/10.1162/isal_a_00728","","2024","2024-09-12 06:08:15","2024-09-12 06:08:15","2024-09-12 06:08:09","","","","","","","","","","","","MIT Press","Online","en","","","","","DOI.org (Crossref)","","","","C:\Users\User\Documents\99_Papers\YevenkoI\Yevenko_2024_Classifying the fractal parameter space of the Lenia Orbium.pdf","","","","","","","","","","","","","","","","","","","","","","","","","","","","","","","","","","The 2024 Conference on Artificial Life","","","","","","","","","","","","","","",""
"MGJLKM6N","conferencePaper","2024","Willkens, Thomas; Pollack, Jordan","Coevolutionary Heuristics for Maximization of Expected Utility","The 2024 Conference on Artificial Life","","","10.1162/isal_a_00729","https://www.mitpressjournals.org/doi/abs/10.1162/isal_a_00729","","2024","2024-09-12 06:08:15","2024-09-12 06:08:15","2024-09-12 06:08:09","","","","","","","","","","","","MIT Press","Online","en","","","","","DOI.org (Crossref)","","","","C:\Users\User\Documents\99_Papers\WillkensT_PollackJ\Willkens_Pollack_2024_Coevolutionary Heuristics for Maximization of Expected Utility.pdf","","","","","","","","","","","","","","","","","","","","","","","","","","","","","","","","","","The 2024 Conference on Artificial Life","","","","","","","","","","","","","","",""
"4TCKIH3L","conferencePaper","2024","Nisioti, Eleni; Risi, Sebastian; Momennejad, Ida; Oudeyer, Pierre-Yves; Moulin-Frier, Clément","Collective Innovation in Groups of Large Language Models","The 2024 Conference on Artificial Life","","","10.1162/isal_a_00730","https://www.mitpressjournals.org/doi/abs/10.1162/isal_a_00730","","2024","2024-09-12 06:08:15","2024-09-12 06:08:15","2024-09-12 06:08:09","","","","","","","","","","","","MIT Press","Online","en","","","","","DOI.org (Crossref)","","","","C:\Users\User\Documents\99_Papers\NisiotiE et al\Nisioti et al_2024_Collective Innovation in Groups of Large Language Models.pdf","","","","","","","","","","","","","","","","","","","","","","","","","","","","","","","","","","The 2024 Conference on Artificial Life","","","","","","","","","","","","","","",""
"RXLUVWES","conferencePaper","2024","Armitage, Jack; Shepardson, Victor; Crozzoli, Miguel; Magnusson, Thor","Commingling Artificial Life and Interactive Machine Learning in Diffractive Artistic Research Practice","The 2024 Conference on Artificial Life","","","10.1162/isal_a_00731","https://www.mitpressjournals.org/doi/abs/10.1162/isal_a_00731","","2024","2024-09-12 06:08:15","2024-09-12 06:08:15","2024-09-12 06:08:09","","","","","","","","","","","","MIT Press","Online","en","","","","","DOI.org (Crossref)","","","","C:\Users\User\Documents\99_Papers\ArmitageJ et al\Armitage et al_2024_Commingling Artificial Life and Interactive Machine Learning in Diffractive.pdf","","","","","","","","","","","","","","","","","","","","","","","","","","","","","","","","","","The 2024 Conference on Artificial Life","","","","","","","","","","","","","","",""
"7GU7PDXZ","conferencePaper","2024","Pak, Denizhan; Beer, Randall D.","Comparative Analysis of Heteroclinic Network Construction Algorithms for Simulating C. elegans Behavioral and Neural Data","The 2024 Conference on Artificial Life","","","10.1162/isal_a_00732","https://www.mitpressjournals.org/doi/abs/10.1162/isal_a_00732","","2024","2024-09-12 06:08:15","2024-09-12 06:08:15","2024-09-12 06:08:09","","","","","","","","","","","","MIT Press","Online","en","","","","","DOI.org (Crossref)","","","","C:\Users\User\Documents\99_Papers\PakD_BeerR\Pak_Beer_2024_Comparative Analysis of Heteroclinic Network Construction Algorithms for.pdf","","","","","","","","","","","","","","","","","","","","","","","","","","","","","","","","","","The 2024 Conference on Artificial Life","","","","","","","","","","","","","","",""
"ZJL29C6A","conferencePaper","2024","Waldegrave, Riversdale; Stepney, Susan; Trefzer, Martin A.","Creating Network Motifs with Developmental Graph Cellular Automata","The 2024 Conference on Artificial Life","","","10.1162/isal_a_00734","https://www.mitpressjournals.org/doi/abs/10.1162/isal_a_00734","","2024","2024-09-12 06:08:15","2024-09-12 06:08:15","2024-09-12 06:08:09","","","","","","","","","","","","MIT Press","Online","en","","","","","DOI.org (Crossref)","","","","C:\Users\User\Documents\99_Papers\WaldegraveR et al\Waldegrave et al_2024_Creating Network Motifs with Developmental Graph Cellular Automata.pdf","","","","","","","","","","","","","","","","","","","","","","","","","","","","","","","","","","The 2024 Conference on Artificial Life","","","","","","","","","","","","","","",""
"LK9UXKK6","conferencePaper","2024","Kocherovsky, Mark; Banzhaf, Wolfgang","Crossover Destructiveness in Cartesian versus Linear Genetic Programming","The 2024 Conference on Artificial Life","","","10.1162/isal_a_00735","https://www.mitpressjournals.org/doi/abs/10.1162/isal_a_00735","","2024","2024-09-12 06:08:15","2024-09-12 06:08:15","2024-09-12 06:08:09","","","","","","","","","","","","MIT Press","Online","en","","","","","DOI.org (Crossref)","","","","C:\Users\User\Documents\99_Papers\KocherovskyM_BanzhafW\Kocherovsky_Banzhaf_2024_Crossover Destructiveness in Cartesian versus Linear Genetic Programming.pdf","","","","","","","","","","","","","","","","","","","","","","","","","","","","","","","","","","The 2024 Conference on Artificial Life","","","","","","","","","","","","","","",""
"LLZFKM8S","conferencePaper","2024","Mash, Robert; Castañón, Gregory; Culbertson, Jared","Curious POET: Intrinsic Motivation Improves Exploration Efficiency","The 2024 Conference on Artificial Life","","","10.1162/isal_a_00736","https://www.mitpressjournals.org/doi/abs/10.1162/isal_a_00736","","2024","2024-09-12 06:08:15","2024-09-12 06:08:15","2024-09-12 06:08:09","","","","","","","Curious POET","","","","","MIT Press","Online","en","","","","","DOI.org (Crossref)","","","","C:\Users\User\Documents\99_Papers\MashR et al\Mash et al_2024_Curious POET.pdf","","","","","","","","","","","","","","","","","","","","","","","","","","","","","","","","","","The 2024 Conference on Artificial Life","","","","","","","","","","","","","","",""
"ARKYA4R2","conferencePaper","2024","Forbes, Eden; Beer, Randall","Deriving Community Models with Evolutionary Robotics: A Case Study of Sensory Pollution","The 2024 Conference on Artificial Life","","","10.1162/isal_a_00738","https://www.mitpressjournals.org/doi/abs/10.1162/isal_a_00738","","2024","2024-09-12 06:08:15","2024-09-12 06:08:15","2024-09-12 06:08:09","","","","","","","Deriving Community Models with Evolutionary Robotics","","","","","MIT Press","Online","en","","","","","DOI.org (Crossref)","","","","C:\Users\User\Documents\99_Papers\ForbesE_BeerR\Forbes_Beer_2024_Deriving Community Models with Evolutionary Robotics.pdf","","","","","","","","","","","","","","","","","","","","","","","","","","","","","","","","","","The 2024 Conference on Artificial Life","","","","","","","","","","","","","","",""
"CGSP55KD","conferencePaper","2024","Beer, Randall D.; McShaffrey, Connor; Gaul, Thomas M.","Deriving The Intrinsic Viability Constraint of an Emergent Individual from First Principles","The 2024 Conference on Artificial Life","","","10.1162/isal_a_00739","https://www.mitpressjournals.org/doi/abs/10.1162/isal_a_00739","","2024","2024-09-12 06:08:15","2024-09-12 06:08:15","2024-09-12 06:08:09","","","","","","","","","","","","MIT Press","Online","en","","","","","DOI.org (Crossref)","","","","C:\Users\User\Documents\99_Papers\BeerR et al\Beer et al_2024_Deriving The Intrinsic Viability Constraint of an Emergent Individual from.pdf","","","","","","","","","","","","","","","","","","","","","","","","","","","","","","","","","","The 2024 Conference on Artificial Life","","","","","","","","","","","","","","",""
"Y4DHWWCP","conferencePaper","2024","McShaffrey, Connor; Beer, Randall D.","Dissecting Viability in Multi-Agent Systems","The 2024 Conference on Artificial Life","","","10.1162/isal_a_00740","https://www.mitpressjournals.org/doi/abs/10.1162/isal_a_00740","","2024","2024-09-12 06:08:15","2024-09-12 06:08:15","2024-09-12 06:08:09","","","","","","","","","","","","MIT Press","Online","en","","","","","DOI.org (Crossref)","","","","C:\Users\User\Documents\99_Papers\McShaffreyC_BeerR\McShaffrey_Beer_2024_Dissecting Viability in Multi-Agent Systems.pdf","","","","","","","","","","","","","","","","","","","","","","","","","","","","","","","","","","The 2024 Conference on Artificial Life","","","","","","","","","","","","","","",""
"Z3ZW85UA","conferencePaper","2024","Skuljan, Natasha; Erb, Chris; Egbert, Matthew","Dynamics of human exploration of novel sensorimotor contingencies","The 2024 Conference on Artificial Life","","","10.1162/isal_a_00741","https://www.mitpressjournals.org/doi/abs/10.1162/isal_a_00741","","2024","2024-09-12 06:08:15","2024-09-12 06:08:15","2024-09-12 06:08:09","","","","","","","","","","","","MIT Press","Online","en","","","","","DOI.org (Crossref)","","","","C:\Users\User\Documents\99_Papers\SkuljanN et al\Skuljan et al_2024_Dynamics of human exploration of novel sensorimotor contingencies.pdf","","","","","","","","","","","","","","","","","","","","","","","","","","","","","","","","","","The 2024 Conference on Artificial Life","","","","","","","","","","","","","","",""
"ZXBGR2BP","conferencePaper","2024","Saito, Takumi; Oka, Mizuki","Effective Design and Interpretation in Voxel-Based Soft Robotics: A Part Assembly Approach with Bayesian Optimization","The 2024 Conference on Artificial Life","","","10.1162/isal_a_00742","https://www.mitpressjournals.org/doi/abs/10.1162/isal_a_00742","","2024","2024-09-12 06:08:15","2024-09-12 06:08:15","2024-09-12 06:08:09","","","","","","","Effective Design and Interpretation in Voxel-Based Soft Robotics","","","","","MIT Press","Online","en","","","","","DOI.org (Crossref)","","","","C:\Users\User\Documents\99_Papers\SaitoT_OkaM\Saito_Oka_2024_Effective Design and Interpretation in Voxel-Based Soft Robotics.pdf","","","","","","","","","","","","","","","","","","","","","","","","","","","","","","","","","","The 2024 Conference on Artificial Life","","","","","","","","","","","","","","",""
"S44G4K76","conferencePaper","2024","Cabaret, Thomas","Emergence of autopoietic vesicles able to grow, repair and reproduce in a minimalist particle system","The 2024 Conference on Artificial Life","","","10.1162/isal_a_00743","https://www.mitpressjournals.org/doi/abs/10.1162/isal_a_00743","","2024","2024-09-12 06:08:15","2024-09-12 06:08:15","2024-09-12 06:08:09","","","","","","","","","","","","MIT Press","Online","en","","","","","DOI.org (Crossref)","","","","C:\Users\User\Documents\99_Papers\CabaretT\Cabaret_2024_Emergence of autopoietic vesicles able to grow, repair and reproduce in a.pdf","","","","","","","","","","","","","","","","","","","","","","","","","","","","","","","","","","The 2024 Conference on Artificial Life","","","","","","","","","","","","","","",""
"CNMUZWEP","conferencePaper","2024","Mordvintsev, Alexander; Niklasson, Eyvind","Emergent Multiscale Structures and Generative Potential of Isotropic Neural Cellular Automata","The 2024 Conference on Artificial Life","","","10.1162/isal_a_00745","https://www.mitpressjournals.org/doi/abs/10.1162/isal_a_00745","","2024","2024-09-12 06:08:15","2024-09-12 06:08:15","2024-09-12 06:08:09","","","","","","","","","","","","MIT Press","Online","en","","","","","DOI.org (Crossref)","","","","C:\Users\User\Documents\99_Papers\MordvintsevA_NiklassonE\Mordvintsev_Niklasson_2024_Emergent Multiscale Structures and Generative Potential of Isotropic Neural.pdf","","","","","","","","","","","","","","","","","","","","","","","","","","","","","","","","","","The 2024 Conference on Artificial Life","","","","","","","","","","","","","","",""
"PG6F2ZS6","conferencePaper","2024","Rosselló, Lluc Bono; Alkilabi, Muhanad; Tuci, Elio; Bersini, Hugues; Reina, Andreagiovanni","Emergent Orchestras: A Modular Framework for Musical Robot Swarms","The 2024 Conference on Artificial Life","","","10.1162/isal_a_00746","https://www.mitpressjournals.org/doi/abs/10.1162/isal_a_00746","","2024","2024-09-12 06:08:15","2024-09-12 06:08:15","2024-09-12 06:08:09","","","","","","","Emergent Orchestras","","","","","MIT Press","Online","en","","","","","DOI.org (Crossref)","","","","C:\Users\User\Documents\99_Papers\RossellóL et al\Rosselló et al_2024_Emergent Orchestras.pdf","","","","","","","","","","","","","","","","","","","","","","","","","","","","","","","","","","The 2024 Conference on Artificial Life","","","","","","","","","","","","","","",""
"4UEMGZPZ","conferencePaper","2024","Rojas, Junior","Energy-Based Models for Virtual Creatures","The 2024 Conference on Artificial Life","","","10.1162/isal_a_00748","https://www.mitpressjournals.org/doi/abs/10.1162/isal_a_00748","","2024","2024-09-12 06:08:15","2024-09-12 06:08:15","2024-09-12 06:08:09","","","","","","","","","","","","MIT Press","Online","en","","","","","DOI.org (Crossref)","","","","C:\Users\User\Documents\99_Papers\RojasJ\Rojas_2024_Energy-Based Models for Virtual Creatures.pdf","","","","","","","","","","","","","","","","","","","","","","","","","","","","","","","","","","The 2024 Conference on Artificial Life","","","","","","","","","","","","","","",""
"V3KS8EIT","conferencePaper","2024","Shea, John; Leither, Sydney; Foreback, Max; Dolson, Emily; Lalejini, Alexander","Environmental connectivity influences the origination of adaptive processes","The 2024 Conference on Artificial Life","","","10.1162/isal_a_00749","https://www.mitpressjournals.org/doi/abs/10.1162/isal_a_00749","","2024","2024-09-12 06:08:15","2024-09-12 06:08:15","2024-09-12 06:08:09","","","","","","","","","","","","MIT Press","Online","en","","","","","DOI.org (Crossref)","","","","C:\Users\User\Documents\99_Papers\SheaJ et al\Shea et al_2024_Environmental connectivity influences the origination of adaptive processes.pdf","","","","","","","","","","","","","","","","","","","","","","","","","","","","","","","","","","The 2024 Conference on Artificial Life","","","","","","","","","","","","","","",""
"UUAQB384","conferencePaper","2024","Izquierdo, Eduardo J.","Evolution of Embodied Agents on a Numerical Cognition Task: Sequential Counting","The 2024 Conference on Artificial Life","","","10.1162/isal_a_00750","https://www.mitpressjournals.org/doi/abs/10.1162/isal_a_00750","","2024","2024-09-12 06:08:15","2024-09-12 06:08:15","2024-09-12 06:08:09","","","","","","","Evolution of Embodied Agents on a Numerical Cognition Task","","","","","MIT Press","Online","en","","","","","DOI.org (Crossref)","","","","C:\Users\User\Documents\99_Papers\IzquierdoE\Izquierdo_2024_Evolution of Embodied Agents on a Numerical Cognition Task.pdf","","","","","","","","","","","","","","","","","","","","","","","","","","","","","","","","","","The 2024 Conference on Artificial Life","","","","","","","","","","","","","","",""
"32XU7ZAJ","conferencePaper","2024","Severino, Gabriel J.; Barwich, Ann-Sophie","Evolution and Analysis of Respiratory Odor Navigation in Embodied Agents","The 2024 Conference on Artificial Life","","","10.1162/isal_a_00751","https://www.mitpressjournals.org/doi/abs/10.1162/isal_a_00751","","2024","2024-09-12 06:08:15","2024-09-12 06:08:15","2024-09-12 06:08:09","","","","","","","","","","","","MIT Press","Online","en","","","","","DOI.org (Crossref)","","","","C:\Users\User\Documents\99_Papers\SeverinoG_BarwichA\Severino_Barwich_2024_Evolution and Analysis of Respiratory Odor Navigation in Embodied Agents.pdf","","","","","","","","","","","","","","","","","","","","","","","","","","","","","","","","","","The 2024 Conference on Artificial Life","","","","","","","","","","","","","","",""
"U4FPBAUN","conferencePaper","2024","Krellner, Marcus; Han, The Anh","Evolution of Cooperation via Joint Commitments and Reputation","The 2024 Conference on Artificial Life","","","10.1162/isal_a_00752","https://www.mitpressjournals.org/doi/abs/10.1162/isal_a_00752","","2024","2024-09-12 06:08:15","2024-09-12 06:08:15","2024-09-12 06:08:09","","","","","","","","","","","","MIT Press","Online","en","","","","","DOI.org (Crossref)","","","","C:\Users\User\Documents\99_Papers\KrellnerM_HanT\Krellner_Han_2024_Evolution of Cooperation via Joint Commitments and Reputation.pdf","","","","","","","","","","","","","","","","","","","","","","","","","","","","","","","","","","The 2024 Conference on Artificial Life","","","","","","","","","","","","","","",""
"N3CTUYTG","conferencePaper","2024","Parkar, Devendra; Leyba, Kirtus G.; Faerber, Raylene A.; Daymude, Joshua J.","Evolving Collective Behavior in Self-Organizing Particle Systems","The 2024 Conference on Artificial Life","","","10.1162/isal_a_00754","https://www.mitpressjournals.org/doi/abs/10.1162/isal_a_00754","","2024","2024-09-12 06:08:15","2024-09-12 06:08:15","2024-09-12 06:08:09","","","","","","","","","","","","MIT Press","Online","en","","","","","DOI.org (Crossref)","","","","C:\Users\User\Documents\99_Papers\ParkarD et al\Parkar et al_2024_Evolving Collective Behavior in Self-Organizing Particle Systems.pdf","","","","","","","","","","","","","","","","","","","","","","","","","","","","","","","","","","The 2024 Conference on Artificial Life","","","","","","","","","","","","","","",""
"Y5PE2FUW","conferencePaper","2024","Plantec, Erwan; Pedersen, Joachim W.; Montero, Milton L.; Nisioti, Eleni; Risi, Sebastian","Evolving Self-Assembling Neural Networks: From Spontaneous Activity to Experience-Dependent Learning","The 2024 Conference on Artificial Life","","","10.1162/isal_a_00755","https://www.mitpressjournals.org/doi/abs/10.1162/isal_a_00755","","2024","2024-09-12 06:08:15","2024-09-12 06:08:15","2024-09-12 06:08:09","","","","","","","Evolving Self-Assembling Neural Networks","","","","","MIT Press","Online","en","","","","","DOI.org (Crossref)","","","","C:\Users\User\Documents\99_Papers\PlantecE et al\Plantec et al_2024_Evolving Self-Assembling Neural Networks.pdf","","","","","","","","","","","","","","","","","","","","","","","","","","","","","","","","","","The 2024 Conference on Artificial Life","","","","","","","","","","","","","","",""
"TEC725TE","conferencePaper","2024","Nisioti, Eleni; Glanois, Claire; Najarro, Elias; Dai, Andrew; Meyerson, Elliot; Pedersen, Joachim Winther; Teodorescu, Laetitia; Hayes, Conor F.; Sudhakaran, Shyam; Risi, Sebastian","From Text to Life: On the Reciprocal Relationship between Artificial Life and Large Language Models","The 2024 Conference on Artificial Life","","","10.1162/isal_a_00759","https://www.mitpressjournals.org/doi/abs/10.1162/isal_a_00759","","2024","2024-09-12 06:08:15","2024-09-12 06:08:15","2024-09-12 06:08:09","","","","","","","From Text to Life","","","","","MIT Press","Online","en","","","","","DOI.org (Crossref)","","","","C:\Users\User\Documents\99_Papers\NisiotiE et al\Nisioti et al_2024_From Text to Life.pdf","","","","","","","","","","","","","","","","","","","","","","","","","","","","","","","","","","The 2024 Conference on Artificial Life","","","","","","","","","","","","","","",""
"FGJ7VXBL","conferencePaper","2024","Vellinger, Aymeric; Antonic, Nemanja; Tuci, Elio","System.Xml.XmlElement","The 2024 Conference on Artificial Life","","","10.1162/isal_a_00763","https://www.mitpressjournals.org/doi/abs/10.1162/isal_a_00763","","2024","2024-09-12 06:08:15","2024-09-12 06:08:15","2024-09-12 06:08:09","","","","","","","","","","","","MIT Press","Online","en","","","","","DOI.org (Crossref)","","","","C:\Users\User\Documents\99_Papers\VellingerA et al\Vellinger et al_2024_System.pdf","","","","","","","","","","","","","","","","","","","","","","","","","","","","","","","","","","The 2024 Conference on Artificial Life","","","","","","","","","","","","","","",""
"86Y3DIEH","conferencePaper","2024","Murase, Yohsuke; Hilbe, Christian","Indirect reciprocity with stochastic and dual reputation updates","The 2024 Conference on Artificial Life","","","10.1162/isal_a_00766","https://www.mitpressjournals.org/doi/abs/10.1162/isal_a_00766","","2024","2024-09-12 06:08:15","2024-09-12 06:08:15","2024-09-12 06:08:09","","","","","","","","","","","","MIT Press","Online","en","","","","","DOI.org (Crossref)","","","","C:\Users\User\Documents\99_Papers\MuraseY_HilbeC\Murase_Hilbe_2024_Indirect reciprocity with stochastic and dual reputation updates.pdf","","","","","","","","","","","","","","","","","","","","","","","","","","","","","","","","","","The 2024 Conference on Artificial Life","","","","","","","","","","","","","","",""
"4SJA6CWH","conferencePaper","2024","Erdem, Çağrı; Griwodz, Carsten","Interactive Experiences with a Web-based Drummer Bot for Finger-Tapping","The 2024 Conference on Artificial Life","","","10.1162/isal_a_00768","https://www.mitpressjournals.org/doi/abs/10.1162/isal_a_00768","","2024","2024-09-12 06:08:15","2024-09-12 06:08:15","2024-09-12 06:08:09","","","","","","","","","","","","MIT Press","Online","en","","","","","DOI.org (Crossref)","","","","C:\Users\User\Documents\99_Papers\ErdemÇ_GriwodzC\Erdem_Griwodz_2024_Interactive Experiences with a Web-based Drummer Bot for Finger-Tapping.pdf","","","","","","","","","","","","","","","","","","","","","","","","","","","","","","","","","","The 2024 Conference on Artificial Life","","","","","","","","","","","","","","",""
"7MGU9JZL","conferencePaper","2024","Cogoni, Florian; Bernard, David; Kazhen, Roxana; Valitutti, Salvatore; Lobjois, Valérie; Cussat-Blanc, Sylvain","ISiCell: A Participatory Methodology and Platform for Collaborative Agent-Based Modeling in Cell Biology","The 2024 Conference on Artificial Life","","","10.1162/isal_a_00769","https://www.mitpressjournals.org/doi/abs/10.1162/isal_a_00769","","2024","2024-09-12 06:08:15","2024-09-12 06:08:15","2024-09-12 06:08:09","","","","","","","ISiCell","","","","","MIT Press","Online","en","","","","","DOI.org (Crossref)","","","","C:\Users\User\Documents\99_Papers\CogoniF et al\Cogoni et al_2024_ISiCell.pdf","","","","","","","","","","","","","","","","","","","","","","","","","","","","","","","","","","The 2024 Conference on Artificial Life","","","","","","","","","","","","","","",""
"6ANETSGI","conferencePaper","2024","Lu, Chris; Beukman, Michael; Matthews, Michael; Foerster, Jakob","JaxLife: An Open-Ended Agentic Simulator","The 2024 Conference on Artificial Life","","","10.1162/isal_a_00770","https://www.mitpressjournals.org/doi/abs/10.1162/isal_a_00770","","2024","2024-09-12 06:08:15","2024-09-12 06:08:15","2024-09-12 06:08:09","","","","","","","JaxLife","","","","","MIT Press","Online","en","","","","","DOI.org (Crossref)","","","","C:\Users\User\Documents\99_Papers\LuC et al\Lu et al_2024_JaxLife.pdf","","","","","","","","","","","","","","","","","","","","","","","","","","","","","","","","","","The 2024 Conference on Artificial Life","","","","","","","","","","","","","","",""
"8N7K6IBR","conferencePaper","2024","Lim, Bryan; Flageat, Manon; Cully, Antoine","Large Language Models as In-context AI Generators for Quality-Diversity","The 2024 Conference on Artificial Life","","","10.1162/isal_a_00771","https://www.mitpressjournals.org/doi/abs/10.1162/isal_a_00771","","2024","2024-09-12 06:08:15","2024-09-12 06:08:15","2024-09-12 06:08:09","","","","","","","","","","","","MIT Press","Online","en","","","","","DOI.org (Crossref)","","","","C:\Users\User\Documents\99_Papers\LimB et al\Lim et al_2024_Large Language Models as In-context AI Generators for Quality-Diversity.pdf","","","","","","","","","","","","","","","","","","","","","","","","","","","","","","","","","","The 2024 Conference on Artificial Life","","","","","","","","","","","","","","",""
"H5V75TZE","conferencePaper","2024","Montero, Milton L.; Plantec, Erwan; Nisioti, Eleni; Pedersen, Joachim W.; Risi, Sebastian","Meta-Learning an Evolvable Developmental Encoding","The 2024 Conference on Artificial Life","","","10.1162/isal_a_00775","https://www.mitpressjournals.org/doi/abs/10.1162/isal_a_00775","","2024","2024-09-12 06:08:15","2024-09-12 06:08:15","2024-09-12 06:08:09","","","","","","","","","","","","MIT Press","Online","en","","","","","DOI.org (Crossref)","","","","C:\Users\User\Documents\99_Papers\MonteroM et al\Montero et al_2024_Meta-Learning an Evolvable Developmental Encoding.pdf","","","","","","","","","","","","","","","","","","","","","","","","","","","","","","","","","","The 2024 Conference on Artificial Life","","","","","","","","","","","","","","",""
"2ZE4FTTQ","conferencePaper","2024","Moreno, Matthew Andres","Methods to Estimate Cryptic Sequence Complexity","The 2024 Conference on Artificial Life","","","10.1162/isal_a_00776","https://www.mitpressjournals.org/doi/abs/10.1162/isal_a_00776","","2024","2024-09-12 06:08:15","2024-09-12 06:08:15","2024-09-12 06:08:09","","","","","","","","","","","","MIT Press","Online","en","","","","","DOI.org (Crossref)","","","","C:\Users\User\Documents\99_Papers\MorenoM\Moreno_2024_Methods to Estimate Cryptic Sequence Complexity.pdf","","","","","","","","","","","","","","","","","","","","","","","","","","","","","","","","","","The 2024 Conference on Artificial Life","","","","","","","","","","","","","","",""
"KQHEQ9Z2","conferencePaper","2024","Cope, Dylan; McBurney, Peter","Mimicry and the Emergence of Cooperative Communication","The 2024 Conference on Artificial Life","","","10.1162/isal_a_00777","https://www.mitpressjournals.org/doi/abs/10.1162/isal_a_00777","","2024","2024-09-12 06:08:15","2024-09-12 06:08:15","2024-09-12 06:08:09","","","","","","","","","","","","MIT Press","Online","en","","","","","DOI.org (Crossref)","","","","C:\Users\User\Documents\99_Papers\CopeD_McBurneyP\Cope_McBurney_2024_Mimicry and the Emergence of Cooperative Communication.pdf","","","","","","","","","","","","","","","","","","","","","","","","","","","","","","","","","","The 2024 Conference on Artificial Life","","","","","","","","","","","","","","",""
"77FW2YBS","conferencePaper","2024","Yoshida, Takahide; Baba, Suzune; Masumori, Atsushi; Ikegami, Takashi","Minimal Self in Humanoid Robot “Alter3” Driven by Large Language Model","The 2024 Conference on Artificial Life","","","10.1162/isal_a_00778","https://www.mitpressjournals.org/doi/abs/10.1162/isal_a_00778","","2024","2024-09-12 06:08:15","2024-09-12 06:08:15","2024-09-12 06:08:09","","","","","","","","","","","","MIT Press","Online","en","","","","","DOI.org (Crossref)","","","","C:\Users\User\Documents\99_Papers\YoshidaT et al\Yoshida et al_2024_Minimal Self in Humanoid Robot “Alter3” Driven by Large Language Model.pdf","","","","","","","","","","","","","","","","","","","","","","","","","","","","","","","","","","The 2024 Conference on Artificial Life","","","","","","","","","","","","","","",""
"IXB5GKPE","conferencePaper","2024","Bullock, Seth; Houghton, Conor","Modeling language contact with the Iterated Learning Model","The 2024 Conference on Artificial Life","","","10.1162/isal_a_00779","https://www.mitpressjournals.org/doi/abs/10.1162/isal_a_00779","","2024","2024-09-12 06:08:15","2024-09-12 06:08:15","2024-09-12 06:08:09","","","","","","","","","","","","MIT Press","Online","en","","","","","DOI.org (Crossref)","","","","C:\Users\User\Documents\99_Papers\BullockS_HoughtonC\Bullock_Houghton_2024_Modeling language contact with the Iterated Learning Model.pdf","","","","","","","","","","","","","","","","","","","","","","","","","","","","","","","","","","The 2024 Conference on Artificial Life","","","","","","","","","","","","","","",""
"WJBN8LPW","conferencePaper","2024","Hamidi, Mani; Khajehabdollahi, Sina; Giannakakis, Emmanouil; Schäfer, Tim J.; Levina, Anna; Wu, Charley M.","Modular Growth of Hierarchical Networks: Efficient, General, and Robust Curriculum Learning","The 2024 Conference on Artificial Life","","","10.1162/isal_a_00780","https://www.mitpressjournals.org/doi/abs/10.1162/isal_a_00780","","2024","2024-09-12 06:08:15","2024-09-12 06:08:15","2024-09-12 06:08:09","","","","","","","Modular Growth of Hierarchical Networks","","","","","MIT Press","Online","en","","","","","DOI.org (Crossref)","","","","C:\Users\User\Documents\99_Papers\HamidiM et al\Hamidi et al_2024_Modular Growth of Hierarchical Networks.pdf","","","","","","","","","","","","","","","","","","","","","","","","","","","","","","","","","","The 2024 Conference on Artificial Life","","","","","","","","","","","","","","",""
"7D8SRL6T","conferencePaper","2024","Senn, Christoph W.; Frischknecht-Gruber, Carmen Mei-Ling; Weyland, Mathias; Füchslin, Rudolf M.","Neural Lindenmayer Systems","The 2024 Conference on Artificial Life","","","10.1162/isal_a_00784","https://www.mitpressjournals.org/doi/abs/10.1162/isal_a_00784","","2024","2024-09-12 06:08:15","2024-09-12 06:08:15","2024-09-12 06:08:09","","","","","","","","","","","","MIT Press","Online","en","","","","","DOI.org (Crossref)","","","","C:\Users\User\Documents\99_Papers\SennC et al\Senn et al_2024_Neural Lindenmayer Systems.pdf","","","","","","","","","","","","","","","","","","","","","","","","","","","","","","","","","","The 2024 Conference on Artificial Life","","","","","","","","","","","","","","",""
"BLYTP2WN","conferencePaper","2024","Pajouheshgar, Ehsan; Xu, Yitao; Süsstrunk, Sabine","NoiseNCA: Noisy Seed Improves Spatio-Temporal Continuity of Neural Cellular Automata","The 2024 Conference on Artificial Life","","","10.1162/isal_a_00785","https://www.mitpressjournals.org/doi/abs/10.1162/isal_a_00785","","2024","2024-09-12 06:08:15","2024-09-12 06:08:15","2024-09-12 06:08:09","","","","","","","NoiseNCA","","","","","MIT Press","Online","en","","","","","DOI.org (Crossref)","","","","C:\Users\User\Documents\99_Papers\PajouheshgarE et al\Pajouheshgar et al_2024_NoiseNCA.pdf","","","","","","","","","","","","","","","","","","","","","","","","","","","","","","","","","","The 2024 Conference on Artificial Life","","","","","","","","","","","","","","",""
"2GWGLUWL","conferencePaper","2024","Sayama, Hiroki","Non-Spatial Hash Chemistry","The 2024 Conference on Artificial Life","","","10.1162/isal_a_00787","https://www.mitpressjournals.org/doi/abs/10.1162/isal_a_00787","","2024","2024-09-12 06:08:15","2024-09-12 06:08:15","2024-09-12 06:08:09","","","","","","","","","","","","MIT Press","Online","en","","","","","DOI.org (Crossref)","","","","C:\Users\User\Documents\99_Papers\SayamaH\Sayama_2024_Non-Spatial Hash Chemistry.pdf","","","","","","","","","","","","","","","","","","","","","","","","","","","","","","","","","","The 2024 Conference on Artificial Life","","","","","","","","","","","","","","",""
"JBTUB8K5","conferencePaper","2024","Ramalingasetty, Shravan Tata; Markin, Sergey N.; Lockhart, Andrew B.; Arreguit, Jonathan; Shevtsova, Natalia A.; Ijspeert, Auke J.; Rybak, Ilya A.; Danner, Simon M.","On All Fours: A 3D Framework to Study Closed-loop Control of Quadrupedal Mouse Locomotion","The 2024 Conference on Artificial Life","","","10.1162/isal_a_00788","https://www.mitpressjournals.org/doi/abs/10.1162/isal_a_00788","","2024","2024-09-12 06:08:15","2024-09-12 06:08:15","2024-09-12 06:08:09","","","","","","","On All Fours","","","","","MIT Press","Online","en","","","","","DOI.org (Crossref)","","","","C:\Users\User\Documents\99_Papers\RamalingasettyS et al\Ramalingasetty et al_2024_On All Fours.pdf","","","","","","","","","","","","","","","","","","","","","","","","","","","","","","","","","","The 2024 Conference on Artificial Life","","","","","","","","","","","","","","",""
"KRVU4X6X","conferencePaper","2024","Soros, L. B.; Adams, Alyssa M.; Kalonaris, Stefano; Witkowski, Olaf; Guckelsberger, Christian","On Creativity and Open-Endedness","The 2024 Conference on Artificial Life","","","10.1162/isal_a_00789","https://www.mitpressjournals.org/doi/abs/10.1162/isal_a_00789","","2024","2024-09-12 06:08:15","2024-09-12 06:08:15","2024-09-12 06:08:09","","","","","","","","","","","","MIT Press","Online","en","","","","","DOI.org (Crossref)","","","","C:\Users\User\Documents\99_Papers\SorosL et al\Soros et al_2024_On Creativity and Open-Endedness.pdf","","","","","","","","","","","","","","","","","","","","","","","","","","","","","","","","","","The 2024 Conference on Artificial Life","","","","","","","","","","","","","","",""
"TPIWZ923","conferencePaper","2024","Croft, Connor; Johnson, Kiara; Vostinar, Anya; Dolson, Emily","System.Xml.XmlElement","The 2024 Conference on Artificial Life","","","10.1162/isal_a_00790","https://www.mitpressjournals.org/doi/abs/10.1162/isal_a_00790","","2024","2024-09-12 06:08:15","2024-09-12 06:08:15","2024-09-12 06:08:09","","","","","","","","","","","","MIT Press","Online","en","","","","","DOI.org (Crossref)","","","","C:\Users\User\Documents\99_Papers\CroftC et al\Croft et al_2024_System.pdf","","","","","","","","","","","","","","","","","","","","","","","","","","","","","","","","","","The 2024 Conference on Artificial Life","","","","","","","","","","","","","","",""
"R27CEMQF","conferencePaper","2024","Folena, Giampaolo; Kruszewski, Germán","On the Emergence of Enzymes in an Artificial Chemistry","The 2024 Conference on Artificial Life","","","10.1162/isal_a_00791","https://www.mitpressjournals.org/doi/abs/10.1162/isal_a_00791","","2024","2024-09-12 06:08:15","2024-09-12 06:08:15","2024-09-12 06:08:09","","","","","","","","","","","","MIT Press","Online","en","","","","","DOI.org (Crossref)","","","","C:\Users\User\Documents\99_Papers\FolenaG_KruszewskiG\Folena_Kruszewski_2024_On the Emergence of Enzymes in an Artificial Chemistry.pdf","","","","","","","","","","","","","","","","","","","","","","","","","","","","","","","","","","The 2024 Conference on Artificial Life","","","","","","","","","","","","","","",""
"MJ5KTHBR","conferencePaper","2024","Uehara, Koh; Inoue, Katsuma; Kuniyoshi, Yasuo; Nakajima, Kohei","Ouroborotic Swarm Control: Collective Dynamics as a Reservoir","The 2024 Conference on Artificial Life","","","10.1162/isal_a_00793","https://www.mitpressjournals.org/doi/abs/10.1162/isal_a_00793","","2024","2024-09-12 06:08:15","2024-09-12 06:08:15","2024-09-12 06:08:09","","","","","","","Ouroborotic Swarm Control","","","","","MIT Press","Online","en","","","","","DOI.org (Crossref)","","","","C:\Users\User\Documents\99_Papers\UeharaK et al\Uehara et al_2024_Ouroborotic Swarm Control.pdf","","","","","","","","","","","","","","","","","","","","","","","","","","","","","","","","","","The 2024 Conference on Artificial Life","","","","","","","","","","","","","","",""
"3FDHKA2A","conferencePaper","2024","Rainford, Penn Faulkner; Velasco-Berrelleza, Victor; Mogre, Aalap; Dorman, Charles J.; Harris, Sarah; Kröger, Carsten; Stepney, Susan","Parameterising a Computational model of Supercoiling in Plasmid DNA with Biophysics modeling","The 2024 Conference on Artificial Life","","","10.1162/isal_a_00794","https://www.mitpressjournals.org/doi/abs/10.1162/isal_a_00794","","2024","2024-09-12 06:08:15","2024-09-12 06:08:15","2024-09-12 06:08:09","","","","","","","","","","","","MIT Press","Online","en","","","","","DOI.org (Crossref)","","","","C:\Users\User\Documents\99_Papers\RainfordP et al\Rainford et al_2024_Parameterising a Computational model of Supercoiling in Plasmid DNA with.pdf","","","","","","","","","","","","","","","","","","","","","","","","","","","","","","","","","","The 2024 Conference on Artificial Life","","","","","","","","","","","","","","",""
"KAMUQA6U","conferencePaper","2024","Németh, Zsolt; Rainford, Penn Faulkner; Porter, Barry","Phenotypic Species Definitions for Genetic Improvement of Source Code","The 2024 Conference on Artificial Life","","","10.1162/isal_a_00795","https://www.mitpressjournals.org/doi/abs/10.1162/isal_a_00795","","2024","2024-09-12 06:08:15","2024-09-12 06:08:15","2024-09-12 06:08:09","","","","","","","","","","","","MIT Press","Online","en","","","","","DOI.org (Crossref)","","","","C:\Users\User\Documents\99_Papers\NémethZ et al\Németh et al_2024_Phenotypic Species Definitions for Genetic Improvement of Source Code.pdf","","","","","","","","","","","","","","","","","","","","","","","","","","","","","","","","","","The 2024 Conference on Artificial Life","","","","","","","","","","","","","","",""
"LP88R56X","conferencePaper","2024","Garbus, Jack; Willkens, Thomas; Lalejini, Alexander; Pollack, Jordan","Phylogeny-Informed Interaction Estimation Accelerates Co-Evolutionary Learning","The 2024 Conference on Artificial Life","","","10.1162/isal_a_00796","https://www.mitpressjournals.org/doi/abs/10.1162/isal_a_00796","","2024","2024-09-12 06:08:15","2024-09-12 06:08:15","2024-09-12 06:08:09","","","","","","","","","","","","MIT Press","Online","en","","","","","DOI.org (Crossref)","","","","C:\Users\User\Documents\99_Papers\GarbusJ et al\Garbus et al_2024_Phylogeny-Informed Interaction Estimation Accelerates Co-Evolutionary Learning.pdf","","","","","","","","","","","","","","","","","","","","","","","","","","","","","","","","","","The 2024 Conference on Artificial Life","","","","","","","","","","","","","","",""
"C9SRXFCZ","conferencePaper","2024","Smith, Harrison B.; Sinapayen, Lana","Planetary Scale Replication as an Agnostic Biosignature","The 2024 Conference on Artificial Life","","","10.1162/isal_a_00798","https://www.mitpressjournals.org/doi/abs/10.1162/isal_a_00798","","2024","2024-09-12 06:08:15","2024-09-12 06:08:15","2024-09-12 06:08:09","","","","","","","","","","","","MIT Press","Online","en","","","","","DOI.org (Crossref)","","","","C:\Users\User\Documents\99_Papers\SmithH_SinapayenL\Smith_Sinapayen_2024_Planetary Scale Replication as an Agnostic Biosignature.pdf","","","","","","","","","","","","","","","","","","","","","","","","","","","","","","","","","","The 2024 Conference on Artificial Life","","","","","","","","","","","","","","",""
"QMUZB3UG","conferencePaper","2024","Regan, Ciaran; Gournail, Alexandre; Oka, Mizuki","Problem-Solving in Language Model Networks","The 2024 Conference on Artificial Life","","","10.1162/isal_a_00802","https://www.mitpressjournals.org/doi/abs/10.1162/isal_a_00802","","2024","2024-09-12 06:08:15","2024-09-12 06:08:15","2024-09-12 06:08:09","","","","","","","","","","","","MIT Press","Online","en","","","","","DOI.org (Crossref)","","","","C:\Users\User\Documents\99_Papers\ReganC et al\Regan et al_2024_Problem-Solving in Language Model Networks.pdf","","","","","","","","","","","","","","","","","","","","","","","","","","","","","","","","","","The 2024 Conference on Artificial Life","","","","","","","","","","","","","","",""
"ACHSW8SX","conferencePaper","2024","Hirota, Ryuzo; Saigo, Hayato; Taguchi, Shigeru","Reality of Affordances: A Category-Theoretic Approach","The 2024 Conference on Artificial Life","","","10.1162/isal_a_00805","https://www.mitpressjournals.org/doi/abs/10.1162/isal_a_00805","","2024","2024-09-12 06:08:15","2024-09-12 06:08:15","2024-09-12 06:08:09","","","","","","","Reality of Affordances","","","","","MIT Press","Online","en","","","","","DOI.org (Crossref)","","","","C:\Users\User\Documents\99_Papers\HirotaR et al\Hirota et al_2024_Reality of Affordances.pdf","","","","","","","","","","","","","","","","","","","","","","","","","","","","","","","","","","The 2024 Conference on Artificial Life","","","","","","","","","","","","","","",""
"USSZ3BW2","conferencePaper","2024","Siebert, Gage; Czégal, Dániel; Cronin, Leroy; Walker, Sara","Selection Driven Scaling Regimes in Assembly Theory","The 2024 Conference on Artificial Life","","","10.1162/isal_a_00810","https://www.mitpressjournals.org/doi/abs/10.1162/isal_a_00810","","2024","2024-09-12 06:08:15","2024-09-12 06:08:15","2024-09-12 06:08:09","","","","","","","","","","","","MIT Press","Online","en","","","","","DOI.org (Crossref)","","","","C:\Users\User\Documents\99_Papers\SiebertG et al\Siebert et al_2024_Selection Driven Scaling Regimes in Assembly Theory.pdf","","","","","","","","","","","","","","","","","","","","","","","","","","","","","","","","","","The 2024 Conference on Artificial Life","","","","","","","","","","","","","","",""
"LYDGZ7MS","conferencePaper","2024","Zorn, Maximilian; Altmann, Philipp; Stenzel, Gerhard; Kölle, Michael; Linnhoff-Popien, Claudia; Gabor, Thomas","Self-Adaptive Robustness of Applied Neural-Network-Soups","The 2024 Conference on Artificial Life","","","10.1162/isal_a_00811","https://www.mitpressjournals.org/doi/abs/10.1162/isal_a_00811","","2024","2024-09-12 06:08:15","2024-09-12 06:08:15","2024-09-12 06:08:09","","","","","","","","","","","","MIT Press","Online","en","","","","","DOI.org (Crossref)","","","","C:\Users\User\Documents\99_Papers\ZornM et al\Zorn et al_2024_Self-Adaptive Robustness of Applied Neural-Network-Soups.pdf","","","","","","","","","","","","","","","","","","","","","","","","","","","","","","","","","","The 2024 Conference on Artificial Life","","","","","","","","","","","","","","",""
"UQTQJWYP","conferencePaper","2024","Kawamura, Ayase; Tanaka, Shinpei; Matsuo, Muneyuki","Self-propulsion of 3-Phenylpropionaldehyde droplets","The 2024 Conference on Artificial Life","","","10.1162/isal_a_00812","https://www.mitpressjournals.org/doi/abs/10.1162/isal_a_00812","","2024","2024-09-12 06:08:15","2024-09-12 06:08:15","2024-09-12 06:08:09","","","","","","","","","","","","MIT Press","Online","en","","","","","DOI.org (Crossref)","","","","C:\Users\User\Documents\99_Papers\KawamuraA et al\Kawamura et al_2024_Self-propulsion of 3-Phenylpropionaldehyde droplets.pdf","","","","","","","","","","","","","","","","","","","","","","","","","","","","","","","","","","The 2024 Conference on Artificial Life","","","","","","","","","","","","","","",""
"932HX887","conferencePaper","2024","Raimbault, Juste","Spatial sensitivity of the evolutionary swarm chemistry model","The 2024 Conference on Artificial Life","","","10.1162/isal_a_00816","https://www.mitpressjournals.org/doi/abs/10.1162/isal_a_00816","","2024","2024-09-12 06:08:15","2024-09-12 06:08:15","2024-09-12 06:08:09","","","","","","","","","","","","MIT Press","Online","en","","","","","DOI.org (Crossref)","","","","C:\Users\User\Documents\99_Papers\RaimbaultJ\Raimbault_2024_Spatial sensitivity of the evolutionary swarm chemistry model.pdf","","","","","","","","","","","","","","","","","","","","","","","","","","","","","","","","","","The 2024 Conference on Artificial Life","","","","","","","","","","","","","","",""
"M3ZSD4AA","conferencePaper","2024","Godin-Dubois, Kevin; Cussat-Blanc, Sylvain; Duthen, Yves","Specialization or Generalization: Investigating NeuroEvolutionary Choices via Virtual fMRI","The 2024 Conference on Artificial Life","","","10.1162/isal_a_00817","https://www.mitpressjournals.org/doi/abs/10.1162/isal_a_00817","","2024","2024-09-12 06:08:15","2024-09-12 06:08:15","2024-09-12 06:08:09","","","","","","","Specialization or Generalization","","","","","MIT Press","Online","en","","","","","DOI.org (Crossref)","","","","C:\Users\User\Documents\99_Papers\Godin-DuboisK et al\Godin-Dubois et al_2024_Specialization or Generalization.pdf","","","","","","","","","","","","","","","","","","","","","","","","","","","","","","","","","","The 2024 Conference on Artificial Life","","","","","","","","","","","","","","",""
"HHPXWW3D","conferencePaper","2024","Holler, Silvia; Hanczyc, Martin M.","Surface directed protocell formation","The 2024 Conference on Artificial Life","","","10.1162/isal_a_00820","https://www.mitpressjournals.org/doi/abs/10.1162/isal_a_00820","","2024","2024-09-12 06:08:15","2024-09-12 06:08:15","2024-09-12 06:08:09","","","","","","","","","","","","MIT Press","Online","en","","","","","DOI.org (Crossref)","","","","C:\Users\User\Documents\99_Papers\HollerS_HanczycM\Holler_Hanczyc_2024_Surface directed protocell formation.pdf","","","","","","","","","","","","","","","","","","","","","","","","","","","","","","","","","","The 2024 Conference on Artificial Life","","","","","","","","","","","","","","",""
"UWLUQ54B","conferencePaper","2024","Hasegawa, Takehiro; Austin, Max; Sumioka, Hidenobu; Kuniyoshi, Yasuo; Nakajima, Kohei","Takorobo: Towards Closed-Loop Body-Driven Locomotion Processing","The 2024 Conference on Artificial Life","","","10.1162/isal_a_00821","https://www.mitpressjournals.org/doi/abs/10.1162/isal_a_00821","","2024","2024-09-12 06:08:15","2024-09-12 06:08:15","2024-09-12 06:08:09","","","","","","","Takorobo","","","","","MIT Press","Online","en","","","","","DOI.org (Crossref)","","","","C:\Users\User\Documents\99_Papers\HasegawaT et al\Hasegawa et al_2024_Takorobo.pdf","","","","","","","","","","","","","","","","","","","","","","","","","","","","","","","","","","The 2024 Conference on Artificial Life","","","","","","","","","","","","","","",""
"VQC35N5W","conferencePaper","2024","Cimpeanu, Theodor; Han, The Anh","The Digital Gallows: Threat of Institutional Punishment Fosters the Emergence of Cooperation","The 2024 Conference on Artificial Life","","","10.1162/isal_a_00822","https://www.mitpressjournals.org/doi/abs/10.1162/isal_a_00822","","2024","2024-09-12 06:08:15","2024-09-12 06:08:15","2024-09-12 06:08:09","","","","","","","The Digital Gallows","","","","","MIT Press","Online","en","","","","","DOI.org (Crossref)","","","","C:\Users\User\Documents\99_Papers\CimpeanuT_HanT\Cimpeanu_Han_2024_The Digital Gallows.pdf","","","","","","","","","","","","","","","","","","","","","","","","","","","","","","","","","","The 2024 Conference on Artificial Life","","","","","","","","","","","","","","",""
"NYUKB7R4","conferencePaper","2024","Finn, Michael; Bräunl, Thomas","The Simsulator: An interactive evolved virtual creature testbed","The 2024 Conference on Artificial Life","","","10.1162/isal_a_00825","https://www.mitpressjournals.org/doi/abs/10.1162/isal_a_00825","","2024","2024-09-12 06:08:15","2024-09-12 06:08:15","2024-09-12 06:08:09","","","","","","","The Simsulator","","","","","MIT Press","Online","en","","","","","DOI.org (Crossref)","","","","C:\Users\User\Documents\99_Papers\FinnM_BräunlT\Finn_Bräunl_2024_The Simsulator.pdf","","","","","","","","","","","","","","","","","","","","","","","","","","","","","","","","","","The 2024 Conference on Artificial Life","","","","","","","","","","","","","","",""
"3YRN7GNL","conferencePaper","2024","Dean, Jackson; Cheney, Nick","Towards Stepping Stones in Goal-Directed Search: Improving Image Perceptual Similarity by combining Evolution, Backpropagation, and Fourier Transforms","The 2024 Conference on Artificial Life","","","10.1162/isal_a_00828","https://www.mitpressjournals.org/doi/abs/10.1162/isal_a_00828","","2024","2024-09-12 06:08:15","2024-09-12 06:08:15","2024-09-12 06:08:09","","","","","","","Towards Stepping Stones in Goal-Directed Search","","","","","MIT Press","Online","en","","","","","DOI.org (Crossref)","","","","C:\Users\User\Documents\99_Papers\DeanJ_CheneyN\Dean_Cheney_2024_Towards Stepping Stones in Goal-Directed Search.pdf","","","","","","","","","","","","","","","","","","","","","","","","","","","","","","","","","","The 2024 Conference on Artificial Life","","","","","","","","","","","","","","",""
"LJEQVGDE","conferencePaper","2024","Kasashima, Haruna; Noguchi, Wataru; Tamura, Yasumasa; Yamamoto, Masahito; Iizuka, Hiroyuki","A Deep Learning Approach to Understanding the Integration of Tools into Body Schema","The 2024 Conference on Artificial Life","","","10.1162/isal_a_00709","https://www.mitpressjournals.org/doi/abs/10.1162/isal_a_00709","","2024","2024-09-12 06:08:15","2024-09-12 06:08:15","2024-09-12 06:08:09","","","","","","","","","","","","MIT Press","Online","en","","","","","DOI.org (Crossref)","","","","C:\Users\User\Documents\99_Papers\KasashimaH et al\Kasashima et al_2024_A Deep Learning Approach to Understanding the Integration of Tools into Body.pdf","","","","","","","","","","","","","","","","","","","","","","","","","","","","","","","","","","The 2024 Conference on Artificial Life","","","","","","","","","","","","","","",""
"CCGQSMSG","conferencePaper","2024","Sato, Hiroki; Masumori, Atsushi","Developmentally Morpho-Motor Coupled Systems Using Neural Cellular Automata","The 2024 Conference on Artificial Life","","","10.1162/isal_a_00710","https://www.mitpressjournals.org/doi/abs/10.1162/isal_a_00710","","2024","2024-09-12 06:08:15","2024-09-12 06:08:15","2024-09-12 06:08:09","","","","","","","","","","","","MIT Press","Online","en","","","","","DOI.org (Crossref)","","","","C:\Users\User\Documents\99_Papers\SatoH_MasumoriA\Sato_Masumori_2024_Developmentally Morpho-Motor Coupled Systems Using Neural Cellular Automata.pdf","","","","","","","","","","","","","","","","","","","","","","","","","","","","","","","","","","The 2024 Conference on Artificial Life","","","","","","","","","","","","","","",""
"5IVMP6I3","conferencePaper","2024","Crosscombe, Michael; Horiguchi, Ilya; Maruyama, Norihiro; Dobata, Shigeto; Ikegami, Takashi","A Simulation Environment for the Neuroevolution of Ant Colony Dynamics","The 2024 Conference on Artificial Life","","","10.1162/isal_a_00713","https://www.mitpressjournals.org/doi/abs/10.1162/isal_a_00713","","2024","2024-09-12 06:08:15","2024-09-12 06:08:15","2024-09-12 06:08:09","","","","","","","","","","","","MIT Press","Online","en","","","","","DOI.org (Crossref)","","","","C:\Users\User\Documents\99_Papers\CrosscombeM et al\Crosscombe et al_2024_A Simulation Environment for the Neuroevolution of Ant Colony Dynamics.pdf","","","","","","","","","","","","","","","","","","","","","","","","","","","","","","","","","","The 2024 Conference on Artificial Life","","","","","","","","","","","","","","",""
"QHNZM599","conferencePaper","2024","Habashy, Karim G.; Evans, Benjamin D.; Goodman, Dan F. M.; Bowers, Jeffrey S.","Adapting to time: why nature chose to evolve a diverse set of neurons","The 2024 Conference on Artificial Life","","","10.1162/isal_a_00715","https://www.mitpressjournals.org/doi/abs/10.1162/isal_a_00715","","2024","2024-09-12 06:08:15","2024-09-12 06:08:15","2024-09-12 06:08:09","","","","","","","Adapting to time","","","","","MIT Press","Online","en","","","","","DOI.org (Crossref)","","","","C:\Users\User\Documents\99_Papers\HabashyK et al\Habashy et al_2024_Adapting to time.pdf","","","","","","","","","","","","","","","","","","","","","","","","","","","","","","","","","","The 2024 Conference on Artificial Life","","","","","","","","","","","","","","",""
"Z839IAJQ","conferencePaper","2024","Villani, Marco; Serra, Roberto","Asymmetrical division in protocells","The 2024 Conference on Artificial Life","","","10.1162/isal_a_00722","https://www.mitpressjournals.org/doi/abs/10.1162/isal_a_00722","","2024","2024-09-12 06:08:15","2024-09-12 06:08:15","2024-09-12 06:08:09","","","","","","","","","","","","MIT Press","Online","en","","","","","DOI.org (Crossref)","","","","C:\Users\User\Documents\99_Papers\VillaniM_SerraR\Villani_Serra_2024_Asymmetrical division in protocells.pdf","","","","","","","","","","","","","","","","","","","","","","","","","","","","","","","","","","The 2024 Conference on Artificial Life","","","","","","","","","","","","","","",""
"X6LMM8JC","conferencePaper","2024","Penny-Dimri, Jahan C.","Decentralized cellular timekeeping based on entropy as a regulatory mechanism for growth and aging","The 2024 Conference on Artificial Life","","","10.1162/isal_a_00737","https://www.mitpressjournals.org/doi/abs/10.1162/isal_a_00737","","2024","2024-09-12 06:08:15","2024-09-12 06:08:15","2024-09-12 06:08:09","","","","","","","","","","","","MIT Press","Online","en","","","","","DOI.org (Crossref)","","","","C:\Users\User\Documents\99_Papers\Penny-DimriJ\Penny-Dimri_2024_Decentralized cellular timekeeping based on entropy as a regulatory mechanism.pdf","","","","","","","","","","","","","","","","","","","","","","","","","","","","","","","","","","The 2024 Conference on Artificial Life","","","","","","","","","","","","","","",""
"JY2AQL72","conferencePaper","2024","Xu, Yitao; Pajouheshgar, Ehsan; Süsstrunk, Sabine","Emergent Dynamics in Neural Cellular Automata","The 2024 Conference on Artificial Life","","","10.1162/isal_a_00744","https://www.mitpressjournals.org/doi/abs/10.1162/isal_a_00744","","2024","2024-09-12 06:08:15","2024-09-12 06:08:15","2024-09-12 06:08:09","","","","","","","","","","","","MIT Press","Online","en","","","","","DOI.org (Crossref)","","","","C:\Users\User\Documents\99_Papers\XuY et al\Xu et al_2024_Emergent Dynamics in Neural Cellular Automata.pdf","","","","","","","","","","","","","","","","","","","","","","","","","","","","","","","","","","The 2024 Conference on Artificial Life","","","","","","","","","","","","","","",""
"NJBQD7H6","conferencePaper","2024","Ninagawa, Shigeru","Flying Bit in a Model of Excitable Media on Face-centered Cubic Lattice","The 2024 Conference on Artificial Life","","","10.1162/isal_a_00758","https://www.mitpressjournals.org/doi/abs/10.1162/isal_a_00758","","2024","2024-09-12 06:08:15","2024-09-12 06:08:15","2024-09-12 06:08:09","","","","","","","","","","","","MIT Press","Online","en","","","","","DOI.org (Crossref)","","","","C:\Users\User\Documents\99_Papers\NinagawaS\Ninagawa_2024_Flying Bit in a Model of Excitable Media on Face-centered Cubic Lattice.pdf","","","","","","","","","","","","","","","","","","","","","","","","","","","","","","","","","","The 2024 Conference on Artificial Life","","","","","","","","","","","","","","",""
"V97EJJKQ","conferencePaper","2024","Hintze, Arend; Al-Hammadi, Mustafa; Libby, Eric","Gene-Regulated Neural Cellular Automata","The 2024 Conference on Artificial Life","","","10.1162/isal_a_00761","https://www.mitpressjournals.org/doi/abs/10.1162/isal_a_00761","","2024","2024-09-12 06:08:15","2024-09-12 06:08:15","2024-09-12 06:08:09","","","","","","","","","","","","MIT Press","Online","en","","","","","DOI.org (Crossref)","","","","C:\Users\User\Documents\99_Papers\HintzeA et al\Hintze et al_2024_Gene-Regulated Neural Cellular Automata.pdf","","","","","","","","","","","","","","","","","","","","","","","","","","","","","","","","","","The 2024 Conference on Artificial Life","","","","","","","","","","","","","","",""
"Z4FTMEXX","conferencePaper","2024","Menta, Andrea; Archetti, Alberto; Matteucci, Matteo","Latent Neural Cellular Automata for Resource-Efficient Image Restoration","The 2024 Conference on Artificial Life","","","10.1162/isal_a_00772","https://www.mitpressjournals.org/doi/abs/10.1162/isal_a_00772","","2024","2024-09-12 06:08:15","2024-09-12 06:08:15","2024-09-12 06:08:09","","","","","","","","","","","","MIT Press","Online","en","","","","","DOI.org (Crossref)","","","","C:\Users\User\Documents\99_Papers\MentaA et al\Menta et al_2024_Latent Neural Cellular Automata for Resource-Efficient Image Restoration.pdf","","","","","","","","","","","","","","","","","","","","","","","","","","","","","","","","","","The 2024 Conference on Artificial Life","","","","","","","","","","","","","","",""
"3GRZ3PTK","conferencePaper","2024","Nováková, Nina; Macháček, Jan; Čejková, Jitka","Myelin Figures Formation from Oil Droplets in Surfactants: Insights for Wet Artificial Life","The 2024 Conference on Artificial Life","","","10.1162/isal_a_00782","https://www.mitpressjournals.org/doi/abs/10.1162/isal_a_00782","","2024","2024-09-12 06:08:15","2024-09-12 06:08:15","2024-09-12 06:08:09","","","","","","","Myelin Figures Formation from Oil Droplets in Surfactants","","","","","MIT Press","Online","en","","","","","DOI.org (Crossref)","","","","C:\Users\User\Documents\99_Papers\NovákováN et al\Nováková et al_2024_Myelin Figures Formation from Oil Droplets in Surfactants.pdf","","","","","","","","","","","","","","","","","","","","","","","","","","","","","","","","","","The 2024 Conference on Artificial Life","","","","","","","","","","","","","","",""
"4RUUAXNW","conferencePaper","2024","Platt, Daniel","Only ad-hoc solutions can solve the shutdown problem","The 2024 Conference on Artificial Life","","","10.1162/isal_a_00792","https://www.mitpressjournals.org/doi/abs/10.1162/isal_a_00792","","2024","2024-09-12 06:08:15","2024-09-12 06:08:15","2024-09-12 06:08:09","","","","","","","","","","","","MIT Press","Online","en","","","","","DOI.org (Crossref)","","","","C:\Users\User\Documents\99_Papers\PlattD\Platt_2024_Only ad-hoc solutions can solve the shutdown problem.pdf","","","","","","","","","","","","","","","","","","","","","","","","","","","","","","","","","","The 2024 Conference on Artificial Life","","","","","","","","","","","","","","",""
"KVFWYYVF","conferencePaper","2024","Horiguchi, Ilya; Maruyama, Norihiro; Shigeto, Dobata; Crosscombe, Michael; Ikegami, Takashi","Quantifying Autonomy in Ant Colonies Using Non-Trivial Information Closure","The 2024 Conference on Artificial Life","","","10.1162/isal_a_00804","https://www.mitpressjournals.org/doi/abs/10.1162/isal_a_00804","","2024","2024-09-12 06:08:15","2024-09-12 06:08:15","2024-09-12 06:08:09","","","","","","","","","","","","MIT Press","Online","en","","","","","DOI.org (Crossref)","","","","C:\Users\User\Documents\99_Papers\HoriguchiI et al\Horiguchi et al_2024_Quantifying Autonomy in Ant Colonies Using Non-Trivial Information Closure.pdf","","","","","","","","","","","","","","","","","","","","","","","","","","","","","","","","","","The 2024 Conference on Artificial Life","","","","","","","","","","","","","","",""
"UARNKFLW","conferencePaper","2024","Devers, Louis E.; Bonavita, Perrine; Jost, Christian","Reconstruction and analysis of roaming termites’ dynamical networks","The 2024 Conference on Artificial Life","","","10.1162/isal_a_00806","https://www.mitpressjournals.org/doi/abs/10.1162/isal_a_00806","","2024","2024-09-12 06:08:15","2024-09-12 06:08:15","2024-09-12 06:08:09","","","","","","","","","","","","MIT Press","Online","en","","","","","DOI.org (Crossref)","","","","C:\Users\User\Documents\99_Papers\DeversL et al\Devers et al_2024_Reconstruction and analysis of roaming termites’ dynamical networks.pdf","","","","","","","","","","","","","","","","","","","","","","","","","","","","","","","","","","The 2024 Conference on Artificial Life","","","","","","","","","","","","","","",""
"W5N4ZWQM","conferencePaper","2024","Medrano, Johan","Chemical autonomous agents: reverse-engineering artificial life under the free-energy principle","The 2024 Conference on Artificial Life","","","10.1162/isal_a_00808","https://www.mitpressjournals.org/doi/abs/10.1162/isal_a_00808","","2024","2024-09-12 06:08:15","2024-09-12 06:08:15","2024-09-12 06:08:09","","","","","","","Chemical autonomous agents","","","","","MIT Press","Online","en","","","","","DOI.org (Crossref)","","","","C:\Users\User\Documents\99_Papers\MedranoJ\Medrano_2024_Chemical autonomous agents.pdf","","","","","","","","","","","","","","","","","","","","","","","","","","","","","","","","","","The 2024 Conference on Artificial Life","","","","","","","","","","","","","","",""
"MCKLCMPN","conferencePaper","2024","Nakamura, Mari","Scalable and Stable Patterns Generated by Heterogeneous Boid","The 2024 Conference on Artificial Life","","","10.1162/isal_a_00809","https://www.mitpressjournals.org/doi/abs/10.1162/isal_a_00809","","2024","2024-09-12 06:08:15","2024-09-12 06:08:15","2024-09-12 06:08:09","","","","","","","","","","","","MIT Press","Online","en","","","","","DOI.org (Crossref)","","","","C:\Users\User\Documents\99_Papers\NakamuraM\Nakamura_2024_Scalable and Stable Patterns Generated by Heterogeneous Boid.pdf","","","","","","","","","","","","","","","","","","","","","","","","","","","","","","","","","","The 2024 Conference on Artificial Life","","","","","","","","","","","","","","",""
"WQFSM4AW","conferencePaper","2024","Stenzel, Gerhard; Zorn, Maximilian; Altmann, Philipp; Mansky, Maximilian Balthasar; Kölle, Michael; Gabor, Thomas","Self-Replicating Prompts for Large Language Models: Towards Artificial Culture","The 2024 Conference on Artificial Life","","","10.1162/isal_a_00813","https://www.mitpressjournals.org/doi/abs/10.1162/isal_a_00813","","2024","2024-09-12 06:08:15","2024-09-12 06:08:15","2024-09-12 06:08:09","","","","","","","Self-Replicating Prompts for Large Language Models","","","","","MIT Press","Online","en","","","","","DOI.org (Crossref)","","","","C:\Users\User\Documents\99_Papers\StenzelG et al\Stenzel et al_2024_Self-Replicating Prompts for Large Language Models.pdf","","","","","","","","","","","","","","","","","","","","","","","","","","","","","","","","","","The 2024 Conference on Artificial Life","","","","","","","","","","","","","","",""
"IA5P8QBB","conferencePaper","2024","Pagliuca, Paolo; Vitanza, Alessandra","The role of n in the n-mates evaluation method: a quantitative analysis","The 2024 Conference on Artificial Life","","","10.1162/isal_a_00824","https://www.mitpressjournals.org/doi/abs/10.1162/isal_a_00824","","2024","2024-09-12 06:08:15","2024-09-12 06:08:15","2024-09-12 06:08:09","","","","","","","The role of n in the n-mates evaluation method","","","","","MIT Press","Online","en","","","","","DOI.org (Crossref)","","","","C:\Users\User\Documents\99_Papers\PagliucaP_VitanzaA\Pagliuca_Vitanza_2024_The role of n in the n-mates evaluation method.pdf","","","","","","","","","","","","","","","","","","","","","","","","","","","","","","","","","","The 2024 Conference on Artificial Life","","","","","","","","","","","","","","",""
"E43HKE7H","conferencePaper","2024","Gaul, Thomas M.","Autopoiesis in RealLife Euclidean Automata","The 2024 Conference on Artificial Life","","","10.1162/isal_a_00723","https://www.mitpressjournals.org/doi/abs/10.1162/isal_a_00723","","2024","2024-09-12 06:08:15","2024-09-12 06:08:15","2024-09-12 06:08:09","","","","","","","","","","","","MIT Press","Online","en","","","","","DOI.org (Crossref)","","","","C:\Users\User\Documents\99_Papers\GaulT\Gaul_2024_Autopoiesis in RealLife Euclidean Automata.pdf","","","","","","","","","","","","","","","","","","","","","","","","","","","","","","","","","","The 2024 Conference on Artificial Life","","","","","","","","","","","","","","",""
"7V3YLTQG","conferencePaper","2024","Barbieux, Aidan; Canaan, Rodrigo","Coralai: Intrinsic Evolution of Embodied Neural Cellular Automata Ecosystems","The 2024 Conference on Artificial Life","","","10.1162/isal_a_00733","https://www.mitpressjournals.org/doi/abs/10.1162/isal_a_00733","","2024","2024-09-12 06:08:15","2024-09-12 06:08:15","2024-09-12 06:08:09","","","","","","","Coralai","","","","","MIT Press","Online","en","","","","","DOI.org (Crossref)","","","","C:\Users\User\Documents\99_Papers\BarbieuxA_CanaanR\Barbieux_Canaan_2024_Coralai.pdf","","","","","","","","","","","","","","","","","","","","","","","","","","","","","","","","","","The 2024 Conference on Artificial Life","","","","","","","","","","","","","","",""
"AVIJ82UV","conferencePaper","2024","Bielawski, Kam; Bongard, Josh","Enabling Evolvability with Neutral Networks in Multiscale Neural Cellular Automata","The 2024 Conference on Artificial Life","","","10.1162/isal_a_00747","https://www.mitpressjournals.org/doi/abs/10.1162/isal_a_00747","","2024","2024-09-12 06:08:15","2024-09-12 06:08:15","2024-09-12 06:08:09","","","","","","","","","","","","MIT Press","Online","en","","","","","DOI.org (Crossref)","","","","C:\Users\User\Documents\99_Papers\BielawskiK_BongardJ\Bielawski_Bongard_2024_Enabling Evolvability with Neutral Networks in Multiscale Neural Cellular.pdf","","","","","","","","","","","","","","","","","","","","","","","","","","","","","","","","","","The 2024 Conference on Artificial Life","","","","","","","","","","","","","","",""
"EARGN8HL","conferencePaper","2024","Sayama, Hiroki","Hash Chemistry on a Cellular Grid: An Open-Ended Artificial Chemistry System with Computational Efficiency and Nontrivial Spatio-Temporal Dynamics","The 2024 Conference on Artificial Life","","","10.1162/isal_a_00762","https://www.mitpressjournals.org/doi/abs/10.1162/isal_a_00762","","2024","2024-09-12 06:08:15","2024-09-12 06:08:15","2024-09-12 06:08:09","","","","","","","Hash Chemistry on a Cellular Grid","","","","","MIT Press","Online","en","","","","","DOI.org (Crossref)","","","","C:\Users\User\Documents\99_Papers\SayamaH\Sayama_2024_Hash Chemistry on a Cellular Grid.pdf","","","","","","","","","","","","","","","","","","","","","","","","","","","","","","","","","","The 2024 Conference on Artificial Life","","","","","","","","","","","","","","",""
"F3M2IIYB","conferencePaper","2024","Parrilla-Gutierrez, Juan Manuel; Sharma, Abhishek; Tsuda, Soichiro; Cronin, Leroy","Programming Weakly Connected Chemical Oscillators to Simulate Logic Gates and Cellular Automata","The 2024 Conference on Artificial Life","","","10.1162/isal_a_00803","https://www.mitpressjournals.org/doi/abs/10.1162/isal_a_00803","","2024","2024-09-12 06:08:15","2024-09-12 06:08:15","2024-09-12 06:08:09","","","","","","","","","","","","MIT Press","Online","en","","","","","DOI.org (Crossref)","","","","C:\Users\User\Documents\99_Papers\Parrilla-GutierrezJ et al\Parrilla-Gutierrez et al_2024_Programming Weakly Connected Chemical Oscillators to Simulate Logic Gates and.pdf","","","","","","","","","","","","","","","","","","","","","","","","","","","","","","","","","","The 2024 Conference on Artificial Life","","","","","","","","","","","","","","",""
"EEF6NFQK","conferencePaper","2024","Randazzo, Ettore; Mordvintsev, Alexander","Simulating an Artificial Biome of Plants with Biomaker CA","The 2024 Conference on Artificial Life","","","10.1162/isal_a_00814","https://www.mitpressjournals.org/doi/abs/10.1162/isal_a_00814","","2024","2024-09-12 06:08:15","2024-09-12 06:08:15","2024-09-12 06:08:09","","","","","","","","","","","","MIT Press","Online","en","","","","","DOI.org (Crossref)","","","","C:\Users\User\Documents\99_Papers\RandazzoE_MordvintsevA\Randazzo_Mordvintsev_2024_Simulating an Artificial Biome of Plants with Biomaker CA.pdf","","","","","","","","","","","","","","","","","","","","","","","","","","","","","","","","","","The 2024 Conference on Artificial Life","","","","","","","","","","","","","","",""
"RDXDVWLK","conferencePaper","2024","Koutensky, Frantisek; Simanek, Petr; Kovalenko, Alexander","Unlocking Nature’s Design through Neural Cellular Automata","The 2024 Conference on Artificial Life","","","10.1162/isal_a_00831","https://www.mitpressjournals.org/doi/abs/10.1162/isal_a_00831","","2024","2024-09-12 06:08:15","2024-09-12 06:08:15","2024-09-12 06:08:09","","","","","","","","","","","","MIT Press","Online","en","","","","","DOI.org (Crossref)","","","","C:\Users\User\Documents\99_Papers\KoutenskyF et al\Koutensky et al_2024_Unlocking Nature’s Design through Neural Cellular Automata.pdf","","","","","","","","","","","","","","","","","","","","","","","","","","","","","","","","","","The 2024 Conference on Artificial Life","","","","","","","","","","","","","","",""
"LHRDBGDG","conferencePaper","2024","Schukking, Floor; Veloz, Tomas; Leijnen, Stefan","(Un)sustainable structural coupling – a testimony for snail intelligence","The 2024 Conference on Artificial Life","","","10.1162/isal_a_00707","https://www.mitpressjournals.org/doi/abs/10.1162/isal_a_00707","","2024","2024-09-12 06:08:15","2024-09-12 06:08:15","2024-09-12 06:08:09","","","","","","","","","","","","MIT Press","Online","en","","","","","DOI.org (Crossref)","","","","C:\Users\User\Documents\99_Papers\SchukkingF et al\Schukking et al_2024_(Un)sustainable structural coupling – a testimony for snail intelligence.pdf","","","","","","","","","","","","","","","","","","","","","","","","","","","","","","","","","","The 2024 Conference on Artificial Life","","","","","","","","","","","","","","",""
"7JMLAG4L","conferencePaper","2024","Raoufi, Mohsen; Hamann, Heiko; Romanczuk, Pawel","Breaking Echo Chambers in Opinion Dynamics with Spatial Information","The 2024 Conference on Artificial Life","","","10.1162/isal_a_00726","https://www.mitpressjournals.org/doi/abs/10.1162/isal_a_00726","","2024","2024-09-12 06:08:15","2024-09-12 06:08:15","2024-09-12 06:08:09","","","","","","","","","","","","MIT Press","Online","en","","","","","DOI.org (Crossref)","","","","C:\Users\User\Documents\99_Papers\RaoufiM et al\Raoufi et al_2024_Breaking Echo Chambers in Opinion Dynamics with Spatial Information.pdf","","","","","","","","","","","","","","","","","","","","","","","","","","","","","","","","","","The 2024 Conference on Artificial Life","","","","","","","","","","","","","","",""
"L9ZZJPDG","conferencePaper","2024","Lloyd, Nathan; Lewis, Peter R.","Incorporating Social Expectations into the Expectation Event Calculus","The 2024 Conference on Artificial Life","","","10.1162/isal_a_00765","https://www.mitpressjournals.org/doi/abs/10.1162/isal_a_00765","","2024","2024-09-12 06:08:15","2024-09-12 06:08:15","2024-09-12 06:08:09","","","","","","","","","","","","MIT Press","Online","en","","","","","DOI.org (Crossref)","","","","C:\Users\User\Documents\99_Papers\LloydN_LewisP\Lloyd_Lewis_2024_Incorporating Social Expectations into the Expectation Event Calculus.pdf","","","","","","","","","","","","","","","","","","","","","","","","","","","","","","","","","","The 2024 Conference on Artificial Life","","","","","","","","","","","","","","",""
"SMA7M9X5","conferencePaper","2024","Harvey, Inman","AI, Mortality and Existential Risk","The 2024 Conference on Artificial Life","","","10.1162/isal_a_00717","https://www.mitpressjournals.org/doi/abs/10.1162/isal_a_00717","","2024","2024-09-12 06:08:15","2024-09-12 06:08:15","2024-09-12 06:08:09","","","","","","","","","","","","MIT Press","Online","en","","","","","DOI.org (Crossref)","","","","C:\Users\User\Documents\99_Papers\HarveyI\Harvey_2024_AI, Mortality and Existential Risk.pdf","","","","","","","","","","","","","","","","","","","","","","","","","","","","","","","","","","The 2024 Conference on Artificial Life","","","","","","","","","","","","","","",""
"3TTB7PNV","conferencePaper","2024","Aguilera, Miguel; Barandiaran, Xabier E.","Thermina: A minimal model of autonomous agency from the lens of stochastic thermodynamics","","","","10.1162/isal_a_00826","https://dx.doi.org/10.1162/isal_a_00826","Abstract. We introduce a minimal model of a thermodynamic agent capable of maintaining far-from-equilibrium states by actively harvesting and storing free energy from its environment. Inspired by minimal models of autonomy like Bittorio (Varela et al., 1991), our agent —labelled Thermina—gives shape to a theoretical framework for studying the interplay between thermodynamics and autonomy. By analytically studying the nonequilibrium steady state of the system, we distinguish between regions of ‘autonomous’ states —sustaining themselves out-of-equilibrium by harvesting free energy from the environment— and regions of ‘non-autonomous’ states —close to thermodynamic equilibrium and with very low chances of gathering free energy. Furthermore, we inspect the adaptive mechanisms that allow an agent to regulate its interaction with the environment to robustly maintain its nonequilibrium state. Studying in detail the behaviour of the system, we aim to provide insights into the broader question of how thermodynamic processes contribute to the emergence and maintenance of complex, adaptive behaviour in natural and artificial systems.","2024-07-22","2024-09-12 07:17:14","2024-09-12 07:17:14","2024-09-12 07:17:14","","","","","","","Thermina","","","","","MIT Press","","en","","","","","direct.mit.edu","","","","C:\Users\User\Documents\99_Papers\AguileraM_BarandiaranX\Aguilera_Barandiaran_2024_Thermina.pdf","","","","","","","","","","","","","","","","","","","","","","","","","","","","","","","","","","ALIFE 2024: Proceedings of the 2024 Artificial Life Conference","","","","","","","","","","","","","","",""
"UADMNFM6","conferencePaper","2024","Beaulieu, Shawn; Welch, Piper; Parsa, Atoosa; O’Hern, Corey; Kramer-Bottligio, Rebecca; Bongard, Josh","Refractive Computation: parallelizing logic gates across driving frequencies in a mechanical polycomputer.","","","","10.1162/isal_a_00807","https://dx.doi.org/10.1162/isal_a_00807","Abstract. Unconventional computing seeks to develop new means of acting on and interpreting the world. These emerge when new tools and computational substrates are built or discovered, or when existing artifacts are deployed in novel ways. Prior work designed sheets of vibrating particles to achieve mechanical polycomputation, wherein multiple logical operations were physically executed by the same parts at the same time. This works by exploiting the vibrational superposition of particles induced by external drives acting at multiple frequencies. In this paper, we introduce an idea called refractive computation, in which a sufficiently high density of polycomputed logic gates results in parallelized computations across driving frequencies. Parallelized logic gates are split across external drive frequencies in a single simulation, and emerge in the course of polycomputing sequential logic gates.","2024-07-22","2024-09-12 07:20:29","2024-09-12 07:20:29","2024-09-12 07:20:29","","","","","","","Refractive Computation","","","","","MIT Press","","en","","","","","direct.mit.edu","","","","C:\Users\User\Documents\99_Papers\BeaulieuS et al\Beaulieu et al_2024_Refractive Computation.pdf","","","","","","","","","","","","","","","","","","","","","","","","","","","","","","","","","","ALIFE 2024: Proceedings of the 2024 Artificial Life Conference","","","","","","","","","","","","","","",""
"ABNVFW4Z","conferencePaper","2024","Boldi, Ryan; Bao, Ashley; Briesch, Martin; Helmuth, Thomas; Sobania, Dominik; Spector, Lee; Lalejini, Alexander","Untangling the Effects of Down-Sampling and Selection in Genetic Programming","","","","10.1162/isal_a_00832","https://dx.doi.org/10.1162/isal_a_00832","Abstract. Genetic programming systems often use large training sets to evaluate the quality of candidate solutions for selection, which is often computationally expensive. Down-sampling training sets has long been used to decrease the computational cost of evaluation in a wide range of application domains. More specifically, recent studies have shown that both random and informed down-sampling can substantially improve problem-solving success for GP systems that use the lexicase parent selection algorithm. We test whether these down-sampling techniques can also improve problem-solving success in the context of three other commonly used selection methods, fitness-proportionate, tournament, implicit fitness sharing plus tournament selection, across six program synthesis GP problems. We verified that down-sampling can significantly improve the problem-solving success for all three of these other selection schemes, demonstrating its general efficacy. We discern that the selection pressure imposed by the selection scheme does not interact with the down-sampling method. However, we find that informed down-sampling can improve problem solving success significantly over random down-sampling when the selection scheme has a mechanism for diversity maintenance like lexicase or implicit fitness sharing. Overall, our results suggest that down-sampling should be considered more often when solving test-based problems, regardless of the selection scheme in use.","2024-07-22","2024-09-12 07:24:43","2024-09-12 07:24:43","2024-09-12 07:24:43","","","","","","","","","","","","MIT Press","","en","","","","","direct.mit.edu","","","","C:\Users\User\Documents\99_Papers\BoldiR et al\Boldi et al_2024_Untangling the Effects of Down-Sampling and Selection in Genetic Programming.pdf","","","","","","","","","","","","","","","","","","","","","","","","","","","","","","","","","","ALIFE 2024: Proceedings of the 2024 Artificial Life Conference","","","","","","","","","","","","","","",""
"579D9P95","conferencePaper","2024","Aven, Thomas; Jensen, Johannes H.; Tufte, Gunnar","Lattice reservoirs: symmetry breaking and information flow in physical reservoir computing","","","","10.1162/isal_a_00773","https://dx.doi.org/10.1162/isal_a_00773","Abstract. Reservoir computing has become immensely popular for exploiting physical systems for computation. A multitude of physical reservoirs have been demonstrated, ranging from assembles of nanomagnets to living cultures of neurons. Unlike abstract software reservoirs, physical reservoirs are subject to spatial constraints which restricts the possible reservoir topologies. Here, we investigate lattice reservoirs, where nodes are placed on a regular lattice which defines the reservoir topology and its weights. Despite their simple regular structure, lattice reservoirs perform surprisingly well, in some cases outcompeting classical Echo State Networks. A key finding is the need for directed edges to facilitate information flow within the reservoir, highlighting the importance of symmetry breaking in physical reservoirs. We take advantage of the spatial nature of lattice reservoirs to discover key computational structures within, revealing what these reservoirs are actually doing. Lattice reservoirs bridge the gap between physics and computation, providing invaluable insight for the design and understanding of physical reservoirs.","2024-07-22","2024-09-12 07:25:54","2024-09-12 07:25:54","2024-09-12 07:25:54","","","","","","","Lattice reservoirs","","","","","MIT Press","","en","","","","","direct.mit.edu","","","","C:\Users\User\Documents\99_Papers\AvenT et al\Aven et al_2024_Lattice reservoirs.pdf","","","","","","","","","","","","","","","","","","","","","","","","","","","","","","","","","","ALIFE 2024: Proceedings of the 2024 Artificial Life Conference","","","","","","","","","","","","","","",""
"2ELQSGTJ","conferencePaper","2024","Boumaza, Amine","Exploring Affordances in Open-Ended Online Collective Robotics","","","","10.1162/isal_a_00756","https://dx.doi.org/10.1162/isal_a_00756","Abstract. Online Embodied Evolution is a distributed learning method for collective heterogeneous robotic swarms, in which evolution is carried out in a decentralized manner. These algorithms are well suited for open-ended evolution where the goal is to evolve efficient survival strategies in a priori unknown and changing environments. In this work, we are interested in analyzing the features of the environment that favors evolution of certain behaviors. We hypothesize that certain types of perceivable artifacts in the environment provide affordances that exert a selection pressure toward the fixation of certain behaviors. We test this hypothesis in simulation in two different settings an open-ended environment without any selection pressure and compare it to one which originality of behaviors is enforced. The experiments show that in the open-ended environment agents evolved a certain type of behavior that exploited affordances, hinting at the existence of a selection pressure from the affordances as it is claimed from ecological psychology in the case of natural systems. We present different objective and subjective measures to support this claim.","2024-07-22","2024-09-12 07:40:58","2024-09-12 07:40:58","2024-09-12 07:40:58","","","","","","","","","","","","MIT Press","","en","","","","","direct.mit.edu","","","","C:\Users\User\Documents\99_Papers\BoumazaA\Boumaza_2024_Exploring Affordances in Open-Ended Online Collective Robotics.pdf","","","","","","","","","","","","","","","","","","","","","","","","","","","","","","","","","","ALIFE 2024: Proceedings of the 2024 Artificial Life Conference","","","","","","","","","","","","","","",""
"H4XZF5FM","conferencePaper","2024","Briner, Wayne","Movement of Micrometer Sized Oil Droplets in Aqueous Solutions Follows Ion Movement","","","","10.1162/isal_a_00781","https://dx.doi.org/10.1162/isal_a_00781","Abstract. Cellular processes involve the movement of many forms of materials involving both active and passive processes. Described here is the phenomenon by which micrometer sized oil droplets, created with a nonionic surfactant, move spontaneously through solution being propelled by the large scale movement of ions, with hydrogen ions being able to move oil droplets across a smaller gradient. This has implications for both artificial life development as well as questions concerning the mechanisms regarding the emergence of life.","2024-07-22","2024-09-12 07:46:30","2024-09-12 07:46:30","2024-09-12 07:46:30","","","","","","","","","","","","MIT Press","","en","","","","","direct.mit.edu","","","","C:\Users\User\Documents\99_Papers\BrinerW\Briner_2024_Movement of Micrometer Sized Oil Droplets in Aqueous Solutions Follows Ion.pdf","","","","","","","","","","","","","","","","","","","","","","","","","","","","","","","","","","ALIFE 2024: Proceedings of the 2024 Artificial Life Conference","","","","","","","","","","","","","","",""
"2PQTLE87","conferencePaper","2024","Bullock, Seth","Spatial Community Structure Promotes Extremism in an Adaptive Spatial Social Network Model","","","","10.1162/isal_a_00815","https://dx.doi.org/10.1162/isal_a_00815","Abstract. A model of opinion dynamics amongst agents embedded on an adaptive social network is extended to introduce tuneable spatial embedding. As in the original model, the opinions and social connections of a population of model agents change due to three social processes: conformity, homophily and neophily. Here, however, direct interactions are constrained to take place only between pairs of agents that are linked by short spatial connections, or between pairs of agents that have benefited from some degree of random rewiring of these spatial connections. This introduction of spatiality could be expected to either reduce the ability of extreme agents to connect with one another in order to form extreme communities, or to increase their ability to influence the opinions of the community of agents clustered around them. Results demonstrate that the latter is the case. Spatial constraints tend to encourage extreme communities (relative to comparable nonspatial networks) due to the increased number and strength of distinct agent communities in spatial networks. These results suggest that the presence of strong community structure (rather than high clustering coefficients or short characteristic path lengths) may promote extremist communities in realworld populations.","2024-07-22","2024-09-12 08:08:55","2024-09-12 08:08:55","2024-09-12 08:08:55","","","","","","","","","","","","MIT Press","","en","","","","","direct.mit.edu","","","","C:\Users\User\Documents\99_Papers\BullockS\Bullock_2024_Spatial Community Structure Promotes Extremism in an Adaptive Spatial Social.pdf","","","","","","","","","","","","","","","","","","","","","","","","","","","","","","","","","","ALIFE 2024: Proceedings of the 2024 Artificial Life Conference","","","","","","","","","","","","","","",""
"VSM8BDV7","conferencePaper","2024","Challa, Annajirao; Hao, Duxiao; Rozum, Jordan C.; Rocha, Luis M.","The Effect of Noise on the Density Classification Task for Various Cellular Automata Rules","","","","10.1162/isal_a_00823","https://dx.doi.org/10.1162/isal_a_00823","Abstract. Cellular automata (CA) are discrete dynamical systems with a prominent place in the history and study of artificial life. Here, we focus on the density classification task (DCT) in which a 1-dimensional lattice of Boolean (on/off) automata must perform a form of rudimentary quorum sensing. Typically, the ring lattice consists of 149 cells (though we consider other sizes as well) that update their state according to their own state and its six nearest neighbors in the previous time step. The goal is obtaining Boolean CA rules whose dynamics converges to the majority state of the entire lattice for a given initial configuration of the lattice. This is a nontrivial task because cells have access only to local information, and thus need to integrate and coordinate information across the lattice to converge to the correct collective state. Because initial conditions are random, they have very similar proportions of on and off states, which makes the problem very difficult. This problem has hitherto been studied with the assumption that input to each cell is perfectly stable. Since biological systems that solve similar problems (e.g. bacterial quorum sensing) must operate in noisy environments, here we study the impact of noise on DCT accuracy for the 13 highest-accuracy CA rules from the literature. We use cubewalkers, a recently released GPU-accelerated Boolean simulator to conduct large-scale random experiments. We uncover a trade-off between maximum accuracy without noise and robustness to noise among these high-performance CAs. Moreover, there is no significant difference between rules that were human-designed or evolved computationally.","2024-07-22","2024-09-16 06:19:55","2024-09-16 06:19:55","2024-09-16 06:19:55","","","","","","","","","","","","MIT Press","","en","","","","","direct.mit.edu","","","","C:\Users\User\Documents\99_Papers\ChallaA et al\Challa et al_2024_The Effect of Noise on the Density Classification Task for Various Cellular.pdf","","","","","","","","","","","","","","","","","","","","","","","","","","","","","","","","","","ALIFE 2024: Proceedings of the 2024 Artificial Life Conference","","","","","","","","","","","","","","",""
"X8FHTL9F","conferencePaper","2024","Davis, Q. Tyrell","Non-Platonic Autopoiesis of a Cellular Automaton Glider in Asymptotic Lenia","","","","10.1162/isal_a_00786","https://dx.doi.org/10.1162/isal_a_00786","","2024-07-22","2024-09-16 06:20:19","2024-09-16 06:20:19","2024-09-16 06:20:19","","","","","","","","","","","","MIT Press","","en","","","","","direct.mit.edu","","","","C:\Users\User\Documents\99_Papers\DavisQ\Davis_2024_Non-Platonic Autopoiesis of a Cellular Automaton Glider in Asymptotic Lenia.pdf","","","","","","","","","","","","","","","","","","","","","","","","","","","","","","","","","","ALIFE 2024: Proceedings of the 2024 Artificial Life Conference","","","","","","","","","","","","","","",""
"2JMNVPWS","conferencePaper","2024","Dohnány, Sebastian; Smith, Harriet A.; Bourne, Josh; Van-Vuuren, Kelvin; Gilpin, Gina; Aspalter, Irene M.; Mediano, Pedro A. M.; Bentley, Katie","I Like to Move It: Using Information Theory to Measure Sensorimotor Coupling in Cells","","","","10.1162/isal_a_00764","https://dx.doi.org/10.1162/isal_a_00764","Abstract. Cells in our bodies sense and process information from their local tissue environment in order to adaptively respond to stimuli. We hypothesise that positive feedback between changes in cell shape (movement) and cell receptors (signalling) dynamically adapt the sensory interface of the cell, aiding information processing and cell decision-making. This idea, known as sensorimotor coupling, is the basis of active perception, a widely studied process in the fields of neuroscience, robotics and psychology that is known to enhance decision-making and other cognitive tasks in higher organisms. Currently, in cell biology, cell sensing (signalling) and motion (movement) are largely investigated independently, using different experimental assays and techniques, such that the level of coupling between these processes has been hard to measure. Here, we propose to investigate sensorimotor coupling in individual cells using a framework employing the information-based measure transfer entropy. Through agentbased computational modelling, we demonstrate its sensitivity to levels of coupling in a variety of simulated cell perturbations. To facilitate biological application, we use cellular readouts that we demonstrate are feasible to measure in real biological cells in vitro. Overall, this work highlights the potential of information theory to quantitatively investigate biological cell function, paving the way for translating theoretical developments to experimental biology.","2024-07-22","2024-09-16 06:20:46","2024-09-16 06:20:46","2024-09-16 06:20:46","","","","","","","I Like to Move It","","","","","MIT Press","","en","","","","","direct.mit.edu","","","","C:\Users\User\Documents\99_Papers\DohnányS et al\Dohnány et al_2024_I Like to Move It.pdf","","","","","","","","","","","","","","","","","","","","","","","","","","","","","","","","","","ALIFE 2024: Proceedings of the 2024 Artificial Life Conference","","","","","","","","","","","","","","",""
"FG59887L","conferencePaper","2024","Faldor, Maxence; Cully, Antoine","Toward Artificial Open-Ended Evolution within Lenia using Quality-Diversity","","","","10.1162/isal_a_00827","https://dx.doi.org/10.1162/isal_a_00827","Abstract. From the formation of snowflakes to the evolution of diverse life forms, emergence is ubiquitous in our universe. In the quest to understand how complexity can arise from simple rules, abstract computational models, such as cellular automata, have been developed to study self-organization. However, the discovery of self-organizing patterns in artificial systems is challenging and has largely relied on manual or semi-automatic search in the past. In this paper, we show that Quality-Diversity, a family of Evolutionary Algorithms, is an effective framework for the automatic discovery of diverse self-organizing patterns in complex systems. Quality-Diversity algorithms aim to evolve a large population of diverse individuals, each adapted to its ecological niche. Combined with Lenia, a family of continuous cellular automata, we demonstrate that our method is able to evolve a diverse population of lifelike self-organizing autonomous patterns. Our framework, called Leniabreeder, can leverage both manually defined diversity criteria to guide the search toward interesting areas, as well as unsupervised measures of diversity to broaden the scope of discoverable patterns. We demonstrate both qualitatively and quantitatively that Leniabreeder offers a powerful solution for discovering self-organizing patterns. The effectiveness of unsupervised Quality-Diversity methods combined with the rich landscape of Lenia exhibits a sustained generation of diversity and complexity characteristic of biological evolution. We provide empirical evidence that suggests unbounded diversity and argue that Leniabreeder is a step toward replicating open-ended evolution in silico.","2024-07-22","2024-09-16 06:21:08","2024-09-16 06:21:08","2024-09-16 06:21:08","","","","","","","","","","","","MIT Press","","en","","","","","direct.mit.edu","","","","C:\Users\User\Documents\99_Papers\FaldorM_CullyA\Faldor_Cully_2024_Toward Artificial Open-Ended Evolution within Lenia using Quality-Diversity.pdf","","","","","","","","","","","","","","","","","","","","","","","","","","","","","","","","","","ALIFE 2024: Proceedings of the 2024 Artificial Life Conference","","","","","","","","","","","","","","",""
"YGCE33B5","conferencePaper","2024","Ferguson, Austin J.; Ofria, Charles; Bohm, Clifford","Predicting the Unpredictable: Using replay experiments to disentangle how evolutionary outcomes are altered by adaptive momentum","","","","10.1162/isal_a_00801","https://dx.doi.org/10.1162/isal_a_00801","Abstract. When a new evolutionary dynamic is identified, researchers often struggle to understand its long-term effects on evolutionary outcomes. Evolutionary prediction is always challenging, as subtle nuances of dynamics can interact in unpredictable ways. Digital evolution systems, however, provide an empirical alternative to prediction: automated replay experiments can be conducted in large numbers to measure a real distribution of outcomes from a given starting point. Changes in distributions over time can help us understand the long-term implications of seemingly minor events during evolution. We apply this technique to “adaptive momentum”, a new framework that explains how phenomena like selective sweeps can temporarily weaken selection and enhance the likelihood of crossing deleterious fitness valleys. We show that deleterious mutations along the leading edge of a selective sweep can have an outsized influence on the evolutionary fate of a population. Indeed, we see that evolutionary potential to cross new deleterious valleys drastically increases during selective sweeps. Moreover, each valley crossing initiates a new sweep, increasing the potential for further discoveries; this increased potential subsides only once all sweeps have concluded. While we still have much to learn about both adaptive momentum and the role of history in evolution, this work identifies important evolutionary dynamics at play and hones our tools for further studies.","2024-07-22","2024-09-16 06:21:34","2024-09-16 06:21:34","2024-09-16 06:21:34","","","","","","","Predicting the Unpredictable","","","","","MIT Press","","en","","","","","direct.mit.edu","","","","C:\Users\User\Documents\99_Papers\FergusonA et al\Ferguson et al_2024_Predicting the Unpredictable.pdf","","","","","","","","","","","","","","","","","","","","","","","","","","","","","","","","","","ALIFE 2024: Proceedings of the 2024 Artificial Life Conference","","","","","","","","","","","","","","",""
"J4YQUIHS","conferencePaper","2024","Flores, Lucas; Han, The Anh","Institutional Incentives for promoting Evolution of Commitment Compliance and Cooperation in Spatial Public Goods Games","","","","10.1162/isal_a_00767","https://dx.doi.org/10.1162/isal_a_00767","","2024-07-22","2024-09-16 06:21:57","2024-09-16 06:21:57","2024-09-16 06:21:57","","","","","","","","","","","","MIT Press","","en","","","","","direct.mit.edu","","","","C:\Users\User\Documents\99_Papers\FloresL_HanT\Flores_Han_2024_Institutional Incentives for promoting Evolution of Commitment Compliance and.pdf","","","","","","","","","","","","","","","","","","","","","","","","","","","","","","","","","","ALIFE 2024: Proceedings of the 2024 Artificial Life Conference","","","","","","","","","","","","","","",""
"XE9H63GB","conferencePaper","2024","Frati, Lapo; Petak, Csenge; Cheney, Nick","Networks of Binary Necklaces Induced by Elementary Cellular Automata Rules","","","","10.1162/isal_a_00783","https://dx.doi.org/10.1162/isal_a_00783","Abstract. Elementary cellular automata deterministically map a binary sequence to another using simple local rules. Visualizing the structure of this mapping is difficult because the number of nodes (i.e. possible binary sequences) grows exponentially. If periodic boundary conditions are used, rotation of a sequence and rule application to that sequence commute. This allows us to recover the rotational invariance property of loops and to reduce the number of nodes by only considering binary necklaces, the equivalence class of n-character strings taking all rotations as equivalent. Combining together many equivalent histories reveals the general structure of the rule, both visually and computationally. In this work, we investigate the structure of necklace-networks induced by the 256 Elementary Cellular Automata rules and show how their network structure change as the length of necklaces grow.","2024-07-22","2024-09-16 06:22:12","2024-09-16 06:22:12","2024-09-16 06:22:12","","","","","","","","","","","","MIT Press","","en","","","","","direct.mit.edu","","","","C:\Users\User\Documents\99_Papers\FratiL et al\Frati et al_2024_Networks of Binary Necklaces Induced by Elementary Cellular Automata Rules.pdf","","","","","","","","","","","","","","","","","","","","","","","","","","","","","","","","","","ALIFE 2024: Proceedings of the 2024 Artificial Life Conference","","","","","","","","","","","","","","",""
"C3WFDX9V","conferencePaper","2024","Govoni, Patrick; Romanczuk, Pawel","Fundamental Vision-Based Navigation Algorithms: Local Sequential, Global Diffusive, and Direct Pathing","","","","10.1162/isal_a_00760","https://dx.doi.org/10.1162/isal_a_00760","Abstract. Effective foraging in a predictable local environment requires coordinating movement with the observable spatial context, in a word, navigation. Distinct from search, navigating to specific areas known to be valuable entails its own particularities. How space is understood through vision and parsed for navigation is often examined experimentally, with limited ability to manipulate sensory inputs and probe into the algorithmic level of decision-making.As a generalizable, minimal alternative to empirical means, embodied neural networks were evolved and studied to explore information processing algorithms an organism may use for visual spatial navigation. Surprisingly, three distinct classes of algorithms emerged, each with its own set of rules and tradeoffs, and each appear to be highly relevant to observable biological navigation behaviors.","2024-07-22","2024-09-16 06:23:10","2024-09-16 06:23:10","2024-09-16 06:23:10","","","","","","","Fundamental Vision-Based Navigation Algorithms","","","","","MIT Press","","en","","","","","direct.mit.edu","","","","C:\Users\User\Documents\99_Papers\GovoniP_RomanczukP\Govoni_Romanczuk_2024_Fundamental Vision-Based Navigation Algorithms.pdf","","","","","","","","","","","","","","","","","","","","","","","","","","","","","","","","","","ALIFE 2024: Proceedings of the 2024 Artificial Life Conference","","","","","","","","","","","","","","",""
"VYKV63VU","conferencePaper","2024","Hu, Botao Amber; Fangting, Fangting","Speculating on Blockchain as an Unstoppable ‘Nature’ Towards the Emergence of Artificial Life","","","","10.1162/isal_a_00818","https://dx.doi.org/10.1162/isal_a_00818","","2024-07-22","2024-09-16 06:23:37","2024-09-16 06:23:37","2024-09-16 06:23:37","","","","","","","","","","","","MIT Press","","en","","","","","direct.mit.edu","","","","C:\Users\User\Documents\99_Papers\HuB_FangtingF\Hu_Fangting_2024_Speculating on Blockchain as an Unstoppable ‘Nature’ Towards the Emergence of.pdf","","","","","","","","","","","","","","","","","","","","","","","","","","","","","","","","","","ALIFE 2024: Proceedings of the 2024 Artificial Life Conference","","","","","","","","","","","","","","",""
"C3CM3NFA","conferencePaper","2024","Hyakuzuka, Maya; Aubert-Kato, Nathanael","Machine-learning-based prediction of DNA structure volume for Quality-Diversity exploration","","","","10.1162/isal_a_00774","https://dx.doi.org/10.1162/isal_a_00774","Abstract. DNA nanotechnology has introduced the ability to create structures at the molecular scale, which is a promising approach for the implementation of very large swarms. However, the movement of such structures is heavily influenced by their size, prompting shape design optimization. Here, we use a quality-diversity approach to optimize the size of structures assembled from sets of DNA strands. We introduced a surrogate model to accelerate evaluations, with the ground truth provided by oxDNA, a physics-based simulator. We then iterate between optimization rounds using the QD algorithm, direct evaluation of promising and potentially mispredicted sets with oxDNA, and training of the surrogate model. We show that this approach efficiently generates diverse candidate sets at a fraction of simulation costs. Additionally, the surrogate model is reusable, enhancing the overall performance of future optimization tasks.","2024-07-22","2024-09-16 06:23:58","2024-09-16 06:23:58","2024-09-16 06:23:58","","","","","","","","","","","","MIT Press","","en","","","","","direct.mit.edu","","","","C:\Users\User\Documents\99_Papers\HyakuzukaM_Aubert-KatoN\Hyakuzuka_Aubert-Kato_2024_Machine-learning-based prediction of DNA structure volume for Quality-Diversity.pdf","","","","","","","","","","","","","","","","","","","","","","","","","","","","","","","","","","ALIFE 2024: Proceedings of the 2024 Artificial Life Conference","","","","","","","","","","","","","","",""
"CPZPEEFE","conferencePaper","2024","Jaafar, Siti Aisyah Binti; Suzuki, Reiji; Arita, Takaya","Towards understanding the eco-evo-devo of artificial creatures in 3D physical simulation","","","","10.1162/isal_a_00829","https://dx.doi.org/10.1162/isal_a_00829","","2024-07-22","2024-09-16 06:24:21","2024-09-16 06:24:21","2024-09-16 06:24:21","","","","","","","","","","","","MIT Press","","en","","","","","direct.mit.edu","","","","C:\Users\User\Documents\99_Papers\JaafarS et al\Jaafar et al_2024_Towards understanding the eco-evo-devo of artificial creatures in 3D physical.pdf","","","","","","","","","","","","","","","","","","","","","","","","","","","","","","","","","","ALIFE 2024: Proceedings of the 2024 Artificial Life Conference","","","","","","","","","","","","","","",""
"CGICM78Z","conferencePaper","2024","Kanagawa, Yuji; Doya, Kenji","Evolution of Rewards for Food and Motor Action by Simulating Birth and Death","","","","10.1162/isal_a_00753","https://dx.doi.org/10.1162/isal_a_00753","Abstract. The reward system is one of the fundamental drivers of animal behaviors and is critical for survival and reproduction. Despite its importance, the problem of how the reward system has evolved is underexplored. In this paper, we try to replicate the evolution of biologically plausible reward functions and investigate how environmental conditions affect evolved rewards’ shape. For this purpose, we developed a population-based decentralized evolutionary simulation framework, where agents maintain their energy level to live longer and produce more children. Each agent inherits its reward function from its parent subject to mutation and learns to get rewards via reinforcement learning throughout its lifetime. Our results show that biologically reasonable positive rewards for food acquisition and negative rewards for motor action can evolve from randomly initialized ones. However, we also find that the rewards for motor action diverge into two modes: largely positive and slightly negative. The emergence of positive motor action rewards is surprising because it can make agents too active and inefficient in foraging. In environments with poor and poisonous foods, the evolution of rewards for less important foods tends to be unstable, while rewards for normal foods are still stable. These results demonstrate the usefulness of our simulation environment and energy-dependent birth and death model for further studies of the origin of reward systems.","2024-07-22","2024-09-16 06:24:34","2024-09-16 06:24:34","2024-09-16 06:24:34","","","","","","","","","","","","MIT Press","","en","","","","","direct.mit.edu","","","","C:\Users\User\Documents\99_Papers\KanagawaY_DoyaK\Kanagawa_Doya_2024_Evolution of Rewards for Food and Motor Action by Simulating Birth and Death.pdf","","","","","","","","","","","","","","","","","","","","","","","","","","","","","","","","","","ALIFE 2024: Proceedings of the 2024 Artificial Life Conference","","","","","","","","","","","","","","",""
"PKDA6CSY","conferencePaper","2024","Karelin, Georgii","Floatiles: Self-Assembly Based On Cheerios Effect and Aperiodic Monotiles","","","","10.1162/isal_a_00757","https://dx.doi.org/10.1162/isal_a_00757","Abstract. This project aims to create an affordable macroscopic physical experiment using simple principles to explore pattern formation and dynamics. Combining the Cheerios effect, a wellobserved phenomenon in fluid dynamics, with the geometric concept of aperiodic monotiles makes it possible to observe the self-assembly of complex structures from identical elements. Aperiodic monotiles are unique geometric shapes with a notable property: they can tile an infinite plane without forming a repeating pattern. The specific geometric properties of the monotiles influence the resulting formations. Perturbations can increase the complexity of clusters and make them evolve and interact with each other. This setup facilitates the self-organization of patterns on the liquid surface.","2024-07-22","2024-09-16 06:24:51","2024-09-16 06:24:51","2024-09-16 06:24:51","","","","","","","Floatiles","","","","","MIT Press","","en","","","","","direct.mit.edu","","","","C:\Users\User\Documents\99_Papers\KarelinG\Karelin_2024_Floatiles.pdf","","","","","","","","","","","","","","","","","","","","","","","","","","","","","","","","","","ALIFE 2024: Proceedings of the 2024 Artificial Life Conference","","","","","","","","","","","","","","",""
"DQRHKCYV","conferencePaper","2024","Lawry, Jonathan","Zealot Detection in Probabilistic Social Learning Using Bounded Confidence","","","","10.1162/isal_a_00833","https://dx.doi.org/10.1162/isal_a_00833","Abstract. A bounded confidence model is introduced for probabilistic social learning in which individuals learn by regularly pooling their beliefs with those of others, and also by updating their beliefs based on noisy evidence they have received directly. Furthermore, an individual only pools with those others in their social network whose current beliefs are sufficiently similar to their own. Two measures of similarity between beliefs are considered based on statistical distance and KL divergence. Agent-based simulations are then used to investigate the efficacy of the proposed model for detecting zealot agents who do not learn from evidence or from their peers but instead constantly promote a fixed opinion. Results indicate that given appropriate similarity thresholds both metrics can be effective but that statistical distance is less sensitive to the choice of similarity threshold, suggesting that it is less dependent on prior knowledge about the type of zealots present in the population. A central result is that the effectiveness of this form of collective reliability assessment is significantly reduced if learning agents have a high level of distrust of evidence. Extensions to the model are then investigated by incorporating weighted pooling and restricting interactions to small world networks. Finally, bounded confidence is evaluated for multi-hypotheses scenarios in which there is a heterogeneous population of zealots advocating for different hypotheses.","2024-07-22","2024-09-16 06:25:07","2024-09-16 06:25:07","2024-09-16 06:25:07","","","","","","","","","","","","MIT Press","","en","","","","","direct.mit.edu","","","","C:\Users\User\Documents\99_Papers\LawryJ\Lawry_2024_Zealot Detection in Probabilistic Social Learning Using Bounded Confidence.pdf","","","","","","","","","","","","","","","","","","","","","","","","","","","","","","","","","","ALIFE 2024: Proceedings of the 2024 Artificial Life Conference","","","","","","","","","","","","","","",""
"I8ZKTUHC","conferencePaper","2024","Longhi, Carlo; Martinez-Vaquero, Luis A.; Vázquez, Fernando Wario; Trianni, Vito","Strong leaders don’t cheat: an evolutionary appraisal of population heterogeneity and leadership","","","","10.1162/isal_a_00819","https://dx.doi.org/10.1162/isal_a_00819","Abstract. Coordination and cooperation are crucial features of many natural and artificial systems. Among the many mechanisms that have been proposed to support their emergence, leadership can play an important role. In human and other animal groups, inter-individual differences can lead to the emergence of successful leaders, who assume their role thanks to their physical or cognitive capabilities that grant them some influence over the behavior of their peers. Hence, heterogeneity in a population appears as a key element for successful leaders. Here, we present an evolutionary game theoretic model to study the effect of leadership and heterogeneity on cooperative behavior and examine the relationships between the two. We show that the presence of a leader can promote the evolution of cooperation. Moreover, we find that, when there is the possibility for a leader to emerge in the group, heterogeneity benefits cooperation. In our model, players cooperate when they are more likely to become leaders, and defect otherwise. In other words, strong leaders do not defect, but act as exemplar of prosocial behavior that, when followed, lead to full cooperation.","2024-07-22","2024-09-16 06:25:51","2024-09-16 06:25:51","2024-09-16 06:25:51","","","","","","","Strong leaders don’t cheat","","","","","MIT Press","","en","","","","","direct.mit.edu","","","","C:\Users\User\Documents\99_Papers\LonghiC et al\Longhi et al_2024_Strong leaders don’t cheat.pdf","","","","","","","","","","","","","","","","","","","","","","","","","","","","","","","","","","ALIFE 2024: Proceedings of the 2024 Artificial Life Conference","","","","","","","","","","","","","","",""
"M8GVVUQA","conferencePaper","2024","Moreno, Matthew Andres; Yang, Connor; Dolson, Emily; Zaman, Luis","Trackable Agent-based Evolution Models at Wafer Scale","","","","10.1162/isal_a_00830","https://dx.doi.org/10.1162/isal_a_00830","Abstract. Continuing improvements in computing hardware are poised to transform capabilities for in silico modeling of cross-scale phenomena underlying major open questions in evolutionary biology and artificial life, such as transitions in individuality, eco-evolutionary dynamics, and rare evolutionary events. Emerging ML/AI-oriented hardware accelerators, like the 850,000 processor CerebrasWafer Scale Engine (WSE), hold particular promise. However, many practical challenges remain in conducting informative evolution experiments that efficiently utilize these platforms’ large processor counts. Here, we focus on the problem of extracting phylogenetic information from agent-based evolution on the WSE platform. This goal drove significant refinements to decentralized in silico phylogenetic tracking, reported here. These improvements yield order-of-magnitude performance improvements. We also present an asynchronous island-based genetic algorithm (GA) framework forWSE hardware. Emulated and on-hardware GA benchmarks with a simple tracking-enabled agent model clock upwards of 1 million generations a minute for population sizes reaching 16 million agents. This pace enables quadrillions of agent replication events a day. We validate phylogenetic reconstructions from these trials and demonstrate their suitability for inference of underlying evolutionary conditions. In particular, we demonstrate extraction, from wafer-scale simulation, of clear phylometric signals that differentiate runs with adaptive dynamics enabled versus disabled. Together, these benchmark and validation trials reflect strong potential for highly scalable agent-based evolution simulation that is both efficient and observable. Developed capabilities will bring entirely new classes of previously intractable research questions within reach, benefiting further explorations within the evolutionary biology and artificial life communities across a variety of emerging high-performance computing platforms.","2024-07-22","2024-09-16 06:26:35","2024-09-16 06:26:35","2024-09-16 06:26:35","","","","","","","","","","","","MIT Press","","en","","","","","direct.mit.edu","","","","C:\Users\User\Documents\99_Papers\MorenoM et al\Moreno et al_2024_Trackable Agent-based Evolution Models at Wafer Scale.pdf","","","","","","","","","","","","","","","","","","","","","","","","","","","","","","","","","","ALIFE 2024: Proceedings of the 2024 Artificial Life Conference","","","","","","","","","","","","","","",""
"DJJ6ZPW7","conferencePaper","2024","Maull, Victor; Mauri, Jordi Pla; Pueyo, Nuria Conde; Solé, Ricard","Planetary regulation on the test tube: a synthetic Daisyworld","","","","10.1162/isal_a_00797","https://dx.doi.org/10.1162/isal_a_00797","Abstract. The idea that the Earth system self-regulates itself in a habitable state was proposed in the 1970s by James Lovelock, later on formalized as the Daisyworld model using a two-species system interacting with their environment. The potential for testing this conceptual framework in an experimental way is limited by its scale. To fill this gap, here we propose an explicit test tube-scale implementation for a microbial synthetic Daisyworld using an engineered community where pH as the external, abiotic control parameter. The computational modelling of this system shows robust self-regulation within a broad range of conditions, limited by tipping points, This synthetic Daisyworld allows exploring multiple scenarios of self-regulation that include the role of parasites, fluctuations or biodiversity and can help developing an experimental path to Earth Systems Science.","2024-07-22","2024-09-16 06:26:46","2024-09-16 06:26:46","2024-09-16 06:26:46","","","","","","","Planetary regulation on the test tube","","","","","MIT Press","","en","","","","","direct.mit.edu","","","","C:\Users\User\Documents\99_Papers\MaullV et al\Maull et al_2024_Planetary regulation on the test tube.pdf","","","","","","","","","","","","","","","","","","","","","","","","","","","","","","","","","","ALIFE 2024: Proceedings of the 2024 Artificial Life Conference","","","","","","","","","","","","","","",""
"BV3K5TBV","conferencePaper","2024","Mertzani, Asimina; Pitt, Jeremy","Power-Sensitive Design using Higher-Order Cybernetics Patterns","","","","10.1162/isal_a_00800","https://dx.doi.org/10.1162/isal_a_00800","Abstract. Socio-technical systems increasingly involve the convergence of human intelligence (natural life, or NLife) with artificial intelligence (ALife) in co-existence, co-production and co-evolution. This raises the possibility of an inequitable distribution of power, either by exacerbating existing asymmetric power relationships or an unwitting concession of power from NLife to ALife. In this paper, we investigate power-sensitive design, an instance of value-sensitive design, as a conceptual model for empowering NLife communities with ALife capabilities. We define “empowerment” in five cognitive dimensions, relate this definition to four higher-order cybernetic design patterns, and apply these patterns to four case studies. We conclude with a discussion of the social implications, in particular the empowerment of communities through the embodiment of communality.","2024-07-22","2024-09-16 06:27:06","2024-09-16 06:27:06","2024-09-16 06:27:06","","","","","","","","","","","","MIT Press","","en","","","","","direct.mit.edu","","","","C:\Users\User\Documents\99_Papers\MertzaniA_PittJ\Mertzani_Pitt_2024_Power-Sensitive Design using Higher-Order Cybernetics Patterns.pdf","","","","","","","","","","","","","","","","","","","","","","","","","","","","","","","","","","ALIFE 2024: Proceedings of the 2024 Artificial Life Conference","","","","","","","","","","","","","","",""
"Z5IUWNDF","conferencePaper","2024","Masumori, Atsushi; Doi, Itsuki; Ikegami, Takashi","Plasticity in Swarming Behavior: Introducing Social Network to Boids Model","","","","10.1162/isal_a_00799","https://dx.doi.org/10.1162/isal_a_00799","","2024-07-22","2024-09-16 06:27:33","2024-09-16 06:27:33","2024-09-16 06:27:33","","","","","","","Plasticity in Swarming Behavior","","","","","MIT Press","","en","","","","","direct.mit.edu","","","","C:\Users\User\Documents\99_Papers\MasumoriA et al\Masumori et al_2024_Plasticity in Swarming Behavior.pdf","","","","","","","","","","","","","","","","","","","","","","","","","","","","","","","","","","ALIFE 2024: Proceedings of the 2024 Artificial Life Conference","","","","","","","","","","","","","","",""