Key,Title,Collections
86C4JB87,Two-dimensional cellular automata,['8AV7IL2Y']
XIAW2QUT,Statistical mechanics of cellular automata,['8AV7IL2Y']
5UKLWFLD,Systematics of transitions of square-lattice cellular automata,['8AV7IL2Y']
5HT7YWT6,Classification of 3-state and 4-state cellular automata,['8AV7IL2Y']
XC2PRIPK,Classification of three-dimensional cellular automata,['8AV7IL2Y']
ZJ557CMM,Classification of square lattice cellular automata,['8AV7IL2Y']
HU5U2MTV,CellPyLib: A Python Library for working with Cellular Automata,['8AV7IL2Y']
YV6QY4SU,"Classifying cellular automata automatically: Finding gliders, filtering, and relating space-time patterns, attractor basins, and the Z parameter",['8AV7IL2Y']
QBUHP6BB,Computational Hierarchy of Elementary Cellular Automata,"['8AV7IL2Y', 'BRYRT8V7']"
HY955CJT,Extending Conway’s Game of Life,['8AV7IL2Y']
HBNAZKLH,Life Algorithms,['8AV7IL2Y']
5U7WQMMW,A complete and efficiently computable topological classification of <i>D</i>-dimensional linear cellular automata over <i>Z</i>m,['8AV7IL2Y']
7U78MDGX,Classifying 1D elementary cellular automata with the 0–1 test for chaos,['8AV7IL2Y']
3R4CICR4,A Comprehensive Taxonomy of Cellular Automata,['8AV7IL2Y']
VN4Z3THE,Toward the Realization of an Evolving Ecosystem on Cellular Automata,['8AV7IL2Y']
HQAUXBGX,Introduction of structural dissolution into Langton's self-reproducing loop,['8AV7IL2Y']
6A5DFSSZ,Advances in Cellular Automata: Volume 1: Theory,['8AV7IL2Y']
5BXPCB3Q,Designing Beauty: The Art of Cellular Automata,['8AV7IL2Y']
HDUNZV9T,Cellular automata and complexity: collected papers,['8AV7IL2Y']
CQ63YCL9,Classification of cellular automata through texture analysis,['8AV7IL2Y']
XKPWJ299,Automorphissm Classification of Cellular Automata,['8AV7IL2Y']
TQ2DDGMH,A classification of one-dimensional cellular automata using infinite computations,['8AV7IL2Y']
JQIQPBHX,A hierarchical classification of cellular automata,['8AV7IL2Y']
483XTMSR,Computational classification of cellular automata,['8AV7IL2Y']
SWK5GBQD,Classification of Cellular Automata based on Statistical Mechanics,['8AV7IL2Y']
BQEUGYS9,Complexity Measures and Cellular Automata,['8AV7IL2Y']
QWJ83EZK,Thermodynamics and Complexity of Cellular Automata,['8AV7IL2Y']
BP45EEJ2,"Classifying elementary cellular automata using compressibility, diversity and sensitivity measures",['8AV7IL2Y']
LH2LFL2J,A Measure for the Complexity of Elementary Cellular Automata,['8AV7IL2Y']
G79LEFQP,COMPLEX DYNAMICS OF ELEMENTARY CELLULAR AUTOMATA EMERGING FROM CHAOTIC RULES,['8AV7IL2Y']
PBWWG77X,The emergence of dynamical complexity: An exploration using elementary cellular automata,['8AV7IL2Y']
M56U66FC,Advances in the study of elementary cellular automata regular language complexity,['8AV7IL2Y']
8HB7V5XZ,Classsiﬁcation of Cellular Automata,['8AV7IL2Y']
75ERXWCU,Kolmogorov complexity and cellular automata classification,['8AV7IL2Y']
JWJDLTXC,On the Computational Complexity of Finite Cellular Automata,['8AV7IL2Y']
PJN7732H,Communication complexity and intrinsic universality in cellular automata,['8AV7IL2Y']
8PV7NW52,On Creativity of Elementary Cellular Automata,['8AV7IL2Y']
ZCKGQUEG,A Note on Elementary Cellular Automata Classification,['8AV7IL2Y']
NHJIQPAY,Asymptotic Behaviour and Ratios of Complexity in Cellular Automata,['8AV7IL2Y']
H9MM5YV6,On elementary cellular automata asymptotic (a)synchronism sensitivity and complexity,['8AV7IL2Y']
T3CVKA6P,Unraveling simplicity in elementary cellular automata,['8AV7IL2Y']
EMQNKRFT,An information-based classification of Elementary Cellular Automata,['8AV7IL2Y']
WJHXJZ9A,Counting Short Trajectories in Elementary Cellular Automata using the Transfer Matrix Method,['8AV7IL2Y']
6RSTAM2F,A Note About the Discovery of Many New Rules for the Game of Three-Dimensional Life,['8AV7IL2Y']
HRE2AAF7,A Note on the Discovery of a New Game of Three-dimensional Life,['8AV7IL2Y']
XWVRZU92,Further Notes on the Game of Three-Dimensional Life,['8AV7IL2Y']
N3J9VTKW,Candidates for the Game of Life in Three Dimensions,['8AV7IL2Y']
GI425VXN,Self-reproduction in cellular automata,['8AV7IL2Y']
E69K4X8T,Characterisation of limit measures of higher-dimensional cellular automata,['8AV7IL2Y']
V36NE4BB,Higher Dimensional Games of Life,['8AV7IL2Y']
9JVE7S7U,HIGHER ORDER CELLULAR AUTOMATA,['8AV7IL2Y']
DPT62QY6,A review of Quantum Cellular Automata,['8AV7IL2Y']
PWW8QQHG,A detailed study on implementing new approaches in the Game of Life,['8AV7IL2Y']
69BMCKIR,Evolving the Game of Life,['8AV7IL2Y']
JNILNFIE,Entropy of multidimensional cellular automata,['8AV7IL2Y']
LAZWI9AW,On computing the entropy of cellular automata,['8AV7IL2Y']
3VQSISM2,Entropy-Based Classification of Elementary Cellular Automata under Asynchronous Updating: An Experimental Study,['8AV7IL2Y']
T4MX9T7G,Entropy of cellular automata,['8AV7IL2Y']
7ANNGBU9,Rescaled entropy of cellular automata,['8AV7IL2Y']
DYV22PFC,Entropy rate of higher-dimensional cellular automata,['8AV7IL2Y']
DJVMNEHV,Layered Cellular Automata,['8AV7IL2Y']
ZU8AZY8V,Emergent Dynamics in Heterogeneous Life-Like Cellular Automata,['8AV7IL2Y']
3XDJTHSU,The cost of information acquisition by natural selection,['3LKEUA6W']
A56DAKPV,Practice of neurosurgery on Saturn,['F6I4YQMS']
RLEYARNU,To be an intra-guild predator or a cannibal: is prey quality decisive?,['2ALVSLRB']
ZD2SQG35,"Cannibalism: It's 'Perfectly Natural,' A New Scientific History Argues",['2ALVSLRB']
CDXD65WG,Post-Miocene Shift in Stereotypic Naticid Predation on Confamilial Prey from the Mid-Atlantic Shelf: Coevolution with Dangerous Prey,['2ALVSLRB']
M74DPTA2,Susceptibility of larval Crepidula fornicata to predation by suspension-feeding adults,['2ALVSLRB']
85DDFWUD,Non-Random Sibling Cannibalism in the Marine Gastropod Crepidula coquimbensis,['2ALVSLRB']
TTCA228P,You Are What You Eat: Stable Isotopic Evidence Indicates That the Naticid Gastropod Neverita duplicata Is an Omnivore,['2ALVSLRB']
8CZD5AQP,Early Activation of MAPK and Apoptosis in Nutritive Embryos of Calyptraeid Gastropods,['2ALVSLRB']
KRYTKLLK,These Creatures Are Probably the Closest Thing Nature Has to Real Werewolves,['2ALVSLRB']
WLL5B6K9,Preferential cannibalism as a key stabilizing mechanism of intraguild predation systems with trophic polymorphic predators,['2ALVSLRB']
4FYVC3C4,On a cannibalistic predator–prey model with prey defense and diffusion,['2ALVSLRB']
GLVAV6R9,Predator cannibalism can shift prey community composition toward dominance by small prey species,['2ALVSLRB']
WVPZ6QLY,Serum-Free Medium for Recombinant Protein Expression in Chinese Hamster Ovary Cells,['FU9DUKYN']
QWYM9F2E,Applying intensified design of experiments to mammalian cell culture processes,['FU9DUKYN']
FC6VDIZ3,Design of Experiments Approach to Engineer Cell-Secreted Matrices for Directing Osteogenic Differentiation,['FU9DUKYN']
PNBW7RGN,Optimization of a serum-free culture medium for mouse embryonic stem cells using design of experiments (DoE) methodology,['FU9DUKYN']
5LLVXAG9,Development of serum-free medium supplemented with hydrolysates for the production of therapeutic antibodies in CHO cell cultures using design of experiments,['FU9DUKYN']
TEMTYDSN,Optimization of primary culture condition for mesenchymal stem cells derived from umbilical cord blood with factorial design,['FU9DUKYN']
NI92SP9R,Application of process quality engineering techniques to improve the understanding of the in vitro processing of stem cells for therapeutic use,['FU9DUKYN']
6QVLJK4W,Taguchi's orthogonal arrays are classical designs of experiments,['FU9DUKYN']
WBE6CDLS,Development of a serum free medium for HUMIRA <sup>®</sup> biosimilar by design of experiment approaches,['FU9DUKYN']
D8X6DKMT,Model-Based Design of Process Strategies for Cell Culture Bioprocesses: State of the Art and New Perspectives,['FU9DUKYN']
UG2B9U6G,A predictive high‐throughput scale‐down model of monoclonal antibody production in CHO cells,['FU9DUKYN']
EKZ2TGMN,A systematic approach to the validation of process control parameters for monoclonal antibody production in fed-batch culture of a murine myeloma,['FU9DUKYN']
8WV8CSTC,R Companion to Montgomery’s Design and Analysis of Experiments (2005),['9TVJ3WST']
KXPRFZ3S,Design and Analysis of Experiments by Douglas Montgomery: A Supplement for Using JMP®,['9TVJ3WST']
N79IH7NE,The Design Of Experiments,['9TVJ3WST']
2AXAVNRY,Design of experiments for engineers and scientists,['9TVJ3WST']
RA3QBZUK,Design and Analysis of Experiments with R,['9TVJ3WST']
RUX3E6BA,Incorporation of pseudouridine into mRNA enhances translation by diminishing PKR activation,['UNW6NQZR']
5TZMZX27,The Nobel Prize in Physics 1971,['UNW6NQZR']
A7YMAJLK,Suppression of RNA recognition by Toll-like receptors: the impact of nucleoside modification and the evolutionary origin of RNA,['UNW6NQZR']
53TH6CK9,Incorporation of pseudouridine into mRNA yields superior nonimmunogenic vector with increased translational capacity and biological stability,['UNW6NQZR']
YJZMEDA2,"The Astrobiology Primer: An Outline of General Knowledge—Version 1, 2006",['4I4F35A3']
I3MSF9CF,The Astrobiology Primer v2.0,['4I4F35A3']
VGY9Y78I,Foreword to the Astrobiology Primer 3.0,['4I4F35A3']
D2XINEL5,Chapter 3: The Origins and Evolution of Planetary Systems,['4I4F35A3']
85LPJ8SS,Chapter 8: Searching for Life Beyond Earth,['4I4F35A3']
7XBF6PYI,Chapter 9: Life as We Don't Know It,['4I4F35A3']
MGLR6ERH,Chapter 1: The Astrobiology Primer 3.0,['4I4F35A3']
YD7IWNZU,Chapter 2: What Is Life?,['4I4F35A3']
Y7VAYJIV,Chapter 4: A Geological and Chemical Context for the Origins of Life on Early Earth,['4I4F35A3']
A2KXZLU9,Chapter 5: Major Biological Innovations in the History of Life on Earth,['4I4F35A3']
HJQ2AW69,Chapter 6: The Breadth and Limits of Life on Earth,['4I4F35A3']
NB28ZHQD,Chapter 7: Assessing Habitability Beyond Earth,['4I4F35A3']
BMVHX2A7,"Chapter 10: Planetary Protection—History, Science, and the Future",['4I4F35A3']
LRFJ8UJV,"Chapter 11: Astrobiology Education, Engagement, and Resources",['4I4F35A3']
SDTVH63E,Identification of Southeast Asian Anopheles mosquito species using MALDI-TOF mass spectrometry,['S5HE59FT']
SEYD2SS3,A universal tool for marine metazoan species identification: towards best practices in proteomic fingerprinting,['S5HE59FT']
ETQZFCU5,Molecular based identification and phylogenetic relationship by using cytochrome b gene of Pangasius pangasius,['S5HE59FT']
LSIW4JLI,Molecular characterization of mosquitoes (Diptera: Culicidae) from the Colombian rainforest,['S5HE59FT']
8VHXS7U4,Benefits and Limitations of MALDI-TOF Mass Spectrometry for the Identification of Microorganisms,['S5HE59FT']
3GWQ6LSC,Current status of MALDI-TOF mass spectrometry in clinical microbiology,['S5HE59FT']
HJDU689S,MALDI-TOF mass spectrometry: an emerging technology for microbial identification and diagnosis,['S5HE59FT']
UAHE8RAC,Identification of cryptic Anopheles mosquito species by molecular protein profiling,['S5HE59FT']
4LF3FDIX,Phenotypic and Biomechanical Characteristics of Human Fetal Neural Progenitor Cells Exposed to Pesticide Compounds,['CL29QIZU']
WIIKCH3M,Design of a Bio-Inspired Untethered Soft Octopodal Robot Driven by Magnetic Field,['CL29QIZU']
NGLWIM8A,Continuous 3D Printing of Biomimetic Beetle Mandible Structure with Long Bundles of Aramid Fiber Composites,['CL29QIZU']
FP7ILI23,Biomimetics with Trade-Offs,['CL29QIZU']
JFYL8RLP,"Three-Dimensional Printing of Living Mycelium-Based Composites: Material Compositions, Workflows, and Ways to Mitigate Contamination",['CL29QIZU']
BAPPNVME,Ballistic Behavior of Bioinspired Nacre-like Composites,['CL29QIZU']
AVM6YBT3,The Algorithmic Origins of Life,['7UFY4FR7']
HH6AGFWN,An Origin-of-Life Reactor to Simulate Alkaline Hydrothermal Vents,['7UFY4FR7']
6MHUBKCZ,Self-organizing biochemical cycles,['JLE35IIM']
ZW7L9VRF,Spontaneously rotating clusters of active droplets,['JLE35IIM']
WF8TMZQ2,"Innovation, Variation, and Emergence in an Automata Chemistry","['NZJ98W5S', 'W2P8L2M2']"
AAPJNZV2,Artificial chemistries--a review,['NZJ98W5S']
TKKA2FSJ,Provenance of Lyfe: Chemical Autonomous Agents Surviving through Associative Learning,['NZJ98W5S']
XGG8FR94,Semantic closure demonstrated by the evolution of a universal constructor architecture in an artificial chemistry,['NZJ98W5S']
WLK33DG8,Low rattling: A predictive principle for self-organization in active collectives,['UPH4X9PC']
JDCWP3AX,Dissipation Bounds All Steady-State Current Fluctuations,['UPH4X9PC']
LZ6WJCJR,Dissipative adaptation in driven self-assembly,['UPH4X9PC']
SEU58GSA,Statistical physics of self-replication,['UPH4X9PC']
NH7BTXFH,Conservation of Matter Increases Evolutionary Activity,"['EZIPJ7VU', 'VK2YEP2U']"
CHYEYV4P,Using Cellular Automata to Simulate Domain Evolution in Proteins,['VK2YEP2U']
TZ6HA85J,The protein state of matter,['VK2YEP2U']
FCUQFLUF,An updated protocol for the cost-effective and weekend-free culture of human induced pluripotent stem cells,['VMXT3IY8']
8H8A7VRU,Bacterial Transformation: What? Why? How? and When?,['VMXT3IY8']
RF7PCFHP,Large‐scale purification and characterization of recombinant human stem cell factor in <i>Escherichia coli</i>,['VMXT3IY8']
QWTC6S4V,Spatiotemporal microbial evolution on antibiotic landscapes,['VMXT3IY8']
LEERSKRC,Complete Genome Sequence of Escherichia coli Strain BL21,['VMXT3IY8']
K36Y8UTY,A novel efficient feeder-free culture system for the derivation of human induced pluripotent stem cells,['VMXT3IY8']
VAXZI3QG,Differential regulation of morphology and stemness of mouse embryonic stem cells by substrate stiffness and topography,['VMXT3IY8']
TFCAEUS6,"Bacterial transformation: distribution, shared mechanisms and divergent control",['VMXT3IY8']
LY94L8TY,Pressure and Temperature Dependence of Growth and Morphology of Escherichia coli: Experiments and Stochastic Model,['VMXT3IY8']
NWAUXL88,Recipes and Tools for Culture of Escherichia coli,['VMXT3IY8']
TYKNT3Q3,Recombinant protein expression in Escherichia coli: advances and challenges,['VMXT3IY8']
RBNP39VA,Toward a universal measure of robustness across model organs and systems,"['6U9K8QMU', 'Q2EE7N6R']"
UDR5YUKS,Cultivation strategies for prokaryotes from extreme environments,['Q2EE7N6R']
PBV8IJH4,"Community structure of thermophilic photosynthetic microbial mats and flocs at Sembawang Hot Spring, Singapore",['Q2EE7N6R']
6G2EV3EY,Extremophile enzyme activity lab: using catalase from Pyrobaculum calidifontis to highlight temperature sensitivity and thermostable enzyme activity,['Q2EE7N6R']
QQ66WIXU,Gene Shuffling Thread by @ATinyGreenCell.pdf,['CJIXZ45L']
KLDG6XGX,The Species Problem in Artificial Life,['P7C89CW2']
YWMIG5WP,Fundamental constraints to the logic of living systems,['P7C89CW2']
3FIT4M6V,Automating the Search for Artificial Life with Foundation Models,['P7C89CW2']
SIDKQB2W,A Taxonomy for Artiﬁcial Embryogeny,['P7C89CW2']
AX2TX2EM,Emergent adaptive behaviour of GRN-controlled simulated robots in a changing environment,['N4LUPS3I']
RZZPNVAP,The evolutionary significance of ancient genome duplications,['N4LUPS3I']
FG2GFXUS,Improving the adaptability of simulated evolutionary swarm robots in dynamically changing environments,['N4LUPS3I']
M2C67U9R,Using novel bio-inspired principles to improve adaptability of evolutionary robots in dynamically changing environments,"['8WCU882B', 'N4LUPS3I']"
4ECPXTMI,Using digital organisms to study the evolutionary consequences of whole genome duplication and polyploidy,['N4LUPS3I']
87JXTEAD,Exploring self‐organized emergence in an agent‐based synthetic warfare lab,['G5A26IUF']
GD4PNVQT,Aesthetic selection of morphogenetic art forms,['G5A26IUF']
KL446368,Nerve garden: germinating biological metaphors in net‐based virtual worlds,['G5A26IUF']
47KWXVPF,StarLogo under the hood and in the classroom,['G5A26IUF']
WCSAL6WK,Discrete dynamics lab: tools for investigating cellular automata and discrete dynamical networks,['G5A26IUF']
UKDGVTQC,Exploring cellular automata with MCell,['G5A26IUF']
IGC2XNKE,On wonder and betrayal: creating artificial life software to meet aesthetic goalsaland@csse.monash.edu.au,['G5A26IUF']
WE4US5R7,The Framsticks system: versatile simulator of 3D agents and their evolution,['G5A26IUF']
L23F778G,Evolving sonic ecosystems,['G5A26IUF']
BW4QDCEY,Simulated breeding – a framework of breeding artifacts on the computer,['G5A26IUF']
9EQ3TZZV,Note from the publisher,['G5A26IUF']
8UXT55C9,Special Issue – Artificial Life,['G5A26IUF']
26R6HXEY,Artificial life software,['G5A26IUF']
6R3A3R5J,The fungal mycobiome: a new hallmark of cancer revealed by pan-cancer analyses,['NIMU6BBY']
KHATIVIN,Walls around tumours — why plants do not develop cancer,['NIMU6BBY']
C65HALE2,The impact of food availability on tumorigenesis is evolutionarily conserved,"['FCZN3C89', 'NIMU6BBY']"
I3YAUFHK,Spontaneously occurring tumors in different wild-derived strains of hydra,"['FCZN3C89', 'NIMU6BBY']"
24IVK99P,"Tumors alter life history traits in the freshwater cnidarian, Hydra oligactis","['FCZN3C89', 'NIMU6BBY']"
GAAZWXAT,De novo evolution of transmissible tumours in hydra,"['FCZN3C89', 'NIMU6BBY']"
4LCIXTVP,DNA repair and anti-cancer mechanisms in the longest-living mammal: the bowhead whale,['NIMU6BBY']
KZJ8ZHEB,Evolutionary histories of breast cancer and related clones,['NIMU6BBY']
36W2K5KB,Cancer as a form of life: Musings of the cancer and evolution symposium,['NIMU6BBY']
VHFUKXL8,Cancer progression as a sequence of atavistic reversions,['NIMU6BBY']
KGNE7S65,"The ""life code"": A theory that unifies the human life cycle and the origin of human tumors",['NIMU6BBY']
I9GYJPVL,From tumors to species: a SCANDAL hypothesis,['NIMU6BBY']
E6A7LHVP,The Order of Cancer: A Theory of Malignant Progression by Inverse Morphogenesis,['NIMU6BBY']
CJ37VDEA,How the evolution of multicellularity set the stage for cancer,['NIMU6BBY']
IQG59WBZ,The dualistic origin of human tumors,['NIMU6BBY']
WKNDAKVA,Transmissible Tumors: Breaking the Cancer Paradigm,['NIMU6BBY']
7DSVY8TK,Malignant Transformation of Hymenolepis nana in a Human Host,['NIMU6BBY']
W4EKTSQL,Naturally occurring tumours in the basal metazoan Hydra,"['FCZN3C89', 'NIMU6BBY']"
ZAS76MRL,Cancer across the tree of life: cooperation and cheating in multicellularity,['NIMU6BBY']
D7L2QXS9,Artificial life in the fight against cancer: Extended abstract of invited keynote lecture,['NIMU6BBY']
D4L8A96Q,Cancer tumors as Metazoa 1.0: tapping genes of ancient ancestors,['NIMU6BBY']
532A3GZH,Tumors as organs: complex tissues that interface with the entire organism,['NIMU6BBY']
PTI28KYM,Why don't all whales have cancer? A novel hypothesis resolving Peto's paradox,['NIMU6BBY']
C65HALE2,The impact of food availability on tumorigenesis is evolutionarily conserved,"['FCZN3C89', 'NIMU6BBY']"
I3YAUFHK,Spontaneously occurring tumors in different wild-derived strains of hydra,"['FCZN3C89', 'NIMU6BBY']"
24IVK99P,"Tumors alter life history traits in the freshwater cnidarian, Hydra oligactis","['FCZN3C89', 'NIMU6BBY']"
GAAZWXAT,De novo evolution of transmissible tumours in hydra,"['FCZN3C89', 'NIMU6BBY']"
W4EKTSQL,Naturally occurring tumours in the basal metazoan Hydra,"['FCZN3C89', 'NIMU6BBY']"
D3HP5BXE,What is life? scientific approaches and philosophical positions,['PFAZL85Y']
WANJNGLU,Introduction to evolutionary informatics,['PFAZL85Y']
JFM7MP34,Essential computing skills for biologists,['PFAZL85Y']
7D89AUE8,Towards a mathematical theory of complex biological systems,['PFAZL85Y']
W25AHPGC,How to build a dragon or die trying: a satirical look at cutting-edge science,['PFAZL85Y']
7N2XSXP9,Demystifying computation: a hands-on introduction,['PFAZL85Y']
U484PT6W,"Automata: theory, trends, and applications",['PFAZL85Y']
D434B7Z5,"First record of the hyperparasite Liriopsis pygmaea (Cryptoniscidae, Isopoda) from a rhizocephalan parasite of the false king crab Paralomis granulosa from the Beagle Channel (Argentina), with a redescription","['JK36743U', 'P8HY7EQP']"
3SILJKFF,The unwanted guests of hermits: A global review of the diversity and natural history of hermit crab parasites,"['JK36743U', 'P8HY7EQP']"
VBCEVJ3J,TO ITS HOST PAGURUS BERNHARDUS (L.),"['JK36743U', 'P8HY7EQP']"
PBPEEPGQ,"The evolutionary diversity of barnacles, with an updated classification of fossil and living forms","['6IIWZZJA', 'JK36743U', 'P8HY7EQP']"
LU4NUYGI,Remarkable convergent evolution in specialized parasitic Thecostraca (Crustacea),"['JK36743U', 'P8HY7EQP']"
G4R5ZCDK,Life Cycle and Life History Strategies of Parasitic Crustacea,"['JK36743U', 'P8HY7EQP']"
5YHXCP57,Invasive vermigon stage in the parasitic barnacles Loxothylacus texanus and L. panopaei (Sacculinidae): closing of the rhizocephalan life-cycle,"['JK36743U', 'P8HY7EQP']"
Q88BXMPP,Infestation of parasitic barnacle Sacculina spp. in commercial marine crabs,"['JK36743U', 'P8HY7EQP']"
5L555XIL,Prevalences of parasitized and hyperparasitized crabs near South Georgia,"['JK36743U', 'P8HY7EQP']"
42JF3LB4,First 3D reconstruction of the rhizocephalan root system using MicroCT,"['JK36743U', 'P8HY7EQP']"
HS7QHTV7,Introduction to the Rhizocephala (Crustacea: Cirripedia),"['JK36743U', 'P8HY7EQP']"
MQ9VICKB,Comparative ultrastructure of the root system in Rhizocephalan barnacles (Crustacea: Cirripedia: Rhizocephala),"['JK36743U', 'P8HY7EQP']"
H42N87QZ,The biology and life cycle of the Rhizocephala (Cirripedia),"['JK36743U', 'P8HY7EQP']"
REGWMSUL,"The Phylogenetic Position of the Enigmatic, Polypodium hydriforme (Cnidaria, Polypodiozoa): Insights from Mitochondrial Genomes",['JK36743U']
J77WRMRB,"Fight not flight: parasites drive the bacterial evolution of resistance, not avoidance",['JK36743U']
QGMLKSSY,Cancer spares no one: First record of neoplasm in parasitic barnacles (Arthropoda: Rhizocephala),"['JK36743U', 'P8HY7EQP']"
TYSZPY49,From head to rootlet: comparative transcriptomic analysis of a rhizocephalan barnacle Peltogaster reticulata (Crustacea: Rhizocephala),"['JK36743U', 'P8HY7EQP']"
867AWZDE,Genome Evolution: On the Road to Parasitism,['JK36743U']
DCD4ZE4P,"Life cycle, cytology, and morphology of Polypodium hydriforme, a coelenterate parasite of the eggs of acipenseriform fishes",['JK36743U']
D434B7Z5,"First record of the hyperparasite Liriopsis pygmaea (Cryptoniscidae, Isopoda) from a rhizocephalan parasite of the false king crab Paralomis granulosa from the Beagle Channel (Argentina), with a redescription","['JK36743U', 'P8HY7EQP']"
3SILJKFF,The unwanted guests of hermits: A global review of the diversity and natural history of hermit crab parasites,"['JK36743U', 'P8HY7EQP']"
VBCEVJ3J,TO ITS HOST PAGURUS BERNHARDUS (L.),"['JK36743U', 'P8HY7EQP']"
PBPEEPGQ,"The evolutionary diversity of barnacles, with an updated classification of fossil and living forms","['6IIWZZJA', 'JK36743U', 'P8HY7EQP']"
LU4NUYGI,Remarkable convergent evolution in specialized parasitic Thecostraca (Crustacea),"['JK36743U', 'P8HY7EQP']"
G4R5ZCDK,Life Cycle and Life History Strategies of Parasitic Crustacea,"['JK36743U', 'P8HY7EQP']"
5YHXCP57,Invasive vermigon stage in the parasitic barnacles Loxothylacus texanus and L. panopaei (Sacculinidae): closing of the rhizocephalan life-cycle,"['JK36743U', 'P8HY7EQP']"
Q88BXMPP,Infestation of parasitic barnacle Sacculina spp. in commercial marine crabs,"['JK36743U', 'P8HY7EQP']"
5L555XIL,Prevalences of parasitized and hyperparasitized crabs near South Georgia,"['JK36743U', 'P8HY7EQP']"
42JF3LB4,First 3D reconstruction of the rhizocephalan root system using MicroCT,"['JK36743U', 'P8HY7EQP']"
HS7QHTV7,Introduction to the Rhizocephala (Crustacea: Cirripedia),"['JK36743U', 'P8HY7EQP']"
MQ9VICKB,Comparative ultrastructure of the root system in Rhizocephalan barnacles (Crustacea: Cirripedia: Rhizocephala),"['JK36743U', 'P8HY7EQP']"
H42N87QZ,The biology and life cycle of the Rhizocephala (Cirripedia),"['JK36743U', 'P8HY7EQP']"
QGMLKSSY,Cancer spares no one: First record of neoplasm in parasitic barnacles (Arthropoda: Rhizocephala),"['JK36743U', 'P8HY7EQP']"
TYSZPY49,From head to rootlet: comparative transcriptomic analysis of a rhizocephalan barnacle Peltogaster reticulata (Crustacea: Rhizocephala),"['JK36743U', 'P8HY7EQP']"
NQQLCB72,Artificial Life (Santa Fe Institute Studies in the Sciences -- Christopher G Langton Interdisciplinary Workshop on the -- Santa Fe Institute Studies -- isbn13 9780201093469 – 78c54e59675d45ba5d4fa24b.djvu,['X8BMQW6T']
ZGBBCLAU,Human brain effects of DMT assessed via EEG-fMRI,['X8BMQW6T']
DU5U79UQ,ECAL 2017,"['RI88WT7S', 'X8BMQW6T']"
VNSZLJHP,Proceedings of the Artificial Life Conference 2016,"['HIRGYWDY', 'X8BMQW6T']"
BLGVJXUS,Proceedings of the European Conference on Artificial Life 2015,"['EZIPJ7VU', 'X8BMQW6T']"
GU9XLB6I,"Advances in Artificial Life, ECAL 2011 Proceedings of the Eleventh European Conference on the Synthesis and Simulation of Living Systems","['NRTBBGDD', 'X8BMQW6T']"
ST95WEUT,2014_9780262326216_Artificial_Life_2014.pdf,['X8BMQW6T']
IUL9DKHC,2013_Advances in Artificial Life ECAL 2013.pdf,['X8BMQW6T']
8JV8KTWN,2012_9780262310505_Artificial_Life_13.pdf,['X8BMQW6T']
84RXHCKL,The 2018 Conference on Artificial Life (full proceedings pdf),"['HSCXCPB4', 'X8BMQW6T']"
4FBLBLIS,The 2019 Conference on Artificial Life (full proceedings pdf),"['SNR46C32', 'X8BMQW6T']"
E63EINFN,The 2020 Conference on Artificial Life (full proceedings pdf),"['W2P8L2M2', 'X8BMQW6T']"
M8YBKENJ,The 2021 Conference on Artificial Life (full proceedings pdf),"['BRYRT8V7', 'X8BMQW6T']"
YRUFR7GB,The 2022 Conference on Artificial Life (full proceedings PDF),"['UVWPZ5R6', 'X8BMQW6T']"
9MXRL6N7,ALIFE ISAL 2023 Complete Proceedings PDF,"['FTMNZCJG', 'X8BMQW6T']"
FGJ7VXBL,Hybrid Modelling of Stimuli-Based and Density-Induced Aggregation in C. elegans,['IDKY84XG']
TPIWZ923,On the de novo Evolution of Mutualism in Symbulation,['IDKY84XG']
7V3YLTQG,Coralai: Intrinsic Evolution of Embodied Neural Cellular Automata Ecosystems,['IDKY84XG']
Y64CKII8,Aevol_4b: Bridging the gap between artificial life and bioinformatics,['IDKY84XG']
Z5IUWNDF,Plasticity in Swarming Behavior: Introducing Social Network to Boids Model,['IDKY84XG']
BV3K5TBV,Power-Sensitive Design using Higher-Order Cybernetics Patterns,['IDKY84XG']
DJJ6ZPW7,Planetary regulation on the test tube: a synthetic Daisyworld,['IDKY84XG']
M8GVVUQA,Trackable Agent-based Evolution Models at Wafer Scale,['IDKY84XG']
I8ZKTUHC,Strong leaders don’t cheat: an evolutionary appraisal of population heterogeneity and leadership,['IDKY84XG']
DQRHKCYV,Zealot Detection in Probabilistic Social Learning Using Bounded Confidence,['IDKY84XG']
PKDA6CSY,Floatiles: Self-Assembly Based On Cheerios Effect and Aperiodic Monotiles,['IDKY84XG']
CGICM78Z,Evolution of Rewards for Food and Motor Action by Simulating Birth and Death,['IDKY84XG']
CPZPEEFE,Towards understanding the eco-evo-devo of artificial creatures in 3D physical simulation,['IDKY84XG']
C3CM3NFA,Machine-learning-based prediction of DNA structure volume for Quality-Diversity exploration,['IDKY84XG']
VYKV63VU,Speculating on Blockchain as an Unstoppable ‘Nature’ Towards the Emergence of Artificial Life,['IDKY84XG']
C3WFDX9V,"Fundamental Vision-Based Navigation Algorithms: Local Sequential, Global Diffusive, and Direct Pathing",['IDKY84XG']
XE9H63GB,Networks of Binary Necklaces Induced by Elementary Cellular Automata Rules,['IDKY84XG']
J4YQUIHS,Institutional Incentives for promoting Evolution of Commitment Compliance and Cooperation in Spatial Public Goods Games,['IDKY84XG']
YGCE33B5,Predicting the Unpredictable: Using replay experiments to disentangle how evolutionary outcomes are altered by adaptive momentum,['IDKY84XG']
FG59887L,Toward Artificial Open-Ended Evolution within Lenia using Quality-Diversity,['IDKY84XG']
2JMNVPWS,I Like to Move It: Using Information Theory to Measure Sensorimotor Coupling in Cells,['IDKY84XG']
X8FHTL9F,Non-Platonic Autopoiesis of a Cellular Automaton Glider in Asymptotic Lenia,['IDKY84XG']
VSM8BDV7,The Effect of Noise on the Density Classification Task for Various Cellular Automata Rules,['IDKY84XG']
2PQTLE87,Spatial Community Structure Promotes Extremism in an Adaptive Spatial Social Network Model,['IDKY84XG']
H4XZF5FM,Movement of Micrometer Sized Oil Droplets in Aqueous Solutions Follows Ion Movement,['IDKY84XG']
2ELQSGTJ,Exploring Affordances in Open-Ended Online Collective Robotics,['IDKY84XG']
579D9P95,Lattice reservoirs: symmetry breaking and information flow in physical reservoir computing,['IDKY84XG']
ABNVFW4Z,Untangling the Effects of Down-Sampling and Selection in Genetic Programming,['IDKY84XG']
UADMNFM6,Refractive Computation: parallelizing logic gates across driving frequencies in a mechanical polycomputer.,['IDKY84XG']
3TTB7PNV,Thermina: A minimal model of autonomous agency from the lens of stochastic thermodynamics,['IDKY84XG']
SMA7M9X5,"AI, Mortality and Existential Risk",['IDKY84XG']
7JMLAG4L,Breaking Echo Chambers in Opinion Dynamics with Spatial Information,['IDKY84XG']
LHRDBGDG,(Un)sustainable structural coupling – a testimony for snail intelligence,['IDKY84XG']
RDXDVWLK,Unlocking Nature’s Design through Neural Cellular Automata,['IDKY84XG']
L9ZZJPDG,Incorporating Social Expectations into the Expectation Event Calculus,['IDKY84XG']
EEF6NFQK,Simulating an Artificial Biome of Plants with Biomaker CA,['IDKY84XG']
EARGN8HL,Hash Chemistry on a Cellular Grid: An Open-Ended Artificial Chemistry System with Computational Efficiency and Nontrivial Spatio-Temporal Dynamics,['IDKY84XG']
E43HKE7H,Autopoiesis in RealLife Euclidean Automata,['IDKY84XG']
F3M2IIYB,Programming Weakly Connected Chemical Oscillators to Simulate Logic Gates and Cellular Automata,['IDKY84XG']
AVIJ82UV,Enabling Evolvability with Neutral Networks in Multiscale Neural Cellular Automata,['IDKY84XG']
IA5P8QBB,The role of n in the n-mates evaluation method: a quantitative analysis,['IDKY84XG']
4RUUAXNW,Only ad-hoc solutions can solve the shutdown problem,['IDKY84XG']
WQFSM4AW,Self-Replicating Prompts for Large Language Models: Towards Artificial Culture,['IDKY84XG']
MCKLCMPN,Scalable and Stable Patterns Generated by Heterogeneous Boid,['IDKY84XG']
W5N4ZWQM,Chemical autonomous agents: reverse-engineering artificial life under the free-energy principle,['IDKY84XG']
UARNKFLW,Reconstruction and analysis of roaming termites’ dynamical networks,['IDKY84XG']
KVFWYYVF,Quantifying Autonomy in Ant Colonies Using Non-Trivial Information Closure,['IDKY84XG']
3GRZ3PTK,Myelin Figures Formation from Oil Droplets in Surfactants: Insights for Wet Artificial Life,['IDKY84XG']
Z4FTMEXX,Latent Neural Cellular Automata for Resource-Efficient Image Restoration,['IDKY84XG']
NJBQD7H6,Flying Bit in a Model of Excitable Media on Face-centered Cubic Lattice,['IDKY84XG']
X6LMM8JC,Decentralized cellular timekeeping based on entropy as a regulatory mechanism for growth and aging,['IDKY84XG']
5IVMP6I3,A Simulation Environment for the Neuroevolution of Ant Colony Dynamics,['IDKY84XG']
V97EJJKQ,Gene-Regulated Neural Cellular Automata,['IDKY84XG']
JY2AQL72,Emergent Dynamics in Neural Cellular Automata,['IDKY84XG']
Z839IAJQ,Asymmetrical division in protocells,['IDKY84XG']
QHNZM599,Adapting to time: why nature chose to evolve a diverse set of neurons,['IDKY84XG']
CCGQSMSG,Developmentally Morpho-Motor Coupled Systems Using Neural Cellular Automata,['IDKY84XG']
NYUKB7R4,The Simsulator: An interactive evolved virtual creature testbed,['IDKY84XG']
UWLUQ54B,Takorobo: Towards Closed-Loop Body-Driven Locomotion Processing,['IDKY84XG']
LJEQVGDE,A Deep Learning Approach to Understanding the Integration of Tools into Body Schema,['IDKY84XG']
3YRN7GNL,"Towards Stepping Stones in Goal-Directed Search: Improving Image Perceptual Similarity by combining Evolution, Backpropagation, and Fourier Transforms",['IDKY84XG']
VQC35N5W,The Digital Gallows: Threat of Institutional Punishment Fosters the Emergence of Cooperation,['IDKY84XG']
HHPXWW3D,Surface directed protocell formation,['IDKY84XG']
M3ZSD4AA,Specialization or Generalization: Investigating NeuroEvolutionary Choices via Virtual fMRI,['IDKY84XG']
932HX887,Spatial sensitivity of the evolutionary swarm chemistry model,['IDKY84XG']
USSZ3BW2,Selection Driven Scaling Regimes in Assembly Theory,['IDKY84XG']
ACHSW8SX,Reality of Affordances: A Category-Theoretic Approach,['IDKY84XG']
UQTQJWYP,Self-propulsion of 3-Phenylpropionaldehyde droplets,['IDKY84XG']
LYDGZ7MS,Self-Adaptive Robustness of Applied Neural-Network-Soups,['IDKY84XG']
C9SRXFCZ,Planetary Scale Replication as an Agnostic Biosignature,['IDKY84XG']
LP88R56X,Phylogeny-Informed Interaction Estimation Accelerates Co-Evolutionary Learning,['IDKY84XG']
R27CEMQF,On the Emergence of Enzymes in an Artificial Chemistry,['IDKY84XG']
QMUZB3UG,Problem-Solving in Language Model Networks,['IDKY84XG']
KAMUQA6U,Phenotypic Species Definitions for Genetic Improvement of Source Code,['IDKY84XG']
3FDHKA2A,Parameterising a Computational model of Supercoiling in Plasmid DNA with Biophysics modeling,['IDKY84XG']
MJ5KTHBR,Ouroborotic Swarm Control: Collective Dynamics as a Reservoir,['IDKY84XG']
KRVU4X6X,On Creativity and Open-Endedness,['IDKY84XG']
JBTUB8K5,On All Fours: A 3D Framework to Study Closed-loop Control of Quadrupedal Mouse Locomotion,['IDKY84XG']
BLYTP2WN,NoiseNCA: Noisy Seed Improves Spatio-Temporal Continuity of Neural Cellular Automata,['IDKY84XG']
WJBN8LPW,"Modular Growth of Hierarchical Networks: Efficient, General, and Robust Curriculum Learning",['IDKY84XG']
IXB5GKPE,Modeling language contact with the Iterated Learning Model,['IDKY84XG']
KQHEQ9Z2,Mimicry and the Emergence of Cooperative Communication,['IDKY84XG']
2ZE4FTTQ,Methods to Estimate Cryptic Sequence Complexity,['IDKY84XG']
2GWGLUWL,Non-Spatial Hash Chemistry,['IDKY84XG']
7D8SRL6T,Neural Lindenmayer Systems,['IDKY84XG']
77FW2YBS,Minimal Self in Humanoid Robot “Alter3” Driven by Large Language Model,['IDKY84XG']
H5V75TZE,Meta-Learning an Evolvable Developmental Encoding,['IDKY84XG']
8N7K6IBR,Large Language Models as In-context AI Generators for Quality-Diversity,['IDKY84XG']
7MGU9JZL,ISiCell: A Participatory Methodology and Platform for Collaborative Agent-Based Modeling in Cell Biology,['IDKY84XG']
4SJA6CWH,Interactive Experiences with a Web-based Drummer Bot for Finger-Tapping,['IDKY84XG']
6ANETSGI,JaxLife: An Open-Ended Agentic Simulator,['IDKY84XG']
86Y3DIEH,Indirect reciprocity with stochastic and dual reputation updates,['IDKY84XG']
TEC725TE,From Text to Life: On the Reciprocal Relationship between Artificial Life and Large Language Models,['IDKY84XG']
32XU7ZAJ,Evolution and Analysis of Respiratory Odor Navigation in Embodied Agents,['IDKY84XG']
V3KS8EIT,Environmental connectivity influences the origination of adaptive processes,['IDKY84XG']
Y5PE2FUW,Evolving Self-Assembling Neural Networks: From Spontaneous Activity to Experience-Dependent Learning,['IDKY84XG']
N3CTUYTG,Evolving Collective Behavior in Self-Organizing Particle Systems,['IDKY84XG']
U4FPBAUN,Evolution of Cooperation via Joint Commitments and Reputation,['IDKY84XG']
UUAQB384,Evolution of Embodied Agents on a Numerical Cognition Task: Sequential Counting,['IDKY84XG']
PG6F2ZS6,Emergent Orchestras: A Modular Framework for Musical Robot Swarms,['IDKY84XG']
NG8GK9RY,How to reduce a genome? ALife as a tool to teach the scientific method to school pupils,['SNR46C32']
5CPEFLM7,Extended Artificial Pheromone System for Swarm Robotic Applications,['SNR46C32']
6QIX8LX2,Analyzing Evolution of Avian Influenza using detailed Genotypic and Antigenic Models and Phylodynamic Simulation,['SNR46C32']
YSM3GRXX,Inferring a Graph’s Topology from Games Played on It,['SNR46C32']
5WRU7JI9,A-life Evolution with Human Proxies,['SNR46C32']
CAGNUXUB,Generating urban morphologies at large scales,['SNR46C32']
BFR2VCFU,Organic Selection and Social Heredity: The Original Baldwin Effect Revisited,['SNR46C32']
JGCZWDA5,Self-optimization in a Hopfield neural network based on the C. elegans connectome,['SNR46C32']
TRXMXG3D,An Object Oriented Implementation of the MetaChem framework,['SNR46C32']
WE7J4HMD,Preface,['SNR46C32']
FATCRJKT,Data Standards for Artificial Life Software,"['QJ2I8FDW', 'SNR46C32']"
3MZDBGDR,A Candidate Self-Propagating System Enriched by Chemical Ecosystem Selection,['SNR46C32']
HE3KAZ3H,Periodic collective behaviors of organic solvent droplets on the surface of aqueous surfactant solutions,['SNR46C32']
3SIYEPQ4,Autocatalysis in a Hierarchically Organized Inorganic Chemical Network,['SNR46C32']
NK9S2HDF,Droplet based synthetic biology: chemotaxis and interface with biology,['SNR46C32']
ERZY8WWQ,Synthetic Biology in the Brain: A Vision of Organic Robots,['SNR46C32']
WQIWGZ3T,Collective Change Detection: Adaptivity to Dynamic Swarm Densities and Light Conditions in Robot Swarms,['SNR46C32']
FTACYB5V,Collective Event Detection Using Bio-inspired Minimalistic Communication in a Swarm of Underwater Robots,['SNR46C32']
MJ63UGQS,Engineering Application of Non-Reciprocal-Interaction-Based (NRIB) Model: Swarm Robotic System That Can Perform Spatially Distributed Tasks in Parallel,['SNR46C32']
WXQEGAWS,Modeling Fast and Robust Ant Nest Relocation using Particle Swarm Optimization,['SNR46C32']
AT8KHT2N,On information-optimal scripting of actions,['SNR46C32']
5D8FIAUI,Applying Social Network Analysis to Agent-Based Models: A Case Study of Task Allocation in Swarm Robotics Inspired by Ant Foraging Behavior,['SNR46C32']
28EGMPI3,Emergent Escape-based Flocking behavior using Multi-Agent Reinforcement Learning,['SNR46C32']
X6PXTW58,Guiding aggregation dynamics in a swarm of agents via informed individuals: an analytical study,['SNR46C32']
MF4UEILY,Different Forms of Random Motor Activity Scaffold the Formation of Different Habits in a Simulated Robot,['SNR46C32']
FVX5P8JU,Evolutionary Synthesis of Sensing Controllers for Voxel-based Soft Robots,['SNR46C32']
4RJQ8UUR,Ego-Noise Predictions for Echolocation in Wheeled Robots,['SNR46C32']
57MLVQCV,Improve Quadrupedal Locomotion with Actuated or Passive Joints?,['SNR46C32']
G86WAAC6,The Limits of Lexicase Selection in an Evolutionary Robotics Task,['SNR46C32']
PTI8JZG7,Neuroevolution of Humanoids that Walk Further and Faster with Robust Gaits,['SNR46C32']
EKFXH4ET,Artificial Ant Colonies for Adaptive Rewards in Serious Games,['SNR46C32']
BZR2HHIC,Spatial Representation of Self and Other by Superposition Neural Network Model,['SNR46C32']
LFXFMGAM,Morphogenetic Vase Forms,['SNR46C32']
MGMJT26A,Gathering of the Hive: Investigating the clustering behaviour of honeybees through art and swarm robotics,['SNR46C32']
PH8IA7GP,The Effects of Individual and Social Learning on the Evolution of Cognitive and Communicative Aspects of Language Abilities,['SNR46C32']
EQD86AUP,Edge of Chaos: Artificial Life based interactive art installation,['SNR46C32']
EDZL92ER,Measuring properties of movement in populations of evolved 3D agents,['SNR46C32']
FV3BP5X9,When is an action caused from within? Quantifying the causal chain leading to actions in simulated agents,['SNR46C32']
7DB6M9RT,Stability of Cooperation in Societies of Emotional and Moody Agents,['SNR46C32']
WQZZWS3J,Robotic models of obstacle avoidance in bats: assessing the benefit of acoustic gaze scanning in complex environments,['SNR46C32']
HSE3U38W,Evolution of metamemory ability by artificial neural networks with neuromodulation,['SNR46C32']
LT22H5QQ,Autopoiesis in digital learning design: Theoretical implications in education,['SNR46C32']
NH6KG6XL,Effects of Visual Sensory Range on the Emergence of Cognition in Early Terrestrial Vertebrates: An Agent-Based Modeling Approach,['SNR46C32']
C7P6CFVB,DNN Architecture for High Performance Prediction on Natural Videos Loses Submodule’s Ability to Learn Discrete-World Dataset,['SNR46C32']
XADGE6BB,The role of ambient noise in the evolution of robust mental representations in cognitive systems,['SNR46C32']
GD7N5FY4,Self-Replication in Neural Networks,['SNR46C32']
6WW9V9HN,Probabilistic Program Neurogenesis,['SNR46C32']
AC66YZE4,Evolving Recurrent Neural Network Controllers by Incremental Fitness Shaping,['SNR46C32']
PHLPLCIR,Maximization of Transfer Entropy leads to Evolution of Functional Differentiation of Swarms,['SNR46C32']
BEUIEGN3,Graph Product Representation of Organism-Environment Couplings in Evolution,['SNR46C32']
I2KF6UXE,The Cost of Big Brains in Groups,['SNR46C32']
ESJYBBG5,The impact of environmental history on evolved robot properties,['SNR46C32']
834XKMSU,Modulating Interaction Times in an Artificial Society of Robots,['SNR46C32']
FMKTB9CB,Evolutionary rates of information gain and decay in fluctuating environments,['SNR46C32']
6CR6M7T4,To Evolve or Not to Evolve? That is the Question,['SNR46C32']
FDQM9S75,Towards modelling social habits: an organismically inspired evolutionary robotics approach,['SNR46C32']
263FMY6H,Factors that Affect the Evolution of Complex Cooperative Behavior,['SNR46C32']
IUJVLS6R,Promoting Cooperation through External Interference,['SNR46C32']
UQSZPE3Z,Simplified Modeling of the Evolution of Skills in a Spatially Resolved Environment,['SNR46C32']
NZCGSPVK,Continuous Long-Term Evolution of Genetic Programming,['SNR46C32']
MK7A8C5B,Acclivation of Virtual Fitness Landscapes,['SNR46C32']
8RJEGGQM,Speciation under changing environments,['SNR46C32']
HQWWGBH5,Reproductive division of labor in a colony of artificial ants,['SNR46C32']
F8A7BAGT,Environmental Harshness and Fitness Improving Innovations,['SNR46C32']
EJ5XGA8R,Toward the Self-Organisation of Emergency Response Teams Based on Morphogenetic Network Growth,['SNR46C32']
WIQHATSG,Convolutional Neural Networks for Cellular Automata Classification,['SNR46C32']
4L7M4998,Exogenous Rewards for Promoting Cooperation in Scale-Free Networks,['SNR46C32']
AAH3F2WQ,Towards Complex Artificial Life,['SNR46C32']
2LHIPTCF,Biochemical networks display universal structure across projections and levels of organization,['SNR46C32']
DG6XLLYZ,Inferring Swarm Models Using a Single Monitoring Robot,['SNR46C32']
PK44U7VB,Complex Systems and Artificial Life: A Decade’s Overview,['SNR46C32']
XS6MJ8PN,Steering the Growth of Adaptive Self-Preserving Dissipative Structures,['SNR46C32']
Q4DIVN8Z,Horizontal Gene Transfer Leads to Increased Task Acquisition and Genomic Modularity in Digital Organisms,['SNR46C32']
N5PYYYTW,Optimizing Radiation Therapy Treatments by Exploring Tumour Ecosystem Dynamics in – silico,['SNR46C32']
D5NEHRD4,Anomalies in the Behaviour of a Modularity Inducing Problem Domain,['SNR46C32']
33YMJYRR,A reaction-diffusion model for simulating the oscillatory expansion of biofilms,['SNR46C32']
S4LXEQNH,A simplified model of chromatin dynamics drives differentiation process in Boolean models of GRN,['SNR46C32']
CBKIL44G,On Sexual Selection in the Presence of Multiple Costly Displays,['SNR46C32']
5WT5FIDH,Attractor Landscapes and Information Processing by Convective Obstacle Flows,['SNR46C32']
RCPAV2DI,A Hexagonal Cell Automaton Model to Imitate Physarum Polycephalum Competitive Behaviour,['SNR46C32']
DW5BY2NF,Investigating the Origins of Cancer in the Intestinal Crypt with a Gene Network Agent Based Hybrid Model,['SNR46C32']
5ZXIUHXZ,Fairness in Multiplayer Ultimatum Games Through Moderate Responder Selection,['SNR46C32']
3BE5RD9U,Being a leader or being the leader: The evolution of institutionalised hierarchy,['SNR46C32']
BT56IN3H,Emergence of Coordination with Asymmetric Benefits via Prior Commitment,['SNR46C32']
WPHKRN45,Only Two Types of Strategies Enforce Linear Payoff Relationships Under Observation Errors in Repeated Prisoner’s Dilemma Games,['SNR46C32']
VX6XNUR7,Entropy-Based Team Self-Organization with Signal Suppression,['SNR46C32']
X8DM8UTR,On the Expected Number and Distribution of Equilibria in Multi-player Evolutionary Games,['SNR46C32']
43MLX4BH,All in Good Team: Optimising Team Personalities for Different Dynamic Problems and Task Types,['SNR46C32']
IHGCAE6I,Pathways to Good Healthcare Services and Patient Satisfaction: An Evolutionary Game Theoretical Approach,['SNR46C32']
UM9SFS6E,Building a survivable protocell for a corrosive digital environment,['SNR46C32']
BYP9EZ4N,The ARE Robot Fabricator: How to (Re)produce Robots that Can Evolve in the Real World,['SNR46C32']
9S882RF9,Heuristics as Decision-making Habits of Autonomous Sensorimotor Agents,['SNR46C32']
2FPXFKND,Sensorimotor contingency modulates visual awareness of virtual 3D objects,['SNR46C32']
QIQ58MFV,Hybrid Variational Predictive Coding as a Bridge between Human and Artificial Cognition,['SNR46C32']
RFWXER8F,A Meta-Atom Based Sub-Symbolic Artificial Chemistry,['SNR46C32']
VANYLWR8,Reinforcement Learning Agents acquire Flocking and Symbiotic Behaviour in Simulated Ecosystems,['SNR46C32']
J8X5E7SG,Void Reduction in Self-Healing Swarms,['SNR46C32']
LS5VVJGK,From embodied interaction to compositional referential communication: A minimal agent-based model without dedicated communication channels,['SNR46C32']
GCUDM45E,Insect-Inspired Visual Navigation On-Board an Autonomous Robot: Real-World Routes Encoded in a Single Layer Network,['SNR46C32']
7V6CRXQ2,"The dark room problem in predictive processing and active inference, a legacy of cognitivism?",['SNR46C32']
G64YHVHP,Intrinsic Mortality Governs Evolvability,['HSCXCPB4']
A8EE773F,Adaptive Properties of the Amino Acid Alphabet and its Subsets,['HSCXCPB4']
E2ZQ3YFM,On the Origin of Gliders,"['HSCXCPB4', 'IZNW4QD2']"
2G23JAGM,The Surprising Creativity of Digital Evolution,['HSCXCPB4']
DT4CV6UA,A Chemical Ecosystem Selection Approach for Generating Evolvable Chemical Systems in Vitro,['HSCXCPB4']
HL9HUASX,Past Visions of Artificial Futures: One Hundred and Fifty Years under the Spectre of Evolving Machines,['HSCXCPB4']
SXESTMJN,Preface,['HSCXCPB4']
RBBQBUWJ,Quantifying the Tape of Life: Ancestry-based Metrics Provide Insights and Intuition about Evolutionary Dynamics,"['HSCXCPB4', 'QJ2I8FDW']"
TGMA44XU,Robust Very Small Spiking Neural Networks Evolved with Noise to Recognize Temporal Patterns,['HSCXCPB4']
PMNZVXND,Emergence of Chaotic Time Series by Adversarial Imitation Learning,['HSCXCPB4']
9FQTVYXS,Evolution leads to a diversity of motion-detection neuronal circuits,['HSCXCPB4']
D5TZ92T6,Enhanced Optimization with Composite Objectives and Novelty Selection,['HSCXCPB4']
BTG9EQCU,Human Cooperation and the Complexity of Moral Codes,['HSCXCPB4']
Z6EH3JCB,The effects of morphology and fitness on catastrophic interference,['HSCXCPB4']
SC2B243J,Signals in the Dark: What factors select for the evolution of cooperation controlled by quorum sensing?,['HSCXCPB4']
WPTGZ8Q8,Transfer of Information in Collective Decisions by Artificial Agents,['HSCXCPB4']
ENNJJGXJ,Mechanisms of Switching Response to External Phosphate Levels in Escheria coli,['HSCXCPB4']
26J6GMYR,Autonomously Moving Pine Cone Robot: Using Pine Cones as Natural Hygromorphic Actuators and as Components of the Mechanism.,['HSCXCPB4']
5CAVSJNZ,Dynamic mutation in MAP-Elites for robotic repertoire generation,['HSCXCPB4']
G8GTGSJR,Tiebreaks and Diversity: Isolating Effects in Lexicase Selection,['HSCXCPB4']
R4ATAB5G,Coping with Uncertainty: Modelling Personality when Collaborating on Noisy Problems,['HSCXCPB4']
PSS3DRCI,On the Potential Benefits of Knowing Everything,['HSCXCPB4']
RPDE6F69,Architectural Design by Cellular Growth Algorithm,['HSCXCPB4']
BG4HEVW7,Robustness and Evolvability of Multilayer Gene Regulatory Networks,['HSCXCPB4']
Z42RZU7L,Decentralized Control Scheme for Swarm Robots with Self-Sacrific,['HSCXCPB4']
P699SJQ4,Interacting Hierarchical Dynamic Networks,['HSCXCPB4']
PQTTH9N8,Selective Synthesis of Hyperbranched Polyesters under Wet-Dry Cycling Conditions,['HSCXCPB4']
S4KNGQ7V,Better red than dead: On the influence of Oil Red O dye on complexity of evolution of a camphor-paraffin droplet on the water surface,['HSCXCPB4']
3JVGJJSW,Information processing using a single Izhikevich neuron,['HSCXCPB4']
2TTMI9J8,"Evolving Robust, Deliberate Motion Planning With a Shallow Convolutional Neural Network",['HSCXCPB4']
86NRZFGN,How the integration of group and individual level selection affects the evolution of cooperation,['HSCXCPB4']
YEG6DC62,A Large-Scale 3D Simulation of Continuous Social Dynamics using Social Particle Swarm Model on Parallel Architecture,['HSCXCPB4']
2M7B52GN,Oscillating population dynamics and evolution of host and parasitic RNAs in an artificial cell,['HSCXCPB4']
GS7LWFPV,Evolutionary Emergence of Path Formation with Autonomous Specialization in a Robotic Swarm,['HSCXCPB4']
4B4D5LZ2,Being curious about the answers to questions: novelty search with learned attention,['HSCXCPB4']
S5JBJ43I,Self-Organization and Artificial Life: A Review,['HSCXCPB4']
67KFGMCW,Addressing the Soft Impacts of Weak AI-Technologies,['HSCXCPB4']
E88Y96RY,Synthesizing Research on the Generation and Maintenance of Population Diversity,['HSCXCPB4']
YMEXD998,Endogenous and Exogenous Bursts in a Honey Bee Hive,['HSCXCPB4']
LGKJWST2,Multilevel Selection Can Lead to Cooperation in a Public Goods Game,['HSCXCPB4']
43XYQP3W,A Fast and Reliable Hybrid Approach for Inferring L-systems,['HSCXCPB4']
WKGNIIUT,Making sense of nonsense: Evolutionary Emergence of Perceptual Assimilation of Environment in Agent Based System,['HSCXCPB4']
MXGPXP6E,On the Role of Mobility and Interaction Topologies in Social Dilemmas,['HSCXCPB4']
SLE5HULT,The effect of periodic changes in the fitness landscape on brain structure and function,['HSCXCPB4']
6QG8QKUP,Embodied Embeddings for Hyperneat,['HSCXCPB4']
9KVGCLTW,An evolutionary analysis of Artificial Life publications,['HSCXCPB4']
EQ2ZQXJ3,Evolution of Cooperation through Genetic Collective Learning and Imitation in Multiagent Societies,['HSCXCPB4']
Z9XHF6CC,Testing Three Hypotheses of the Contribution of Geometry and Migration Dynamics to Intestine Crypt Evolution,['HSCXCPB4']
PXUK6G39,Towards the Mind of a Humanoid: Does a Cognitive Robot Need a Self? - Lessons from Neuroscience,['HSCXCPB4']
EEXPJY6A,Agency and Integrated Information in a Minimal Sensorimotor Model,['HSCXCPB4']
BTYJAHSL,Quantifying Information Modification in Cellular Automata using Pointwise Partial Information Decomposition,['HSCXCPB4']
I5ZF4P6J,Information integration in a globally coupled chaotic system,['HSCXCPB4']
4JMEZFQ3,Topological resilience in non-normal networked systems,['HSCXCPB4']
9GFY7SEA,Cooperation in Repeated Rock-Paper-Scissors Games in Uncertain Environments,['HSCXCPB4']
UWKNU3PR,The structure of evolved representations across different substrates for artificial intelligence,['HSCXCPB4']
PAJY3WBF,Multi-modeling the morphogenesis of transportation networks,['HSCXCPB4']
2SPMCIEB,Exploring Exploration Catastrophes in Various Network Models,['HSCXCPB4']
YMEYVTRF,"The fittest, the common, and the dullest: Selection dynamics of exact autocatalytic replicators",['HSCXCPB4']
QD3Z5L6N,An Artificial Life perspective on traditional Pacific wave navigation,['HSCXCPB4']
EUYH2QG6,From Physics to Pattern: Uncovering Pattern Formation in Tissue Electrophysiology,['HSCXCPB4']
M7VEXIUG,Modular Neural Control for Bio-Inspired Walking and Ball Rolling of a Dung Beetle-Like Robot,['HSCXCPB4']
MQCRM52V,Analysing the Relative Importance of Robot Brains and Bodies,['HSCXCPB4']
6GMP575C,Viva in Silico: A position-based dynamics model for microcolony morphology simulation,['HSCXCPB4']
AHWXR4S2,Evolving Reactive Agents with SignalGP,['HSCXCPB4']
XFFNY3XK,Modular combinations of Artificial Chemistries,['HSCXCPB4']
GTFAKXA7,Investigations of an Adaptive and Autonomous Sensorimotor Individual,['HSCXCPB4']
BD4BFPS9,Systematic self-exploration of behaviors for robots in a dynamical systems framework,['HSCXCPB4']
S7N2TQU8,Multi-objective Strategies for Exploring Form and Function in Crustaceans,['HSCXCPB4']
4YC4GCZI,"Toward a Synthetic Acoustic Ecology: Sonically Situated, Evolutionary Agent Based Models of the Acoustic Niche Hypothesis",['HSCXCPB4']
9HXVYBZ7,The Evolution of Training Parameters for Spiking Neural Networks with Hebbian Learning,['HSCXCPB4']
A9IKX3JS,Behavioral Stability in the Face of Neuromodulation in Brain-Body-Environment Systems,['HSCXCPB4']
LSQM4KUC,Navigating with distorted grid cells,['HSCXCPB4']
SZNLDHZZ,Investigating Open-Ended Coevolution in Digital Organisms,['HSCXCPB4']
YF8WI923,Can justice be fair when it is blind? How social network structures can promote or prevent the evolution of despotism,['HSCXCPB4']
B5PEIFUB,Multiplayer Ultimatum Games and Collective Fairness in Networked Communities,['HSCXCPB4']
LIU8IE9U,Zero-Determinant Strategies in Repeated Prisoner’s Dilemma Games,['HSCXCPB4']
APDD8JZZ,"The Complexity Ratchet: Stronger than selection, weaker than robustness",['HSCXCPB4']
JQGG94Q9,Locomotion as a Result of Displacement of Resources,['HSCXCPB4']
YA9M7YA5,Effects of Selection Preferences on Evolved Robot Morphologies and Behaviors,['HSCXCPB4']
KRY8DNN4,Stochastic Ontogenesis in Evolutionary Robotics,['HSCXCPB4']
7WE69JPP,Modeling Cell Migration in a Simulated Bioelectrical Signaling Network for Anatomical Regeneration,['HSCXCPB4']
49LJ5EDN,Holonic Cellular Automata: Modelling Multi-level Self-organisation of Structure and Behaviour,['HSCXCPB4']
G4S4JUZH,Neural Network Quine,['HSCXCPB4']
AX8583SS,Improving performance in distributed embodied evolution: Distributed Differential Embodied Evolution,['HSCXCPB4']
QQXY9KVC,Behavioral search drivers and the role of elitism in soft robotics,['HSCXCPB4']
8WU5ENKI,Pattern Regeneration in Coupled Networks,['HSCXCPB4']
6R93B36T,The Self-Assembling Brain: Contributions to Morphogenetic Engineering from a Self-Organizing Neural Network in the Insect Brain,['HSCXCPB4']
RFP7STLA,Evolving robot controllers for a bio-hybrid system,['HSCXCPB4']
846HDDR6,Effect of Behavioral Complexity on Development of Spatial Recognition,['HSCXCPB4']
EZ9T8B25,Interfacing Synthetic Cells with Biological Cells: An Application of the Synthetic Method,['HSCXCPB4']
P6MMMA4B,An iterated learning approach to the origins of the standard genetic code can help to explain its sequence of amino acid assignments,['HSCXCPB4']
HKNSGXJM,Precision without Precisions: Handling uncertainty with a single predictive model,['HSCXCPB4']
ZANABLGP,The modularity of action and perception revisited using control theory and active inference,['HSCXCPB4']
EDQP6J2P,Learning of Individual Sensorimotor Mapping to Form Swarm Behavior from Real Fish Data,['HSCXCPB4']
SD3J37Y5,Simulation-governed design and tuning of greenhouses for successful bee pollination,['HSCXCPB4']
9WW4ITQJ,Autonomous Regulation of Self and Non-Self by Stimulation Avoidance in Embodied Neural Networks,['HSCXCPB4']
Q283WBLD,Integrated Information and Autonomy in the Thermodynamic Limit,['HSCXCPB4']
ELP6P7AR,Mutual synchronization and control between artificial chaotic system and human,['HSCXCPB4']
KXB477SN,ALife as a Tool for Cooperative Society Between People and Machines,['HSCXCPB4']
CUQBALYF,Major Transitions in Planetary Evolution,['HSCXCPB4']
LXZAXUQH,What is life? The emergence of life in a mineral world,['RI88WT7S']
SXMNWFTZ,A 4-base model for the Aevol in-silico experimental evolution platform,['RI88WT7S']
DU5U79UQ,ECAL 2017,"['RI88WT7S', 'X8BMQW6T']"
TLBAHKRT,Gene duplications drive the evolution of complex traits and regulation,"['QJ2I8FDW', 'RI88WT7S']"
AZHYMUWE,Sense of presence in oneiric virtual environments: Sketching the necessary and sufficient conditions,['RI88WT7S']
L5IJBTDC,Self-organized criticality in code repositories,['RI88WT7S']
KQJND3KY,Animal-guided evolutionary computation in honeybees and robots,['RI88WT7S']
3L3KMJHN,Complex flocking dynamics without global stimulus,['RI88WT7S']
UPZPDETK,On virtual machine architectures for evolutionary music composition,['RI88WT7S']
RAWG9E9W,Role reassignment and resource management in human organizations,['RI88WT7S']
JFLBW478,Major evolutionary transitions in the Voxelbuild virtual sandbox game,['RI88WT7S']
6UY445TB,A tool to construct simulation models of biochemical cascades,['RI88WT7S']
9WG9AVE8,A new design principle for an autonomous robot,['RI88WT7S']
9T5BH359,An architecture for the closed-loop control of droplet thermocapillary motion,['RI88WT7S']
CSA7KD2P,An adaptive approach for monitoring evolutionary algorithms behavior for dynamic environments,['RI88WT7S']
3KU9YT4C,The statistical thermodynamics of active perception,['RI88WT7S']
7LSJUW9E,Better than average: Analyzing distributions to understand robot behavior in a multi-agent area coverage problem,['RI88WT7S']
DY78DU3H,Tuning extrinsic noise effects on a small genetic circuit,['RI88WT7S']
UFAAPHCM,Critical mutation rate in a population with horizontal gene transfer,['RI88WT7S']
ZCQS6C8B,Development of morphology based on resource distribution: Finding the shortest path in a maze by vascular morphogenesis controller,['RI88WT7S']
XV6UDX54,Stochastic sexual interaction facilitates the evolution of asexual cooperation in the social amoeba,['RI88WT7S']
4Z6A6D32,Lineage selection leads to evolvability at large population sizes,['RI88WT7S']
7F7KPRSZ,Virtual experience of complex dynamics emerging in a social particle swarm model by sonification,['RI88WT7S']
EMBZ9J8E,Online fitting of computational cost to environmental complexity: Predictive coding with the ε-network,['RI88WT7S']
T4IDCBU3,Environmental seasonality drives digital populations towards stable cross-feeding,['RI88WT7S']
37DHBYI8,Investigations into the evolutionary origin of navigation and learning,['RI88WT7S']
TFYKED2H,Modeling patterns of wealth disparity in predynastic Upper Egypt,['RI88WT7S']
K3ZV2ZDL,Road detection using convolutional neural networks,['RI88WT7S']
U49AVL9X,Time as it could be measured in artificial living systems,['RI88WT7S']
B3XI8XBU,The development of spatial recognition and navigation in hierarchical recurrent neural network with convolution processing,['RI88WT7S']
C9MQKJZU,Effects of cooperative and competitive coevolution on complexity in a linguistic prediction game,['RI88WT7S']
9J8V96VC,Let the explanation fit the theorist - Enactive explanatory pluralism and the representation debate,['RI88WT7S']
7YT3EU9A,The effects of environmental structure on the evolution of modularity in a pattern classifier,['RI88WT7S']
9YAEDETZ,Evolution-in-materio computations: Hierarchies rising from electron dynamics in carbon nanotubes,['RI88WT7S']
P7SJAUPR,Functional grouping analysis of varying reactor types in the Spiky-RBN AChem,['RI88WT7S']
F9GBBPI3,Improved adaptation in exogenously and endogenously changing environments,['RI88WT7S']
JFMD5ZDJ,Learning by stimulation avoidance scales to large neural networks,['RI88WT7S']
UP6YI23W,Analysis of Lamarckian evolution in morphologically evolving robots,['RI88WT7S']
YZTVNYLW,How mutation alters fitness of cooperation in networked evolutionary games,['RI88WT7S']
AWLBK5K5,Competitive dynamics in eco-evolutionary genetically-regulated swarms,['RI88WT7S']
BNYKDI9M,Criticality of gene regulatory networks and the resulting morphogenesis,['RI88WT7S']
SIFGJ2J3,A minimal model of collective behaviour based on non-reciprocal interactions,['RI88WT7S']
PFVCUCNN,An evolutionary robotics model of visually-guided braking: Testing optical variables,['RI88WT7S']
4JBYTHDL,"Can social learning increase learning speed, performance or both?",['RI88WT7S']
T3NXHFRP,Going round in circles,['RI88WT7S']
CNEHVD3D,Programmed self-replication and life-cycles of microchip swarming protocells,['RI88WT7S']
TGY74B9I,Building physical self-replicating machines,['RI88WT7S']
C5Z5HEUY,Evolving neural networks with multiple internal models,['RI88WT7S']
DCV4CNQB,"Lag in situated, embodied and dynamical adaptive systems",['RI88WT7S']
77X37V72,Simulating multicell populations with an accelerated gro simulator,['RI88WT7S']
6SU4G9ED,Comparing and contrasting functional blueprints for simple self-replicating protocellular and robotics systems,['RI88WT7S']
4KED88GL,Investigating the effects of noise on a cell-to-cell communication mechanism for structure regeneration,['RI88WT7S']
UPHWNXE3,Effects of local communication and spatial position in a collective decision-making model,['RI88WT7S']
ZGLJECFR,Spatial resource heterogeneity creates local hotspots of evolutionary potential,['RI88WT7S']
Y5UJHX9Q,Dynamic thresholds for self-organizing predictive cells,['RI88WT7S']
SVWZAVZZ,Evolution of a complex anti-predator niche construction in a physical 2D predator-prey simulation and a feature analysis of defensive structures using a deep auto-encoder,['RI88WT7S']
KLP8E7H6,Life-like swarm behavior of multiple chemotactic droplets,['RI88WT7S']
8JMJD2SG,Evolutionary game-theoretic modeling of past societies' social organization,['RI88WT7S']
6AAFERHN,Sexual selection promotes ecological speciation in digital organisms,['RI88WT7S']
6KHXPT8U,MABE (Modular Agent Based Evolver): A framework for digital evolution research,['RI88WT7S']
FLREMIPM,Choice of robot morphology can prohibit modular control and disrupt evolution,['RI88WT7S']
BSDMZ32K,Delving deeper into homeostatic dynamics of reaction diffusion systems with a general fluid dynamics and artificial chemistry model,['RI88WT7S']
JB6HBSVY,Drug addiction and alteration of decision making process,['RI88WT7S']
LW5AK2AE,Synthetic palaeontology: Reconstructing ancient life using virtual robots,['RI88WT7S']
J7Z7GUQJ,Reweighting rewards in embodied evolution to achieve a balanced distribution of labour,['RI88WT7S']
L37GK44Q,An active inference implementation of phototaxis,['RI88WT7S']
7XWW6SZC,Signatures of criticality in a maximum entropy model of the C. elegans brain during free behaviour,['RI88WT7S']
ZSDHEF8B,Criticality as it could be: Organizational invariance as self-organized criticality in embodied agents,['RI88WT7S']
CWSTFTF2,Structural coupling of a Potts model cell,['RI88WT7S']
3DKVES8Z,Swarm engineering across scales: From robots to nanomedicine,['RI88WT7S']
F4DFX2NY,Evolution of complex adaptations,['RI88WT7S']
3PKZQEPF,Threshold for cooperation on irregular spatial networks,['RI88WT7S']
R54SAD24,Learning aquatic locomotion with animats,['RI88WT7S']
VEJQLPFA,A curiosity model for artificial agents,['RI88WT7S']
YEKZM6ER,Ortus: An emotion--driven approach to (artificial) biological intelligence,['RI88WT7S']
NWJUUQ6S,Tuning Jordan algebra artificial chemistries with probability spawning functions,['RI88WT7S']
CBBUQJP7,A human-in-the-loop environment for developmental biology,['RI88WT7S']
RL7DBCLS,Towards making a cyborg: A closed-loop reservoir-neuro system,['RI88WT7S']
HWQ4WWAE,Open-ended evolution in cellular automata worlds,['RI88WT7S']
J2NLPTRJ,A dynamic model of the phosphate response system with synthetic promoters in Escherichia coli,['RI88WT7S']
IHC2HW4C,Transparency Of Execution Using Epigenetic Networks,['RI88WT7S']
993FW6NX,Evolution of recursive combination operation,['RI88WT7S']
2B4NYM3Z,Locating critical regions by the Relevance Index,['RI88WT7S']
B5JXEDJI,The evolution of active droplets in chemorobotic platforms,['RI88WT7S']
IPU39ST8,Shepherding with robots that do not compute,['RI88WT7S']
HBIDPNII,Emergence of hierarchy from the evolution of individual influence in an agent-based model,['RI88WT7S']
JA4TENP7,EvoMove: Evolutionary-based living musical companion,['RI88WT7S']
37V3BGKU,Lexicase selection outperforms previous strategies for incremental evolution of virtual creature controllers,['RI88WT7S']
VUCNH3F3,A self-organized one-neuron controller for artificial life on wheels,['RI88WT7S']
W7MP9LM4,Reservoir computing with a chaotic circuit,['RI88WT7S']
XJKE6Z47,Learning collaborative foraging in a swarm of robots using embodied evolution,['RI88WT7S']
RIP2MKA9,Mood modelling within reinforcement learning,['RI88WT7S']
AXKYKJZE,Action and perception for spatiotemporal patterns,['RI88WT7S']
Y9HNRCGP,The illusion of life,['RI88WT7S']
SE9B7NYZ,Experimenting with computing and in computing: Stretching the traditional notion of experimentation,['RI88WT7S']
DYKSHTMR,Heredity in Messy Chemistries,['EZIPJ7VU']
VVQG96JA,A Minimal Model for the Emergence of Cooperation in Randomly Growing Networks,['EZIPJ7VU']
5UGQ49D3,Recombination Is Surprisingly Constructive for Artificial Gene Regulatory Networks in the Context of Selection for Developmental Stability,['EZIPJ7VU']
SL6A8SU4,From tadpole to frog: artificial metamorphosis as a method of evolving self-reconfiguring robots,['EZIPJ7VU']
NH7BTXFH,Conservation of Matter Increases Evolutionary Activity,"['EZIPJ7VU', 'VK2YEP2U']"
RUGVGDEY,Do it yourself (DIY) liquid handling robot for evolutionary search exploration,['EZIPJ7VU']
MBNNRCM2,Spatial Computing in Synthetic Bioware: Creating Bacterial Architectures,['EZIPJ7VU']
TBF8TDMA,An Agent-Based Model of Avascular Tumor Growth,['EZIPJ7VU']
XSULL6ST,Optimal Mutation Rate Control under Selection in Hamming Spaces,['EZIPJ7VU']
DNR2U4G3,Evolutionary change precedes extinction in eco-evolutionary dynamics based on a 3D virtual predator-prey system,['EZIPJ7VU']
R7IXWJZJ,Simulating the Influence of Diet on the Intestinal Microbiome Composition,['EZIPJ7VU']
R93553HL,"Human Swarms, a real-time method for collective intelligence",['EZIPJ7VU']
TVCWHMH9,Simulation-Based Analysis of in Situ Cellular Motility,['EZIPJ7VU']
E2VCSPBS,Informational parasites in code evolution,['EZIPJ7VU']
DI5JRAJP,A Metamodel for the Evolution of Evolution,['EZIPJ7VU']
DQJA6TGU,Evolving an optimal group size in groups of prey under predation,['EZIPJ7VU']
8A2JMJ8N,Cascading Transitions in Coupled Complex Ecosystems,['EZIPJ7VU']
EF9F9HQA,Soft-Body Muscles for Evolved Virtual Creatures: The Next Step on a Bio-Mimetic Path to Meaningful Morphological Complexity,['EZIPJ7VU']
AQS3K88Y,Effects of Social Network Size and Topology on Evolutionary Decision Making,['EZIPJ7VU']
EVRETMW7,Does self-replication imply evolvability?,['EZIPJ7VU']
E5EQ5B6C,Coordination of collective behaviours in spatially separated agents,['EZIPJ7VU']
6II2ZFYY,How Intrinsic Motivation can Speed Up Language Emergence,['EZIPJ7VU']
2446IRER,Achieving Closure in Enzymes in Artificial Chemistries,['EZIPJ7VU']
52ZTIMRL,Towards a methodology for describing the relationship between simulation and reality,['EZIPJ7VU']
DG4SWBL4,Artificial life programming in the robust-first attractor,['EZIPJ7VU']
2NB5NSNP,Corpus-taught Evolutionary Music Composition,['EZIPJ7VU']
9ZMGR979,Investigating the Impact of Communication Quality on Evolving Populations of Artificial Life Agents,['EZIPJ7VU']
5BV3CJVZ,Searching for non-regular neighborhood cellular automata rules applied to scheduling task and guided by a forecast dynamical behavior parameter,['EZIPJ7VU']
7X3PIJSY,Emergent Robustness in Software Systems through Decentralized Adaptation: an Ecologically-Inspired ALife Approach,['EZIPJ7VU']
P9PD5T6S,"Simpson’s Paradox, Co-operation and Individuality in Bacterial Biofilms",['EZIPJ7VU']
GX2RMCGE,An Investigation of Square Waves for Evolution in Carbon Nanotubes Material,['EZIPJ7VU']
8V5E6Z8T,Evolution of Cooperation in Evolutionary Robotics: the Tradeoff between Evolvability and Efficiency,['EZIPJ7VU']
NZ59U7HA,"Steering a Complex Adaptive System: A Complexity Science Design Methodology Applied to an Industrial Ecosystem in the Humber Region, UK",['EZIPJ7VU']
D9PRJ4D3,How Much Should You Select for Evolvability?,['EZIPJ7VU']
UQXAU4WJ,Evolutionary Progress in Heterogenous Cellular Automata (HetCA),['EZIPJ7VU']
B6RWAUZ3,Apparent actions and apparent goal-directedness,['EZIPJ7VU']
BV327QXM,How to play the Syntax Game,['EZIPJ7VU']
MW3FTNJA,Cooperative Object Transport Using Evolutionary Swarm Robotics Methods,['EZIPJ7VU']
7ZZ2FU5R,Closed-loop acquisition of behaviour on the Sphero robot,['EZIPJ7VU']
LJQR8IZF,A Predator-Prey Scenario in a Virtual Ecosystem,['EZIPJ7VU']
XLP9RYVE,Autonomous lablet locomotion and active docking by sensomotory electroosmotic drive,['EZIPJ7VU']
4GS9UDVW,Towards Failure-Resistant Mobile Distributed Systems Inspired by Swarm Intelligence and Trophallaxis,['EZIPJ7VU']
U3ALX2SU,Probing models of minimal swimming vehicules in vivo with microalgae phototaxis,['EZIPJ7VU']
QSLUCP9E,Epigenetic inheritance speeds up evolution of artificial organisms,['EZIPJ7VU']
N2T7P2RW,"Simulating self-replicating, chemically immersed, microchip swarms",['EZIPJ7VU']
UTCURU7Z,Emotional modulation of peripersonal space impacts the way robots interact,['EZIPJ7VU']
8DJKGT8B,Planarity as a driver of Spatial Network structure,['EZIPJ7VU']
JIG8RFDN,Emergence of Competition between Different Dissipative Structures for the Same Free Energy Source,['EZIPJ7VU']
42PN62VL,"The Overshoot Curriculum: Artificial Life, Education and the Human Predicament",['EZIPJ7VU']
ZPANTKUK,Abnormality Detection in Robots Exhibiting Composite Swarm Behaviours,['EZIPJ7VU']
FFVAFYBE,An Efficient Ant Colony System for Edge Detection in Image Processing,['EZIPJ7VU']
ETY5VGWI,Toward a behavior-based approach to the origins of life and the genetic system,['EZIPJ7VU']
T5IN5EU9,Omnigram Explorer: A Simple Interactive Tool for the Initial Exploration of Complex Systems,['EZIPJ7VU']
QJD994HW,The Digital Aquarist: An Interactive Ecology Simulator,['EZIPJ7VU']
4ZJM9RK4,Achieving Compositional Language in a Population of Iterated Learners,['EZIPJ7VU']
3BNLSB7C,Emergence of Sense-Making Behavior by the Stimulus Avoidance Principle: Experiments on a Robot Behavior Controlled by Cultured Neuronal Cells,['EZIPJ7VU']
FBEQIB8W,Wallace: An efficient generic evolutionary framework,['EZIPJ7VU']
79BXPWLU,The Hunger Games: Embodied agents evolving foraging strategies on the frugal-greedy spectrum,['EZIPJ7VU']
KBVKGUHK,Incremental Neuroevolution of Reactive and Deliberative 3D Agents,['EZIPJ7VU']
GZ6U9NEE,Time Series Evolution for Integrating Developmental Processes,['EZIPJ7VU']
28SKVHI2,"Following Strategies Reduces Accidents, but Makes Outcomes Worse: Evidence from Simulated Treefrog Mating Scenarios",['EZIPJ7VU']
PPAN2R3N,Cooperative Coevolution of Morphologically Heterogeneous Robots,['EZIPJ7VU']
53RNLMSP,Incorporation of Emotions in the Orphibs’ Agent Architecture,['EZIPJ7VU']
GHY4G4YY,Unraveling the genotype-phenotype map of evolving digital organisms,['EZIPJ7VU']
TFFUSY5V,Distributed vs. Centralized Particle Swarm Optimization for Learning Flocking Behaviors,['EZIPJ7VU']
F2R6UVN8,Environmental bias forces parasitism in Tierra,['EZIPJ7VU']
9D97YBG9,Exploring the organisation of complex systems through the dynamical interactions among their relevant subsets,['EZIPJ7VU']
69FQ2QG4,The Evolution of Assortment with Multiple Simultaneous Games,['EZIPJ7VU']
3C52UIYM,Investigating a cellular automata model that performs three distance diffusion on a robot path planning,['EZIPJ7VU']
HDK8NBF4,Applying homeostatic neural controller to multi-legged robot and adaptivity to novel disruptions,['EZIPJ7VU']
HT9WQREE,Volatility and spatial distribution of resources determine ant foraging strategies,['EZIPJ7VU']
2S2R6DDS,Coevolution of cooperation and layer selection strategies in multiplex networks,['EZIPJ7VU']
II7ZMC9Y,The Lattice of Chemical Organisations,['EZIPJ7VU']
ZYM4ZRIS,Emergence-focused design in complex system simulation,['EZIPJ7VU']
WN3NUFHY,Evolving strategies for single-celled organisms in multi-nutrient environments,['EZIPJ7VU']
8TDUQY2Y,A population of information processing objects as a model of evolutionary dynamics,['EZIPJ7VU']
K8CYE3CA,Chemical Architectures for Self-Replicating Proto-Cells,['EZIPJ7VU']
LQWWCEPB,Ontogeny and adaptivity in a model protocell,['EZIPJ7VU']
C5NTYN8K,Embodied Evolution of Artificial Cells in a Hybrid Wet/Hard-ware Platform,['EZIPJ7VU']
EPQLLE5E,CriPS: Critical Particle Swarm Optimisation,['EZIPJ7VU']
3D78XVY6,An Integrated Neuromechanical Model of Steering in C. elegans,['EZIPJ7VU']
9BDHUVSK,A Passive Mechanism for Goal-Directed Navigation using Grid Cells,['EZIPJ7VU']
SIXMVPWV,Contagion on Networks with Self-Organised Community Structure,['EZIPJ7VU']
WFHNELP8,Evolving Collective Behaviors With Diverse But Predictable Sensor States,['EZIPJ7VU']
ZMKEZ5LI,Evaluating the Effect of a Flexible Spine on the Evolution of Quadrupedal Gaits,['EZIPJ7VU']
RCIYNC7Z,Programs as Polypeptides,['EZIPJ7VU']
27CCW3MX,The Universality of Peer-Influence in Social Networks,['EZIPJ7VU']
AGWABTT6,Learning by Stimulation Avoidance as a Primary Principle of Spiking Neural Networks Dynamics,['EZIPJ7VU']
RRVMF8UC,Ribosome synthesis and construction of a minimal cell using a cell-free expression platform,['EZIPJ7VU']
9WN9Q54D,A New View of Protocell Metabolism,['EZIPJ7VU']
4FTDCSQ3,Practical Fault Tolerant 2D Cellular Automata,['EZIPJ7VU']
TM3XL2NA,Where Does (Co)evolution Lead to?,['EZIPJ7VU']
FTZM2MP3,Environmental Factors and the Emergence of Cultural – Technical Innovations,['EZIPJ7VU']
S75ET7C3,The Kinetic Basis of Morphogenesis,['EZIPJ7VU']
ZPAY788I,Evolving Robot Controllers Using Carbon Nanotubes,['EZIPJ7VU']
NH6Z8W7C,"The Circular Logic of Gaia: Fragility and Fallacies, Regulation and Proofs",['EZIPJ7VU']
3V4I3VJI,Dynamic Homeostasis in Packet Switching Networks,['EZIPJ7VU']
MLYNDADT,Modelling Conflict within the Social Networks of Large Multi-Vendor Software Projects using Communicating Stream X-Machines,['EZIPJ7VU']
ZRKBXSNB,"At the root of sociality: Working towards emergent, permanent, social affines",['EZIPJ7VU']
4937FTHP,Quantifying Self-Organizing Behavior of Autonomous Robots,['EZIPJ7VU']
QXPRT893,"Evolution of Chemical Signals in Ecological System Evoked by the ""Cry-Wolf"" Plants",['BE549EAC']
X2QCYZ2T,Scale-Free Correlations in Collective Motion with Position-Based Interactions,['BE549EAC']
3ZT2KGNB,Index,['BE549EAC']
NLC726Q3,Designing a Passive Folding String Device with an Electromagnet,['BE549EAC']
8QWIADL9,Blueprint for Self-replicating and Self-assembling 3D Printers,['BE549EAC']
ISDSZAZ5,Preface,['BE549EAC']
MIETCF5T,Improving Robot Behavior Optimization by Combining User Preferences,['BE549EAC']
FETVV9PP,volving Spiking Neural Networks for Temporal Pattern Recognition in the Presence of Noise,['BE549EAC']
BN9CYMHA,Towards Designing Artificial Universes for Artificial Agents Under Interaction Closure,['BE549EAC']
TEQYVUYA,Sounds Shadowing Agents Generating Audible Features from Emergent Behaviors,['BE549EAC']
Q9HYC4QT,In Vitro Reconstruction of Functional Membrane,['BE549EAC']
XWKARHHC,Framework for Adaptive Swarm Simulation and Optimization Using MapReduce,['BE549EAC']
7ZJ9RNWZ,A Continuous-Time Binary Consensus Protocol with Hysteretic Units Applied to the Density Classification Problem,['BE549EAC']
CSBVLCQ3,"Pleasure, Persistence and Opportunism in Action Selection",['BE549EAC']
RVLLTVU4,The Effects of Elitism on Spatial Coevolutionary GAs,['BE549EAC']
NDKJ7VAY,Evaluating Topological Models of Neuromodulation in Polyworld,['BE549EAC']
WC6ZUNQW,Effects of Personality Distribution on Collective Behavior,['BE549EAC']
3KZ58EUW,Steps Toward a Modular Library for Turning Any Evolutionary Domain into an Online Interactive Platform,['BE549EAC']
U7BML5XL,Computation and Scientific Discovery? A Bio-Inspired Approach,['BE549EAC']
NV4AWPKR,Feedback Control of Evolving Swarms,['BE549EAC']
67FMJRQE,Designing a Minimalist Socially Aware Robotic Agent for the Home,['BE549EAC']
RJ25XF88,Estimating the Energy Cost of (Artificial) Evolution,['BE549EAC']
9ZHLXX44,A Robot that Uses Arousal to Detect Learning Challenges and Seek Help,['BE549EAC']
DM2HXKMW,Pre-Template Metabolic Replicators: Genotype-Phenotype Decoupling as a Route to Evolvability,['BE549EAC']
7QJYMTEZ,Close Returns Plots for Detecting a Chaotic Source in an Interaction Network,['BE549EAC']
BQFADG8P,Evolution as a Random Walk on a High-Dimensional Manifold Defined by Physical Law: Implications for Open-Ended Artificial Life,['BE549EAC']
UMUWETGV,The Effect of Network Structure on the Spatial Coevolutionary GA,['BE549EAC']
7YQ24CS2,Real-Time Evolution of iAnt Robot Foraging Strategies,['BE549EAC']
W2TCAURA,The Resistance of Swarm Ecosystem Under Environmental Variation,['BE549EAC']
USCIU5Q4,The Effect of Connection Cost on Modularity in Evolved Neural Networks,['BE549EAC']
GAD74KBK,Spatial Patterning with the Rule of Normal Neighbors,['BE549EAC']
XAWQQW8J,The Effect of the Network Structure Differences on the Diffusion of Items,['BE549EAC']
76SR99Q3,Don't Believe Everything You Hear: Preserving Relevant Information by Discarding Social Information,['BE549EAC']
6AKGV95D,Splittable Metamorphic Carrier Robots,['BE549EAC']
I4VYLP3W,Identifying Necessary Conditions for Open-Ended Evolution through the Artificial Life World of Chromaria,['BE549EAC']
Q9I3GP8U,CodeRouge: a Project to Evolve Life-like Autonomous Programs,['BE549EAC']
YTK5ZHA9,Twitter as Social Sensor: Dynamics and Structure in Major Sporting Events,['BE549EAC']
X7XL6A62,An Artificial Chemistry for the 'Lipid World' Scenario,['BE549EAC']
HWP6K4WU,Neuroevolution of Sequential Behavior in Multi-Goal Navigation Task,['BE549EAC']
BMB72VMG,Insect-Inspired Robot Coordination: Foraging and Coverage,['BE549EAC']
4TE39295,Task Partitioning Based on Response Threshold Model in Robot Harvesting Task,['BE549EAC']
VGJ2659I,Hybrid Control for Large Swarms of Aquatic Drones,['BE549EAC']
Y2CH2KA7,Mutation Accumulation in Bacteria Exposed to UV Radiation,['BE549EAC']
29MC3R4L,Designing a Robotic Platform Controlled by Cultured Neural Cells,['BE549EAC']
VPCXV7IT,Adaptive Division of Labor in Multi-Robot System with Minimum Task Switching,['BE549EAC']
UQEXSUT4,The Effect of Social Learning on Individual Learning,['BE549EAC']
4YDHYFSD,Self-Organizing Process and Cluster Network in the Game of Life,['BE549EAC']
PZJGIFN3,Optimizing the Crossregulation Model for Scalable Abnormality Detection,['BE549EAC']
WXPVPUSP,Preserving Swarm Identity Over Time,['BE549EAC']
GPZ6S3RS,Testing the Effects of Speciation and Mutation Rates on Distance-Based Phylogenetic Tree Construction Accuracy Using EcoSim,['BE549EAC']
6JR9JZFU,Self-Replicating Distributed Virtual Machines,['BE549EAC']
NSEHVRUW,The Case for Engineering the Evolution of Robot Controllers,['BE549EAC']
QNTTV93Z,Chaining Distinct Tasks Drives the Evolution of Modularity,['BE549EAC']
RV39LCYQ,n Enhanced Artificial Ecosystem: Investigating Emergence of Ecological Niches,['BE549EAC']
WVUASDI4,Problems During Cell Cycle in Artificial Cell Modeling,['BE549EAC']
9FSVNAJI,Attraction Basins in a Lac Operon Model Under Different Update Schedules,['BE549EAC']
HSZBB2ZC,Evolution of Communication-Based Collaborative Behavior in Homogeneous Robots,['BE549EAC']
Z4BCQE6H,The Kinetic Basis of Self-Organized Pattern Formation,['BE549EAC']
SBP9X4GR,Evolution of Hierarchical Controllers for Multirobot Systems,['BE549EAC']
HRSISGFC,The Evolution of Learning Under Environmental Variability,['BE549EAC']
YBUSYB3T,Causes vs Benefits in the Evolution of Prey Grouping,['BE549EAC']
MV74ZG3V,Constrained Group Counseling Optimization,['BE549EAC']
FZ8WBRHU,Hierarchical Heterogeneuous Particle Swarm Optimization,['BE549EAC']
9FIR6N9G,Evolving Autonomous Agent Controllers as Analytical Mathematical Models,['BE549EAC']
ZA4E4KPG,Easing Parameter Sensitivity Analysis of Netlogo Simulations Using SPARTAN,['BE549EAC']
BIHHNILS,Novel Approaches to the Visualization and Quantification of Biological Simulations by Emulating Experimental Techniques,['BE549EAC']
8VYD2FMW,Complex ALife Simulations: From Generating Life-like Behaviors to Predicting Real-life Phenomena,['BE549EAC']
IS8EGX5F,Indefinitely Scalable Computing = Artificial Life Engineering,['BE549EAC']
FUV37U62,Artificial Life and the Philosophy of Science,['BE549EAC']
IJH8GJNY,MultiAgent System Architecture in Orphibs II,['BE549EAC']
3C8YLR4U,My Life as a Sim: Evolving Unique and Engaging Life Stories Using Virtual Worlds,['BE549EAC']
P7TZT2U3,Modeling and Evaluating the Process of Creating Paintings with Evolution Computing,['BE549EAC']
JCVIGCQS,Towards an Optimal DNA-Templated Molecular Assembler,['BE549EAC']
VLIN5MX8,A Novel in Vitro Metabolic Scheme for the Construction of a Minimal Biological Cell,['BE549EAC']
8CH6IUWN,Clonal Development is Evolutionarily Superior to Aggregation in Wild-Collected Saccharomyces cerevisiae,['BE549EAC']
TTQVWR5K,Informational Architecture of the Fission Yeast Cell Cycle Regulatory Network,['BE549EAC']
EH4BW4B6,Applying Self-Assembly and Self-Reconfigurable Systems for Printer,['BE549EAC']
N47452ZG,A Hybrid Off/On-Lattice Model of Emergence and Maintenance Autopoiesis,['BE549EAC']
EZVLDQ9H,There Can Be Only One: Reversible Cellular Automata and the Conservation of Genki,['BE549EAC']
68FCMXZ8,Self-Organization of Symbiotic Multicellular Structures,['BE549EAC']
LKSGDT99,Self-Referencing Cellular Automata: A Model of the Evolution of Information Control in Biological Systems,['BE549EAC']
UEX4JKVG,Quantifying Robustness in a Spatial Model of Metabolism-Boundary Co-Construction,['BE549EAC']
84DHRZI6,"Phenomena, Mechanisms, Worlds",['BE549EAC']
9B34J67J,Self-Organising Autocatalysis,['BE549EAC']
4A7DRUU2,"Chemlambda, Universality and Self-Multiplication",['BE549EAC']
RMLG6NC5,An Analog Chemical Circuit with Parallel-Accessible Delay Line for Learning Temporal Tasks,['BE549EAC']
KAR5ERZT,Berry Eaters: Learning Color Concepts with Template Based Evolution,['BE549EAC']
ZE6WE5KV,"Abstract of: “On the Relationship between Generative Encodings, Regularity, and Learning Abilities when Evolving Plastic Artificial Networks”",['BE549EAC']
364ZJ7AU,POET: An Evo-Devo Method to Optimize the Weights of Large Artificial Neural Networks,['BE549EAC']
B5KM9TQM,Evolving Multimodal Behavior Through Subtask and Switch Neural Networks,['BE549EAC']
KRXBRGHE,Evolving Spiking Networks for Turbulence-Tolerant Quadrotor Control,['BE549EAC']
2UBGUADR,Structure and Dynamics Affect the Controlability of Complex Systems: A Preliminary Study,['BE549EAC']
G5XRBKH5,Random Fuzzy Networks,['BE549EAC']
DSET6C2U,Online Extreme Evolutionary Learning Machines,['BE549EAC']
JZIRZEHV,"Evolution, Development and Learning with Predictor Neural Networks",['BE549EAC']
6KXENKRR,Gene-Culture Coevolution of Language: Measurement-Interval Dependence of Evolutionary Rate,['BE549EAC']
BJ9AAYP5,The Origin of Culture: Selective Conditions for Horizontal Information Transfer,['BE549EAC']
XS4YVPCL,An Agent-Based Model of Indirect Minority Influence on Social Change,['BE549EAC']
XDK2GIBL,Invasion of Cooperation in Scale-Free Networks: Accumulated vs. Average Payoffs,['BE549EAC']
YZ9TTGUH,Advancing Social Simulation: Lessons from Demography,['BE549EAC']
NXBT6K7K,Tipping points in Complex Coupled Life-Environment Systems,['8WCU882B']
W5SJBWBK,"""Artificial spores"" - hybrid alginate microcapsules with encapsulated yeast cells",['8WCU882B']
6FIPGUKQ,Synthetic biology manipulations in 3D printed wet-ware,['8WCU882B']
GBVFNZGI,Catalytic Molecular Walkers: Aspects of Product Release,['8WCU882B']
P42FUFH4,Programming the Assembly of Inorganic Nanomaterials Using Networked Chemical Reactions,['8WCU882B']
5X6LJ9AQ,Title,['8WCU882B']
6BLFAJC2,CARDINAL-E: AIS Extensions to CARDINAL for Decentralised Self-Organisation for Network Security,['8WCU882B']
FVLT8PBJ,Preface,['8WCU882B']
M2C67U9R,Using novel bio-inspired principles to improve adaptability of evolutionary robots in dynamically changing environments,"['8WCU882B', 'N4LUPS3I']"
5VFM4GJJ,The emergence of life and evolution: Towards a categorial approach,['8WCU882B']
94CJCZN8,SimSoup: Molecules Designed for Switchable Autocatalytic Memory,['8WCU882B']
STCNMNVD,Testing Biological Models for Non-linear Sensitivity with a Programmability Test,['8WCU882B']
VM4BGRYI,Adaptive long-range migration promotes cooperation under tempting conditions,['8WCU882B']
NUV6YG7I,The Transmission of Migratory Behaviors,['8WCU882B']
Q25BA2BG,Evolutionary Explanations for Spatial Language - A Case Study on Landmarks,['8WCU882B']
JJM9PJUS,The Artificial Immune Systems Domain: Identifying Progress and Main Contributors Using Publication and Co-Authorship Analyses,['8WCU882B']
H3F9JV93,An Artificial Behavioral Immune System for cognitive robotics,['8WCU882B']
ISYWE9VX,Crawling Posture Learning in Humanoid Robots using a Natural-Actor-Critic CPG Architecture,['8WCU882B']
KFIXGWXL,Effects of inducer intake kinetics on the dynamics of gene expression,['8WCU882B']
YYEX43BJ,How Fast Can We Evolve Something?,['8WCU882B']
89HBPTXV,An Emergent Model for Mimicking Human Neuronal Pathways in Silico,['8WCU882B']
ESU5VEDV,Steady state analysis of a vesicle bioreactor with mechanosensitive channels,['8WCU882B']
JV4DU4CK,Recent advancements in synthetic cells research,['8WCU882B']
L8BJVZGX,Reconstitution of the protein synthesis system on a glass microchip,['8WCU882B']
5BARZR9M,Barrier Trees for Metabolic Adjustment Landscapes,['8WCU882B']
75EA44NH,Evolving cheating DNA networks: a Case Study with the Rock–Paper–Scissors Game,['8WCU882B']
Q3DB9SUJ,"The perception of potential: interference, dimensionality and knowledge",['8WCU882B']
JMFM9H52,Cooperation of two different swarms controlled by BEECLUST algorithm,['8WCU882B']
Q52FUUWG,Population Dynamics of Centipede Game using an Energy Based Evolutionary Algorithm,['8WCU882B']
3A6RZILX,Family Bird: A Heterogeneous Simulated Flock,['8WCU882B']
SPLKCDPE,Some ways to see two in one,['8WCU882B']
CN3BIYZ4,An Environmental Model of Self-Compatibility Transitions in the Solanaceae Plant Family,['8WCU882B']
BXKT6KX8,Using Reproductive Altruism to Evolve Multicellularity in Digital Organisms,['8WCU882B']
8EU29AQ9,On the preservation of limit cycles in Boolean networks under different updating schemes,['8WCU882B']
BS4AWE5J,Sequence selection and evolution in a binary polymer model,['8WCU882B']
6NNFKMBY,Multiple Time Scales Observed in Spontaneously Evolved Neurons on High-density CMOS Electrode Array,['8WCU882B']
NBHZDJYT,Evolution of an artificial visual cortex for image recognition,['8WCU882B']
HWS9ABRD,"Linking Evolution in Silico, Hardware, and Chemistry to discover or engineer Inorganic Biology",['8WCU882B']
FMDK6RD6,Radiofrequency triggered enzymatic reaction inside hydrogel microparticles,['8WCU882B']
LLJT48AZ,Influence of a Social Gradient on a Swarm of Agents Controlled by the BEECLUST Algorithm,['8WCU882B']
LZWNMDS3,Conditions for Outperformance of Recombination in Online Evolution of Swarm Robots,['8WCU882B']
22IBSCKC,Evolving Error Tolerance in Biologically-Inspired iAnt Robots,['8WCU882B']
URLXDKUU,An evolutionary approach to road following: a simulated case study,['8WCU882B']
ZFDUC5S7,From Microbiology to Microcontrollers: Robot Search Patterns Inspired by T Cell Movement,['8WCU882B']
IJBDTWXF,A Situated and Embodied Model of Ant Route Navigation,['8WCU882B']
TZS2I8UU,A practical approach to Humanoid Introspection,['8WCU882B']
SHT4P5BH,FIMO: Framework for Intrinsic Motivation,['8WCU882B']
GSM7UNRX,"A Neuromechanical Controller of a Hexapod Robot for Walking on Sponge, Gravel and Snow Surfaces",['8WCU882B']
I7Q4W27P,Conformity and Nonconformity in Collective Robotics: A Case Study,['8WCU882B']
ZXWMQ2T9,Heterogeneous complexification strategies robustly outperform homogeneous strategies for incremental evolution,['8WCU882B']
J36YHRFE,Exploiting Dynamical Complexity in a Physical Tensegrity Robot to Achieve Locomotion,['8WCU882B']
ZGF2K8WE,Artificial Reaction Network Agents,['8WCU882B']
WLTXRYG2,Multi-Crease Self-Folding by Uniform Heating,['8WCU882B']
CR6CKVD5,Speciation Dynamics: Generating Selective Pressure Towards Diversity,['8WCU882B']
ZKRINU8K,Using explicit averaging fitness for studying the behaviour of rats in a maze,['8WCU882B']
DRPKSFTT,Quantifying the Impact of Parameter Tuning on Nature-Inspired Algorithms,['8WCU882B']
7PVJL4LY,Improving Grammatical Evolution in Santa Fe Trail using Novelty Search,['8WCU882B']
6HLSRJKS,A hybrid genetic/immune strategy to tackle the multiobjective quadratic assignment problem,['8WCU882B']
8NC64DCD,Comparing Reinforcement Learning and Evolutionary Based Adaptation in Population Games,['8WCU882B']
RCIA2IP6,Modelling the Migration and Maturation of Dendritic Cells for Automatic Optimization of Complex Engineering Problems,['8WCU882B']
93MULVI8,A hierarchical support vector machine based on feature-driven method for speech emotion recognition,['8WCU882B']
R4CXEI8S,Accelerating Immunos 99,['8WCU882B']
XSB6MPAM,On the Role of the AIS Practitioner,['8WCU882B']
D3DF3SDZ,Real-Valued Negative Databases,['8WCU882B']
XWY6EYT2,An Artificial Immune System-based Many-Objective Optimization Algorithm with Network Activation Scheme,['8WCU882B']
RA872YDF,Enhancing the learning capacity of immunological algorithms: a comprehensive study of learning operators,['8WCU882B']
Z3A2KMCP,Automated calibration of agent-based immunological simulations,['8WCU882B']
W87LGEF4,An immune network approach for self-adaptive ensembles of autonomic components: a case study in swarm robotics,['8WCU882B']
GJRQZXQP,Learning to Solve Bin Packing Problems with an Immune Inspired Hyper-heuristic,['8WCU882B']
T567R5E2,The use of Agent-based Simulation to Discover Extreme Cases in Immune-Interactions with Early-Stage Cancer Scenarios,['8WCU882B']
MFF4LING,Immune-Inspired Error Detection for Multiple Faulty Robots in Swarm Robotics,['8WCU882B']
7FT9RWV6,Image Similarity Search using a Negative Selection Algorithm,['8WCU882B']
KWNFE6F8,EMANN - a model of emotions in an artificial neural network,['8WCU882B']
EF2VHFAE,Prebiotic Organic Microstructures as Model Protocells,['8WCU882B']
2ACVD7VJ,Acoustic sensor arrays for understanding bird communication. Identifying Cassin’s Vireos using SVMs and HMMs,['8WCU882B']
NMVIIYJ8,Experimental studied on growing chemical organisms,['8WCU882B']
PNHNC75E,In vitro Synthesis of Membrane Protein Machinery toward the Construction of Artificial Cell,['8WCU882B']
A6RQZRDY,Artificial Causal Space-Time,['8WCU882B']
XL5YB72M,A cardiopulmonary system for a virtual patient,['8WCU882B']
UNA9BNFF,The role of backward reactions in a stochastic model of catalytic reaction networks,['8WCU882B']
UMSTD2MQ,Predator prey molecular landscapes,['8WCU882B']
SZFCCK77,Boolean Network Robotics as an Intermediate Step in the Synthesis of Finite State Machines for Robot Control,['8WCU882B']
FJJPAPKR,Ballistic Action Planning in Robotics by means of Artificial Imagery,['8WCU882B']
7728MUWB,Evaluation of an Experimental Framework for Exploiting Vision in Swarm Robotics,['8WCU882B']
GKE8UHWR,The Insect Mushroom Bodies: a Paradigm of Neural Reuse,['8WCU882B']
Y28YJI3B,Robust Optimization of Adjustable Control Factors Using Particle Swarm Optimization,['8WCU882B']
LK2PHNKI,Emergence of Autonomous Behaviors of Virtual Characters through Simulated Reproduction,['8WCU882B']
NRSDAZ55,Task Allocation Strategy for Time-Constrained Tasks in Robots Swarms,['8WCU882B']
372M6FWG,Formal Model of Living Systems,['8WCU882B']
8TFYFQ3U,Multiplicity of Interpretation in an Asynchronous Updating Rule: Emergence of Collective Cognition,['8WCU882B']
LAPYM5XG,Analyzing Program Evolution in Genetic Programming using Asynchronous Evaluation,['8WCU882B']
5G9RRCGM,Evolution of Spatial Pattern Formation by Autonomous Bio-Inspired Cellular Controllers,['8WCU882B']
UU7EP5FK,Follow the Leader: a Scalable Approach for Realistic Group Behavior of Roaming NPCs in MMO Games,['8WCU882B']
UK5MAFTE,Hebbian Learning In A Multimodal Environment,['8WCU882B']
N48HGTAF,Evolution of Mutual Trust Protocol in Human-based Multi-Agent Simulation,['8WCU882B']
DR34AWHR,The relationship between Flocking Behaviour and the Emergence of Leadership,['8WCU882B']
ABCSUE4C,Learning Schooling Behavior from Observation,['8WCU882B']
ME4HGB5G,Controlling Task Distribution in MONEE,['8WCU882B']
9GYFDTPM,The only wrong cell is the dead one: On the enactive approach to normativity,['8WCU882B']
Z6CAUISS,Some Remarks on Dynamics of Binary Chromosomes Population,['8WCU882B']
4SE3PJZ9,Finger-painting Fitness Landscapes: An Interactive Tool for Exploring Complex Evolutionary Dynamics.,['J3C4E9TT']
PMHZRNGV,The Evolution of Temporal Polyethism,['J3C4E9TT']
ADXGWHRJ,Design and construction of a prototype CMY (Cyan-Magenta-Yellow) genetic circuit as a mutational readout device to measure evolutionary stability dynamics and determine design principles for robust synthetic systems,['J3C4E9TT']
AVTPJZ78,Using Pictures to Visualize the Complexity of Gene Regulatory Networks,['J3C4E9TT']
L4YWHNN3,Computational tests of a thermal cycling strategy to isolate more complex functional nucleic acid motifs from random sequence pools by in vitro selection,['J3C4E9TT']
683386YH,Checkpoint Orientated Cell Cycle Modeling Issues in Simulation of Synchronized Situation,['J3C4E9TT']
B3SW8BMG,The Behavior-Based Hypercycle: From Parasitic Reaction to Symbiotic Behavior,['J3C4E9TT']
WWXHS7IE,With a little help from selection pressures: evolution of memory in robot controllers,['J3C4E9TT']
PMJB8Q7T,Energy-based Artificial Chemistry Simulator,['J3C4E9TT']
AKQ88KM2,Modeling Scalable Pattern Generation in DNA Reaction Networks,['J3C4E9TT']
W5RY9EM7,Deformable Octahedron Burrowing Robot,['J3C4E9TT']
UIFNWP32,Evolution of Virtual Creature Foraging in a Physical Environment,['J3C4E9TT']
S44MNPC2,Evolved neural network controllers for physically simulated robots that hunt with an artificial visual cortex,['J3C4E9TT']
VFCI5A8I,Effects of Individual Differences on Knowledge and Wisdom of Society: A Social Modeling Approach,['J3C4E9TT']
BCN962GV,Analysis of Evolved Agents Performing Referential Communication,['J3C4E9TT']
CDS6UQS4,Aracna: An Open-Source Quadruped Platform for Evolutionary Robotics,['J3C4E9TT']
L836IAK5,Task decomposition with neuroevolution in extended predator-prey domain,['J3C4E9TT']
N8842XN9,Evolutionary Design and Experimental Validation of a Flexible Caudal Fin for Robotic Fish,['J3C4E9TT']
CW2IAB23,On the Relationship Between Environmental and Mechanical Complexity in Evolved Robots,['J3C4E9TT']
SAQK5VT2,Rewarding Reactivity to Evolve Robust Controllers without Multiple Trials or Noise,['J3C4E9TT']
89UIUJVR,Automatically Designing and Printing 3-D Objects with EvoFab 0.2,['J3C4E9TT']
W4483Y8C,On the Emergent Behaviors of a Robot Controlled by a Real-Time Evolving Neural Network,['J3C4E9TT']
FMMV9D89,The Minimal Complexity of Adapting Agents Increases with Fitness,['J3C4E9TT']
6PFFZLAV,Brainless Bodies: Controlling the Development and Behavior of Multicellular Animats by Gene Regulation and Diffusive Signals,['J3C4E9TT']
58LMAB9V,Informational Drives for Sensor Evolution,['J3C4E9TT']
6GKP5D9J,Testing the Variability Selection Hypothesis: The Adoption of Social Learning in Increasingly Variable Environments,['J3C4E9TT']
P7BV39TF,Environment classification in multiagent systems inspired by the adaptive immune system,['J3C4E9TT']
K95FTKQH,"odNEAT: An Algorithm for Distributed Online, Onboard Evolution of Robot Behaviours",['J3C4E9TT']
DECR8Y55,Evolution of a Communication Code in Cooperative Tasks,['J3C4E9TT']
SVFRA7EJ,Characterizing Autonomy in the Web via Transfer Entropy Network,['J3C4E9TT']
GE9H83YC,Second Order Learning and the Evolution of Mental Representation,['J3C4E9TT']
XAQWSY2Q,The Role of Working Memory in an Urban Pursuit Scenario,['J3C4E9TT']
IHV8XAP7,Evolutionary Transitions and Top-Down Causation,['J3C4E9TT']
PR4SUF8T,Representational Momentum May Explain Aspects of Vowel Shifts,['J3C4E9TT']
FAB8DDTU,Finding Optimal Random Boolean Networks for Reservoir Computing,['J3C4E9TT']
USKFBUAQ,Coevolutionary Dynamics between Roles and Social Sensitivity in an Extended Minority Game,['J3C4E9TT']
39HES4WJ,Effects of public good properties on the evolution of cooperation,['J3C4E9TT']
5WAL6HKT,An Ant-Based Computer Simulator,['J3C4E9TT']
KWXFX6XF,The Effects of Finite Populations and Selection on the Emergence of Signaling,['J3C4E9TT']
2CJTKDFC,Effects of Local Communication and Topology on Collective Movement Initiation,['J3C4E9TT']
EPMY232G,Contextual Geometric Structures: modeling the fundamental components of cultural behavior,['J3C4E9TT']
NFUSUJIE,App Epidemics: Modelling the Effects of Publicity in a Mobile App Ecosystem,['J3C4E9TT']
HUUTEVM8,Polarization and Belief Dynamics in the Black and White Communities: An Agent-Based Network Model from the Data,['J3C4E9TT']
AUDU5RIA,An ecology-based evolutionary algorithm to evolve solutions to complex problems,['J3C4E9TT']
LZ88LBYD,Evolving a Follower in the Presence of a Potential Leader,['J3C4E9TT']
TY39Q4G6,Is Evolution by Natural Selection the Algorithm of Biological Evolution?,['J3C4E9TT']
SQJM9YKK,Evolutionary Dynamics and Ecosystems Feedback in Two Dimensional Daisyworld,['J3C4E9TT']
3XISIQQ9,Beyond Open-endedness: Quantifying Impressiveness,['J3C4E9TT']
QMUS4FFA,"Sexual Selection, Resource Distribution, and Population Size in Synthetic Sympatric Speciation",['J3C4E9TT']
KPKAB52A,Coevolving parasites improve host evolutionary search on structured fitness landscapes,['J3C4E9TT']
X34U5VZ4,Evolutionary Potential is Maximized at Intermediate Diversity Levels,['J3C4E9TT']
8LSX465H,Evolved Modular Epistasis in Artificial Organisms,['J3C4E9TT']
3A44ZGJ4,"Comparing Distance-Based Phylogenetic Tree Construction Methods Using An Individual-Based Ecosystem Simulation, EcoSim",['J3C4E9TT']
THBVA6YX,Adaptation and Divergence during Experimental Evolution of Multicellular Saccharomyces cerevisiae,['J3C4E9TT']
262G4KNB,"Architectures for Self-reproduction: Abstractions, Realisations and a Research Program",['J3C4E9TT']
7XQHH6GL,Evolution of Self-Replicating Cube Conglomerations in a Simulated 3D Environment,['J3C4E9TT']
TLVJGN5L,Robustness and evolvability of cooperation,['J3C4E9TT']
6C632C8E,A quantitative measure of non-neutral evolutionary activity for systems that exhibit intrinsic fitness,['J3C4E9TT']
FJSTWBI5,Heterochronous Neural Baldwinism,['J3C4E9TT']
PBDQ7LVR,Digital Evolution Exhibits Surprising Robustness to Poor Design Decisions,['J3C4E9TT']
TY7FBART,Towards the Recapitulation of Ancient History in the Laboratory: Combining Synthetic Biology with Experimental Evolution,['J3C4E9TT']
LL6Y3M92,Open Ended Evolution of 3D Multicellular Development Controlled by Gene Regulatory Networks,['J3C4E9TT']
ZUFQV472,What does sex have to do with it: tracking the fate of deleterious mutations in sexual populations.,['J3C4E9TT']
NW57ZWQW,The role of deleterious mutations in the adaptation to a novel environment,['J3C4E9TT']
K3YZHRUY,The Role of Standing Genetic Variation in Adaptation of Digital Organisms to a New Environment,['J3C4E9TT']
D9YD2ZJX,Evolving robot gaits in hardware: the HyperNEAT generative encoding vs. parameter optimization,['NRTBBGDD']
QYFQFEAN,Effective calibration of artificial gene regulatory networks,['NRTBBGDD']
GU9XLB6I,"Advances in Artificial Life, ECAL 2011 Proceedings of the Eleventh European Conference on the Synthesis and Simulation of Living Systems","['NRTBBGDD', 'X8BMQW6T']"
FL3FEW26,On the interaction of adaptive timescales on networks,['NRTBBGDD']
7NJLU6YW,Landmark vector model with quantized distance for homing navigation,['NRTBBGDD']
L57WL9Q6,Evolutionary transition through a new multilevel selection model,['NRTBBGDD']
VAEFGCXT,Behavioral acquisition of complicated locomotion for artificial elastic robot using decentralized behavior composed,['NRTBBGDD']
KSN8F4AD,Life requires genetic representation an vice versa – Consequences for ALife,['NRTBBGDD']
JF79IFSP,Transformations and multi- scale optimisation in biological adaptive networks,['NRTBBGDD']
Q3BRGGF4,An agent-based model of jaguar movement through conservation corridors,['NRTBBGDD']
5Q8EDHQT,Clustering behavior of a bio-inspired decentralized aggregation scheme,['NRTBBGDD']
7AZGIPIN,An interactive wall game as an evolution of proto language,['NRTBBGDD']
CL2AFJ4R,Artificial cells as reified quines,['NRTBBGDD']
EIV49XMF,Spatial structure creates community-level selection for nutrient recycling,['NRTBBGDD']
6XJAR3ZW,Measuring information storage and transfer in swarms,['NRTBBGDD']
KVMWCDP4,The elongation catastrophe in physical self-replicators,['NRTBBGDD']
HXSBFHDQ,A decomposition theorem in chemical organizations,['NRTBBGDD']
8NZZRWAU,Many hands make light work: Group evolution and the emergent division of labour,['NRTBBGDD']
5KHG8WJI,An improved transfer entropy method for establishing causal effects in synchronizing oscillators,['NRTBBGDD']
5KX8Q5KU,Reflecting on open-ended evolution,['NRTBBGDD']
7RKLL39U,Ouroboros avatars: A mathematical exploration of self- reference and metabolic closure,['NRTBBGDD']
GE96D8DI,An animat's cell doctrine,['NRTBBGDD']
BH92TZ67,Learning by seeing -- associative learning of visual features through mental simulation of observed action,['NRTBBGDD']
DTRZNYTG,Self-organized flocking with an heterogeneous mobile robot swarm,['NRTBBGDD']
ZNMPPD9T,An update on the minimal cell project: From the physics of solute encapsulation to the experimental modeling of cell communities,['NRTBBGDD']
UN5DHASW,"Recruitment, selection and alignment of spatial language strategies",['NRTBBGDD']
RGJPCYMY,A schematic representation of autopoiesis using a new kind of discrete spatial automaton,['NRTBBGDD']
52IDQ6IS,Feeding the beast: Can computational demographic models free us from the tyranny of data?,['NRTBBGDD']
4H6HMXLL,An experimental and computational approach to the dynamic body boundary problem,['NRTBBGDD']
9TAV5KUE,Co-evolution of pre-play signaling and cooperation,['NRTBBGDD']
MRRUZD7L,How to measure group selection in real-world populations,['NRTBBGDD']
45HHA5EC,Quantifying evolutionary dynamics of swarm chemistry,['NRTBBGDD']
CJUMAD85,Swarms for robot vision: The case of adaptive visual trail detection and tracking,['NRTBBGDD']
S3GC2CBR,A biomimetic robot controller based o minimizing the unpredictability of the environment: allostatic control revised,['NRTBBGDD']
ETPFKGMQ,An innovative bio- inspired fault tolerant unitronics architecture,['NRTBBGDD']
U3LXVQFE,Local information maximisation creates emergent flocking behavior,['NRTBBGDD']
8IUQ9MIF,Using statistical inference for designing termination conditions ensuring convergence of Evolutionary Algorithms,['NRTBBGDD']
7TMJAPX2,Programs self-healing over a termites simulator based on language games and evolutionary computing,['NRTBBGDD']
YQBZF8NK,A DNA toolbox for engineering in vitro life-like behaviors,['NRTBBGDD']
F57TZEHK,Coordination games on small- worlds: Artificial agents vs. experiments,['NRTBBGDD']
6AAJ6HUT,Formalizing institutions as executable petri nets for distributed robotic systems,['NRTBBGDD']
BH94R4CE,"Robustness, evolvability, and accessibility in the signal- integration space of gene regulatory circuits",['NRTBBGDD']
K63AG62N,Homologous and nonhomologous rearrangements: Interactions and effects on evolvability,['NRTBBGDD']
GZYJPH5P,Evolutionary dynamics of collective action,['NRTBBGDD']
BGI5PKLI,Embodied copying for richer evolution,['NRTBBGDD']
WGZY6PW9,A checkpoint-orientated model to simulate unconstrained proliferation of cells,['NRTBBGDD']
MSCU2YV2,The influence of whole genome duplication and subsequent diversification on environmental robustness and evolutionary innovation in gene regulatory networks,['NRTBBGDD']
CXC72ZI3,An Experiment in mixing evolving and preprogrammed robots,['NRTBBGDD']
YQT37JG5,Embodied reaction logic in a simulated chemical computer,['NRTBBGDD']
LE8J67M8,Identifying species by genetic clustering,['NRTBBGDD']
BDMI64ZT,Learning symbolic forward models for robotic motion planning and control,['NRTBBGDD']
9SJYUHPE,Evolution of self-Maintaining cellular Information processing networks,['NRTBBGDD']
NYL8WRWM,Autonomous learning in an information stream through autopoiesis,['NRTBBGDD']
IHP5B99R,Virtual fluid environment on behavior ability for artificial creature,['NRTBBGDD']
XPDJQTNT,Surviving the tragedy of commons: Emergence of altruism in a population of evolving autonomous agents,['NRTBBGDD']
VITG3YJI,A cultural evolutionary model for artifact capabilities,['NRTBBGDD']
MLT7KQUE,Modeling cell division of B. Subtilis using dynamic division of reaction spaces in a membrane artificial chemistry,['NRTBBGDD']
CCAKVEV7,Digital sex: Causes and consequences,['NRTBBGDD']
47K9DAM8,Devil in the details: Analysis of a coevolutionary model of language evolution via relaxation of selection,['NRTBBGDD']
QM8EWF2S,Robotic approach to understand the role of vicarious trial-and-error in a T-maze task,['NRTBBGDD']
YXLU7GM6,Tipping the scales: guidance and intrinsically motivated behavior,['NRTBBGDD']
3448PJAR,Evolution of partner selection,['NRTBBGDD']
WK4DPW9F,Evolutionary acquisition of genetic program for death,['NRTBBGDD']
5JINGKPR,Cognitive conditions to the emergence of sign interpretation in artificial creatures,['NRTBBGDD']
39QHYCJN,Controlling legged robots with coupled artificial biochemical networks,['NRTBBGDD']
NRR2SSI6,Computational capabilities of small-world Boolean networks,['NRTBBGDD']
HUCRUT8A,Polyethism in a colony of artificial ants,['NRTBBGDD']
H28A5DZ6,Evolutionary attributes of simulated prebiotic metabolic networks,['NRTBBGDD']
VG9EQDAJ,Encouraging networks modularity by Seeding Motifs,['NRTBBGDD']
XZWQ8H2R,Reaction flow artificial chemistries,['NRTBBGDD']
DD2D3PR3,Prediction and modularity in dynamical systems,['NRTBBGDD']
XSITWB83,Scalable co-evolution of soft robot properties and gaits,['NRTBBGDD']
PWV6SCUB,Parsimonious modeling of scaling laws in genomes and transcriptomes,['NRTBBGDD']
VAEADDH6,A computational model of ant nest morphogenesis,['NRTBBGDD']
TE2TPC8I,Multi-Agent systems and heterogeneous scales interactions. Application to pharmacokinetics of Vitamin K antagonists,['NRTBBGDD']
8N6YXI2B,Genetic transposition inspired incremental genetic programming for efficient coevolution of locomotion and sensing of simulated snake-like robot,['NRTBBGDD']
27WVKGIN,Artificial organelle for energy production in artificial cell,['NRTBBGDD']
LLGNWHSP,Ecohydrologic and biogeochemical process networks in forest ecosystems in monsoon east asia: Identification and interpretation,['NRTBBGDD']
S962J7G4,Evolutionary dynamics of GAs in a simple model with dynamical environment and neutrality,['NRTBBGDD']
AA4T8DFZ,Energy as a driver of diversity in open-ended evolution,['NRTBBGDD']
PT3ZIR6P,Bondable cellular automata,['NRTBBGDD']
QVHCZIY8,Why aren't protein residue networks smaller worlds?,['NRTBBGDD']
23ZMB2J7,Social learning and evolution in a structured environment,['NRTBBGDD']
9P7LCX4I,Simulation of cell-like self-replication phenomenon in a two-dimensional hybrid-cellular automata model,['NRTBBGDD']
GK6G39H7,Autonomy of the internet: Complexity of flow dynamics in a packet switching network,['NRTBBGDD']
R2DZSKMQ,Computational modeling of online reaching,['NRTBBGDD']
L6Q8DUW6,A gene regulatory network design of a synchronous single-input delay flip-flop,['NRTBBGDD']
QMJM9NAC,Embodied genomes and metaprogramming,['NRTBBGDD']
2BYU277H,"Global structure of directed networks emerging from a category theoretical formulation of the idea ""Objects as processes, interactions as interfaces""",['NRTBBGDD']
A2KBQ79J,"Embodied swarming based on back propagation through time shows water- crossing, hourglass and logic-gate behaviors",['NRTBBGDD']
Z63QWJHG,EcoSim: an individual-based platform for studying evolution,['NRTBBGDD']
QEYM9IRE,Clever creatures: Case studies of evolved digital organisms,['NRTBBGDD']
GHRENZ66,Opening stable doors: complexity and stability in nonlinear systems,['NRTBBGDD']
M3A43T36,Explaining emergent behavior in a swarm system based on an inversion of the fluctuation theorem,['NRTBBGDD']
VKL92GW7,Promoting meme diversity and transmission fidelity in artificial proto-cultures,['NRTBBGDD']
QQTD872V,Non-template molecules designed for open-ended evolution,['NRTBBGDD']
DWP328KX,On computations and strategies for real and artificial systems,['NRTBBGDD']
7R22HNNM,Urdar - an artificial ecology platform,['NRTBBGDD']
RJT7DD4T,Life as a process of open-ended becoming: Analysis of a minimal model,['NRTBBGDD']
6DCGTLQW,A complex systems approach to education in Switzerland,['NRTBBGDD']
GWPQN9ZX,On the Difficulty of Co-Optimizing Morphology and Control in Evolved Virtual Creatures,['HIRGYWDY']
KNGUYEAL,Alife as a Model Discipline for Policy-Relevant Simulation Modelling: Might Worse Simulations Fuel a Better Science-Policy Interface?,['HIRGYWDY']
LED72XW6,Preface,['HIRGYWDY']
BC7RZT88,Complexity and Structural Properties in Scale-free Networks,['HIRGYWDY']
ZW8W55WE,Towards information based spatiotemporal patterns as a foundation for agent representation in dynamical systems,['HIRGYWDY']
T5LQF5D2,Quantifying Viability,['HIRGYWDY']
VG5Q82CZ,A Bottom-Up Approach to Machine Ethics,['HIRGYWDY']
X78YQQ2J,Does Empowerment Maximisation Allow for Enactive Artificial Agents?,['HIRGYWDY']
8EXMXYHC,Nonequilibrium thermodynamic stability: the apparent teleology of living beings,['HIRGYWDY']
QSU6UYGI,Robots can ground crowd-proposed symbols by forming theories of group mind,['HIRGYWDY']
5HYLY5X4,Listening to a world transformed: Perception in an inverted acoustic field.,['HIRGYWDY']
URNVRBEB,Social Contribution in the Design of Adaptive Machines on the Web,['HIRGYWDY']
TUGEP2SA,"Small Bugs, Big Ideas: Teaching Complex Systems Principles Through Agent-Based Models of Social Insects",['HIRGYWDY']
DXR9PHEP,Generating Artificial Plant Morphologies for Function and Aesthetics through Evolving L-Systems,['HIRGYWDY']
YEP5VZDJ,The human in the loop: volunteer-based metacomputers as a socio-technical system,['HIRGYWDY']
EXQG6N4F,Support Vector Machine and Spiking Neural Networks for Data Driven prediction of crowd character movement,['HIRGYWDY']
F7VF7V8S,A Telepresence-Robot Approach for Efficient Coordination of Swarms,['HIRGYWDY']
J5KIY8US,Artificial Interaction between Two Isolated Micro-Algae Populations for Autonomous Pattern and Rhythm Formation,['HIRGYWDY']
RFQSY58T,A Self-Replicating System of Ribosome and Replisome Factories,['HIRGYWDY']
2MDZZSCX,A Bio-Inspired Artificial Agent to Complete a Herding Task with Novices,['HIRGYWDY']
NTJ8KFRM,A Precarious Existence: Thermal Homeostasis of Simple Dissipative Structures,['HIRGYWDY']
UWXTKBC3,Emergent Bonding Properties in the Spiky RBN AChem,['HIRGYWDY']
L6HWYX5B,Robotic Automation to Augment Quality of Artificial Chemical Life Experiments,['HIRGYWDY']
R4H2VUCK,"EvoBot: An Open-Source, Modular Liquid Handling Robot for Nurturing Microbial Fuel Cells",['HIRGYWDY']
9TAMNHUK,Thresholds in Messy Chemistries,['HIRGYWDY']
MFQSK8LV,Generalized Stochastic simulation algorithm for Artificial Chemistry,['HIRGYWDY']
NNDE8V7U,Jordan Algebra AChems: Exploiting Mathematical Richness for Open Ended Design,['HIRGYWDY']
BCMTVKU7,PajaroLoco: A suite of programs to study complex adaptive properties of animal language. An example of a Cassins vireo syntax network.,['HIRGYWDY']
UTFFUEDA,A Boolean network model for invasive thyroid carcinoma,['HIRGYWDY']
M2VHGPR7,"Eukaryo: An Agent-based, Interactive Simulation of a Eukaryotic Cell",['HIRGYWDY']
TBM7WVUV,Flies as Ship Captains? Digital Evolution Unravels Selective Pressures to Avoid Collision in Drosophila,['HIRGYWDY']
Q6AYS22K,A 3D Multiscale Model of Chemotaxis in Bacteria,['HIRGYWDY']
YXX58HAW,Propagation of rhythmic dorsoventral wave in a neuromechanical model of locomotion in Caernohabditis elegans,['HIRGYWDY']
QRHEBWED,Learning Cassins Vireo (Vireo cassinii) syntax through grammatical inference,['HIRGYWDY']
KCJJ8Y4X,A Level Set Approach to Simulating Xenopus laevis Tail Regeneration,['HIRGYWDY']
N2X4RFE6,Visual Navigation in Simulated Pigeons,['HIRGYWDY']
GYL33AIY,"Shit Happens: The Spontaneous Self-Organisation of Communal Boundary Latrines via Stigmergy in a Null Model of the European Badger, Meles meles",['HIRGYWDY']
IVAAVNSN,Divergent Cumulative Cultural Evolution,['HIRGYWDY']
HCPWJKXC,Modeling the Evolution of Gene-Culture Divergence,['HIRGYWDY']
EWPA8HAA,Understanding Language Evolution in Overlapping Generations of Reinforcement Learning Agents,['HIRGYWDY']
2J8MBVCT,Evolving Artificial Language through Evolutionary Reinforcement Learning,['HIRGYWDY']
WG9UUUYR,Equality seekers or moderate monopolists: Social structure affects the evolution of distributive norms,['HIRGYWDY']
ACQTSE9T,Nobility-targeting raids among the Classic Maya: Cooperation in scale-free networks persists under tournament attack when population size fluctuates,['HIRGYWDY']
WR8UA34J,Cooperation and Reputation in Primitive Societies,['HIRGYWDY']
LXZ6G7XF,Cultural wave front expansion explains multiple stages of diversity during the Neolithic Transition in Europe,['HIRGYWDY']
BH64PT7L,Job Insecurity in Academic Research Employment: An Agent-Based Model,['HIRGYWDY']
2HXBCG3W,Population-Based Simulation of Gender Inequality Issues,['HIRGYWDY']
KW9HADZ3,Modeling the Evolution of Mimicry,['HIRGYWDY']
SNHKMQBC,The Effects of Evolution and Spatial Structure on Diversity in Biological Reserves,"['HIRGYWDY', 'QJ2I8FDW']"
Q9ZEZ5ZJ,How ecological inheritance can affect the evolution of complex niche construction in a 2D physical simulation,['HIRGYWDY']
CJEU86UQ,Social Systems and Ecosystems: History Matters,['HIRGYWDY']
4RPNYH7K,"The Prisoners Dilemma, Memory, and the Early Evolution of Intelligence",['HIRGYWDY']
HQX9HZEZ,Higher Order Cognition using Computers: Learning Abstract Concepts with Recursive Graph-based Self Organizing Maps,['HIRGYWDY']
Q3852ICG,Body Representations for Robot Ego-Noise Modelling and Prediction. Towards the Development of a Sense of Agency in Artificial Agents,['HIRGYWDY']
H7NVLNMJ,How long did it last? Memorizing interval timings in a simple robotic task,['HIRGYWDY']
KRGN8TN2,Fully Autonomous Real-Time Autoencoder-Augmented Hebbian Learning through the Collection of Novel Experiences,['HIRGYWDY']
UB6XZ95M,The Evolutionary Origins of Phenotypic Plasticity,"['HIRGYWDY', 'QJ2I8FDW']"
REEWSXJ6,The Relationship between Microscopic and Collective Properties in Gene Regulatory Network-based Morphogenetic Systems,['HIRGYWDY']
E2TFMI3V,Robotic cell surface mechanics,['HIRGYWDY']
3XQM5HZV,Evolved Developmental Strategies of Artificial Multicellular Organisms,['HIRGYWDY']
ZD38ZLJZ,Dynamic Structure Discovery and Repair for 3D Cell Assemblages,['HIRGYWDY']
BMNJ56ZR,Developmental Encodings Promote the Emergence of Hierarchical Modularity,['HIRGYWDY']
ISCLXW8M,Shape matters in cooperation,['HIRGYWDY']
NF8U8VPU,FSTaxis Algorithm: Bio-Inspired Emergent Gradient Taxis,['HIRGYWDY']
TYA2KEN7,Increasing Reward in Biased Natural Selection Decreases Task Performance,['HIRGYWDY']
3XWXA9XX,Task Allocation in Foraging Robot Swarms: The Role of Information Sharing,['HIRGYWDY']
ZH3EE74Z,Finding a Mate With Eusocial Skills,['HIRGYWDY']
RBLG4PJE,Small-world property promotes the evolution of distributive altruism,['HIRGYWDY']
4I93PGS7,Performance Metrics of Collective Coordinated Motion in Flocks,['HIRGYWDY']
EZPQ2TF6,The Evolution of Evolvability: Changing Environments Promote Rapid Adaptation in Digital Organisms,"['HIRGYWDY', 'QJ2I8FDW']"
LEJMNZGS,The Relationship Between Evolvability and Robustness in the Evolution of Boolean Networks,['HIRGYWDY']
5LT3E2AT,"Social Learning, Environmental Adversity and the Evolution of Cooperation",['HIRGYWDY']
A2N8XFGA,The Evolution of Evolvability in Evolutionary Robotics,['HIRGYWDY']
JHKLJSKN,Evolvability of Minimally Cognitive Agents,['HIRGYWDY']
V8CJ7SWI,Exploring the coevolution of predator and prey morphology and behavior,['HIRGYWDY']
GF453M6A,Evolution-in-Materio of a dynamical system with dynamical structures,['HIRGYWDY']
6I3UIBME,Material properties affect evolutions ability to exploit morphological computation in growing soft-bodied creatures,['HIRGYWDY']
EIH3CDHN,How the Strictness of the Minimal Criterion Impacts Open-Ended Evolution,['HIRGYWDY']
LG75BSYM,Evolution of Heterogeneous Cellular Automata in Fluctuating Environments,['HIRGYWDY']
UMGGIEGB,The Limits of Decidable States on Open-Ended Evolution and Emergence,['HIRGYWDY']
L6559L4W,Bio-Reflective Architectures for Evolutionary Innovation,['HIRGYWDY']
Q233BTES,"In Silico Experimental Evolution suggests a complex intertwining of selection, robustness and drift in the evolution of genetic networks complexity",['HIRGYWDY']
MWB7Z4VU,Reductive evolution towards primitive life: What will we see?,['HIRGYWDY']
R7ZZKXYK,Critical Mutation Rate has an Exponential Dependence on Population Size for Eukaryotic-Length Genomes,['HIRGYWDY']
TRNLM6NE,Towards the construction of a DNA genome replication system for an artificial cell,['HIRGYWDY']
ZLSWVCH6,Functional Modularity Enables the Realization of Smooth and Effective Behavior Integration,['HIRGYWDY']
CYYJLWUG,Evolving Specialisation in a Population of Heterogeneous Robots: the Challenge of Bootstrapping and Maintaining Genotypic Polymorphism,['HIRGYWDY']
4GV2GGBX,Neuroevolution of Feedback Control for Object Manipulation by 3D Agents,['HIRGYWDY']
8JUIW3IH,Self-organized control of an tendon driven arm by differential extrinsic plasticity,['HIRGYWDY']
EYQY4G3Y,"Spiral autowaves as minimal, distributed gait controllers for soft-bodied animats",['HIRGYWDY']
HIB6LQLW,Distributed Age-Layered Novelty Search,['HIRGYWDY']
NE3Y7VGH,How Complexity Pervades Specialization in Canonical Embodied Evolution,['HIRGYWDY']
EEVRQ5FE,Comparing Human and Automated Evaluation of Open-Ended Student Responses to Questions of Evolution,['HIRGYWDY']
WXFJKBIH,Evolving Real-time Heuristic Search Algorithms,['HIRGYWDY']
KAAJC2VR,Ant Geometers,['HIRGYWDY']
W5UG5LC7,Expansion of Perception Area in Cellular Automata Using Recursive Algorithm,['HIRGYWDY']
3CUP3VDJ,Evolving Cellular Automata to Perform User-Defined Computations,['HIRGYWDY']
N8LL96PH,Protein synthesis with liposome fusion and fission by using the freeze-thaw method,['HIRGYWDY']
SPPCW3RU,Microarray of programmable electrochemically active elements,['HIRGYWDY']
85H9I6XP,Protocells: what we have learned about minimal life and evolvability,['HIRGYWDY']
WF8TMZQ2,"Innovation, Variation, and Emergence in an Automata Chemistry","['NZJ98W5S', 'W2P8L2M2']"
L8NDJLQ5,An Integrated Perspective on the Constitutive and Interactive Dimensions of Autonomy,"['IZNW4QD2', 'W2P8L2M2']"
UCETUPFW,Contributions from parallel strategies for spatial orientation in C. elegans,['W2P8L2M2']
UKM9PX6K,Rank epistasis: A new model for analyzing epistatic interactions in the absence of quantifiable fitness interactions,"['QJ2I8FDW', 'W2P8L2M2']"
9D5VUJFG,Crowd grounding: finding semantic and behavioral alignment through human robot interaction.,['W2P8L2M2']
5KINUQVN,Predictions in the eye of the beholder: an active inference account of Watt governors,['W2P8L2M2']
5JS2TENH,"Sensory-Motor Gestalt: Sensation and Action as the Foundations of Identity, Agency, and Self",['W2P8L2M2']
UIDKHL4I,Truth or Consequences: Homeostatic Self-Regulation in Artificial Neural Networks,['W2P8L2M2']
L8WPJYYV,Anticipation as a Mechanism for Complex Behavior in Artificial Agents,['W2P8L2M2']
JEHMGCE6,Dynamic Interactive Artificial Intelligence: Sketches for a Future AI Based on Human-Machine Interaction,['W2P8L2M2']
CT6WPEHE,A mechanism to promote social behaviour in household load balancing,['W2P8L2M2']
5SHPEZSH,Socio-Physical Modelling and Declining Mobility,['W2P8L2M2']
ATMCXKP3,From Particles to Parts — Building Artificial Life from Multifunctional Composites,['W2P8L2M2']
5MRWCBLR,Conceptual Abstraction and Analogy in Artificial Intelligence,['W2P8L2M2']
4PRM2FD7,The Natural History of Information,['W2P8L2M2']
IY2AGGEY,New Frontiers in Alife: What was old is new again,['W2P8L2M2']
6IUCHRM3,Zero-Determinant Strategies under Observation Errors,['W2P8L2M2']
LMGCQFJ3,Adaptive One-dimensional Crawling Robot Driven by Simple Decentralized Control Mechanism,['W2P8L2M2']
DJLHEXZU,Extreme Ideas Emerging from Social Conformity and Homophily: An Adaptive Social Network Model,['W2P8L2M2']
GD3MDZLV,"Robot Cancer: what the bioelectrics of embryogenesis and regeneration can teach us about unconventional computing, cognition, and the software of life",['W2P8L2M2']
HN922XYE,A Top Down Chemically Embodied Artificial Life Computation,['W2P8L2M2']
TIHL3PNQ,When Specialists Transition to Generalists: Evolutionary Pressure in Lexicase Selection,['W2P8L2M2']
F5JPHCKS,A Precarious Sensorimotor Sequence Reiterator for Modelling Enactive Habits,['W2P8L2M2']
QZIAMBKB,Neuroevolution in Dynamically Changing Environments,['W2P8L2M2']
5WM3FT44,Emergence of Multistrain Epidemics with an Underlying Genotype Network,['W2P8L2M2']
RUHB9LR3,"Effects of Supervision, Population Size, and Self-Play on Multi-Agent Reinforcement Learning to Communicate",['W2P8L2M2']
JXSS4UJ9,Dynamical Systems Analysis of a Protocell,['W2P8L2M2']
5PNEULXH,Visual Hide and Seek,['W2P8L2M2']
UF4AKNXM,Experimental study of the effect of system composition on artificial chemotaxis of droplets,['W2P8L2M2']
2FHFFFNH,Interaction Between Evolution and Learning in NK Fitness Landscapes,['W2P8L2M2']
CW426NGT,Emerging Representations for Counting in a Neural Network Agent Interacting with a Multimodal Environment,['W2P8L2M2']
A5QCUH7R,One-dimensional reaction-diffusion model for intra- and inter- biofilm oscillatory dynamics,['W2P8L2M2']
RLSKPT6L,Designing Computational Substrates using Open-Ended Evolution,['W2P8L2M2']
SBZMU64A,MorphWorld: A State Transition Simulator,['W2P8L2M2']
3AABFM8I,Modeling the Influence of Social Feedback on Altruism using Multi-Agent Systems,['W2P8L2M2']
NBV835KU,Adapting to a changing environment: Simulating the effects of noise on animal sonification,['W2P8L2M2']
BZLHUVN8,Untangling chromosome mis-segregation from mutation in cancer initiation,['W2P8L2M2']
RCXSB7G6,Resilient Life: An Exploration of Perturbed Autopoietic Patterns in Conway's Game of Life,['W2P8L2M2']
N4ZQ3JNT,Exploring the robustness of insect-inspired visual navigation for flying robots,['W2P8L2M2']
ZTZI53EV,How Lévy Flights Triggered by Presence of Defectors Affect Evolution of Cooperation in Spatial Games,['W2P8L2M2']
IB7IXJAQ,Simulations on Herding a Flock of Birds Away from an Aircraft using an Unmanned Aerial Vehicle,['W2P8L2M2']
C3C38WF7,Understanding biological plume tracking behavior using deep reinforcement-learning,['W2P8L2M2']
UFAF6DRL,Architectural Plasticity in Spiking Neural Networks,['W2P8L2M2']
35Z43RQY,SPIDER: a Bioinspired Swarm Algorithm for Adaptive Risk-Taking,['W2P8L2M2']
T3KN63UY,Agents of Habit: Refining the Artificial Life Route to Artificial Intelligence,['W2P8L2M2']
FR5NZGW4,Best-effort computing with SPOTs and Spatial Threads,['W2P8L2M2']
J3FXQMXQ,A Framework for Search and Application Agnostic Interactive Optimization,['W2P8L2M2']
T5XU2QX8,Life-Span Expectancy and Cycle Size in the Original Autopoiesis Algorithm,['W2P8L2M2']
4VETVKVJ,Emergence of the tradeoff law of social relationships in artificial societies driven by dual memory mechanisms,['W2P8L2M2']
DCX95YTB,Morphology dictates learnability in neural controllers,['W2P8L2M2']
2UE8PYCJ,Open Questions in Creating Safe Open-ended AI: Tensions Between Control and Creativity,['W2P8L2M2']
JNAAF67Y,An introduction to using counterdiabatic driving to eliminate genetic lag in changing environments,['W2P8L2M2']
5P6WXVHJ,Reactive or Stable: A Plant-inspired Approach for Organisation Morphogenesis,['W2P8L2M2']
I6L6LVNG,Combinatory Chemistry: Towards a Simple Model of Emergent Evolution,['W2P8L2M2']
2YJDDA6C,The Role of Co-Representations in Joint Tracking,['W2P8L2M2']
FQGPF269,Reservoir Computing in Artificial Spin Ice,['W2P8L2M2']
8APLNS92,A Minimal River Crossing Task to Aid the Explainability of Evolutionary Agents,['W2P8L2M2']
SQGHMZ4H,Mechanisms of Social Learning in Evolved Artificial Life,['W2P8L2M2']
HVC99SGL,Visualizing computation in large-scale cellular automata,['W2P8L2M2']
BGT66ZIR,Robotic Canvas: Interactive Painting onto Robot Swarms,['W2P8L2M2']
47BDYSAV,Sample and time efficient policy learning with CMA-ES and Bayesian Optimisation,['W2P8L2M2']
FGMMU7G5,Coloured noise time series as appropriate models for environmental variation in artificial evolutionary systems,['W2P8L2M2']
HE58MGF4,Marangoni Based Motile Oil-Droplets in Simulated Artificial Chemistry,['W2P8L2M2']
53SR88TU,Lyfe in the Universe: A Definition Based on Four Pillars,['W2P8L2M2']
HM5N2IIF,Evolving Acoustic Niche Differentiation and Soundscape Complexity Based on Intraspecific Sound Communication,['W2P8L2M2']
B8388SGM,Lenia and Expanded Universe,['W2P8L2M2']
K5YGYB7Y,Fast and stable MAP-Elites in noisy domains using deep grids,['W2P8L2M2']
RFZ8X29C,Safe Reinforcement Learning through Meta-learned Instincts,['W2P8L2M2']
9WQEFAK6,Neural reuse in multifunctional neural networks for control tasks,['W2P8L2M2']
GFW2JW6Q,A Study of Severe Disruption in an Artificial Economy,['W2P8L2M2']
ASKJHNY8,Reinforcement learning beyond the Bellman equation: Exploring critic objectives using evolution,['W2P8L2M2']
4EW7FTLD,On two information-theoretic measures of random fuzzy networks,['W2P8L2M2']
NA2P5WH9,Cellular Automata Simulation of RNA Self-Replicators,['W2P8L2M2']
WGKNG48A,Evolving developmental neural networks to solve multiple problems,['W2P8L2M2']
MHTKHZVE,Data-Driven Modeling of Resource Distribution in Honeybee Swarms,['W2P8L2M2']
XR8E2Q4K,Evolution of Diverse Swarm Behaviors with Minimal Surprise,['W2P8L2M2']
PXPZZLV6,Phase Spaces of the Strategy Evolution in the El Farol Bar Problem,['W2P8L2M2']
GH3J95Z2,Modeling the Impact of Social Comparison on Student Engagement by the Equity Theory,['W2P8L2M2']
DHENQCEJ,Web as an Evolutionary Ecosystem: Emergence of Keystone Species,['W2P8L2M2']
4B9J75AV,On Pros and Cons of Evolving Topologies with Novelty Search,['W2P8L2M2']
PG4YWRDJ,Thermodynamics and kinetics of Lesion Induced DNA Amplification (LIDA),['W2P8L2M2']
G9B6N4MJ,Adapting to Unseen Environments through Explicit Representation of Context,['W2P8L2M2']
CNJG2C2Z,Learning to Cooperate in a Socially Optimal Way in Swarm Robotics,['W2P8L2M2']
UZXATT2Q,Foraging Swarms using Multi-Agent Reinforcement Learning,['W2P8L2M2']
RS3CEJ7R,Sexual Selection Compared to Novelty Search,['W2P8L2M2']
7HAZVU8C,Competition Dynamics in a Chemical System of Self-replicating Macrocycles,['W2P8L2M2']
HP5X32WJ,Measuring Autonomy for Life-Like AI,['W2P8L2M2']
ZLGB5LG8,Cognition Evolves with the Emergence of Environmental Patchiness,['W2P8L2M2']
453C4LVR,Explaining and Exploiting the Advantages of Down-sampled Lexicase Selection,['W2P8L2M2']
TQ6GCPS8,"What Matters? Agent Concerns, Agent-designer Concerns",['W2P8L2M2']
T5MQYS93,Classification of Complex Systems Based on Transients,['W2P8L2M2']
AI72QNDI,Modelling Artificial Immune – Tumor Ecosystem Interaction During Radiation Therapy Using a Perceptron – Based Antigen Pattern Recognition,['W2P8L2M2']
FJFCBF3U,Dynamic natural kinds: Open-ended evolution in the joints of nature,['W2P8L2M2']
CS8WALRJ,Putting oneself in everybody's shoes - Pleasing enables indirect reciprocity under private assessments,['W2P8L2M2']
2PSDR4I3,Morphologically programming the interactions of V-shaped falling papers,['W2P8L2M2']
PPXFGTFX,Selection and Accelerated Divergence in Hashtag Evolution on a Social Network Service,['W2P8L2M2']
Y5564CYU,Communication in Decision Making: Competition favors Inequality,['W2P8L2M2']
LBJ89S9D,Temperature-based inputs for molecular reservoir computers,['W2P8L2M2']
G4UNWLTH,How Different Encodings Affect Performance and Diversification when Evolving the Morphology and Control of 2D Virtual Creatures,['W2P8L2M2']
JWRZC3ZS,Reservoir Computing with Random Chemical Systems,['W2P8L2M2']
QBUHP6BB,Computational Hierarchy of Elementary Cellular Automata,"['8AV7IL2Y', 'BRYRT8V7']"
5DRNZLFZ,World Models and Attention for Reinforcement Learning,['BRYRT8V7']
JY683G73,Tracking Multiple Fast Targets With Swarms: Interplay Between Social Interaction and Agent Memory,['BRYRT8V7']
YS4BJ8R5,Exploration in Evolutionary Space by Hashtag Evolution on a Social Network Service,['BRYRT8V7']
9JU79DRE,Asynchronicity in Neural Cellular Automata,['BRYRT8V7']
KXZKAPJN,Tracking data flow in digital brains exposes coincidental encryption,['BRYRT8V7']
CX6R9N3X,Diversity Control in Evolution of Movement,['BRYRT8V7']
GYLAMDWL,Generating reward structures on a parameterized distribution of dynamics tasks,['BRYRT8V7']
LKFUAHBJ,Growing Opportunities to Grow: Toward Open-Ended Multi-Agent Communication Learning,['BRYRT8V7']
KX5R4DKV,Using MAP-Elites to direct the evolution of desired neural characteristics,['BRYRT8V7']
RTZNQ8PX,Emergence of structures from parasitic species in a spatially distributed molecular system,['BRYRT8V7']
TEW29FZP,The Comparative Hybrid Approach to Investigate Cognition across Substrates,['BRYRT8V7']
FQWSTXXQ,Connections between Noisy Fitness and Selection Strength,['BRYRT8V7']
Q8GFY3RY,Resurrecting FPGA Intrinsic Analog Evolvable Hardware,['BRYRT8V7']
H3N23KVW,A Probabilistic Game of Life on a Quantum Annealer,['BRYRT8V7']
8IBUJVWS,Goals for Self-Replicating Neural Networks,['BRYRT8V7']
XIJTDK5W,Modeling behavioral experiments on uncertainty and cooperation with population-based reinforcement learning - Extended Abstract,['BRYRT8V7']
TSI5NMC9,Growing 3D Artefacts and Functional Machines with Neural Cellular Automata,['BRYRT8V7']
RNCFWWNJ,Safer Reinforcement Learning through Transferable Instinct Networks,['BRYRT8V7']
AJR2TTZC,Searching for initial parameters in cell colony spatial pattern generation,['BRYRT8V7']
4WWVYNXZ,The Dynamical Landscape of Reservoir Computing with Elementary Cellular Automata,['BRYRT8V7']
99ZULE2D,A Genome-Wide Evolutionary Simulation of the Transcription-Supercoiling Coupling,['BRYRT8V7']
T88EDQRR,Physical reservoir computing in a soft swimming robot,['BRYRT8V7']
89FK2UNJ,Introducing asymptotics to the state-updating rule in Lenia,['BRYRT8V7']
3ZAXBR6E,A Representation of Artificial Spin Ice for Evolutionary Search,['BRYRT8V7']
EKUER7XE,Towards open-ended evolutionary simulator for developing novel tumour drug delivery systems,['BRYRT8V7']
VD56QJ4S,The emergence of collective response to decisions in a group of physical agents,['BRYRT8V7']
3IA5TZL2,Spontaneous modular NeuroEvolution arising from a life/dinner paradox,['BRYRT8V7']
4UGVCXUJ,Random Networks with Quantum Boolean Functions,['BRYRT8V7']
9HXRYEA7,Incentive for Self-Protection in a Collective System: a Swarm Robotics Case Study,['BRYRT8V7']
CI2USEZN,Adaptation-By-Proxy: Contagion Effect of Social Buffering in an Artificial Society,['BRYRT8V7']
AJNX73KN,Evolution of Neural Complexity in Division of Labor Tasks,['BRYRT8V7']
ZRQV4JSX,An Artificial Creature Approach to the Origin of Acoustic Communication,['BRYRT8V7']
X4TBD2TE,Active Dynamical Prospection: Modeling Mental Simulation as Particle Filtering for Sensorimotor Control during Pathfinding,['BRYRT8V7']
IPNMWQ84,Hyperdescriptions of Quantum Dynamics - A Case Study for Avian Magnetoreception,['BRYRT8V7']
4YU68XD3,Exploring collective intelligence in animal fission-fusion dynamics,['BRYRT8V7']
EMSULFKW,Quality Evolvability ES: Evolving Individuals With a Distribution of Well Performing and Diverse Offspring,['BRYRT8V7']
43CWCFTX,What is a Parasite? Defining reaction and network properties in an open ended automata chemistry,['BRYRT8V7']
TV23VXTZ,Major transitions in evolution and finite time singularities: Human wealth history,['BRYRT8V7']
WZFFBYJP,Designing Considerate Swarms,['BRYRT8V7']
LGMGNPXU,An evolutionary game theory analysis of trust in repeated games and lessons for human-machine interactions,['BRYRT8V7']
S7K9IEJW,Simulating short- and long-term evolutionary dynamics on rugged landscapes,['BRYRT8V7']
ELA2WS5F,Increased Complexity and Fitness of Artificial Cells that Reproduce Using Spatially Distributed Asynchronous Parallel Processes,['BRYRT8V7']
YTD8JTSY,Co-evolution of Initial Configuration and Control in Evolutionary Robotics,['BRYRT8V7']
EIMF457S,"The dynamical regime and its importance for evolvability, task performance and generalization",['BRYRT8V7']
LGPG2IIN,Reservoir computing with self-organizing neural oscillators,['BRYRT8V7']
KE2UPHZ5,Imprecise Fusion Operators for Collective Learning,['BRYRT8V7']
382INPU4,Efficient Spike Timing Dependent Plasticity rule for Complex-Valued Neurons,['BRYRT8V7']
CIEUECDT,A Sustainable Ecosystem through Emergent Cooperation in Multi-Agent Reinforcement Learning,['BRYRT8V7']
3ZZFNRTB,Objective Sampling Strategies for Generalized Locomotion Behavior with Lexicase Selection,['BRYRT8V7']
RJNS2RIQ,Influence of the geometry on the agglomeration of a polydisperse binary system of spherical particles,['BRYRT8V7']
H76ZUKZ7,Reaction kinetics exploration of a protocellular metabolism,['BRYRT8V7']
K2UQPGBM,The Role of Speaker Prestige in Synthetic Language Evolution,['BRYRT8V7']
FFMNI2XR,Architecture of the Genotype-Phenotype Map and the Coevolution of Complexity,['BRYRT8V7']
YBDCSDAE,A graph-theoretic approach to understanding emergent behavior in physical systems,['BRYRT8V7']
CDEZ39J8,Friendly-rivalry solutions for direct reciprocity,['BRYRT8V7']
CRQ3XBDC,A Regulation Dilemma in Artificial Intelligence Development,['BRYRT8V7']
FCBNEXRR,Generating Agent Based Models From Scratch With Genetic Programming,['BRYRT8V7']
CY7HMAC4,Sensorimotor behavior under informational constraints: a robotic model of prey localization in the bat,['BRYRT8V7']
DWLIWZKU,When a Robot Writes a Play: Automatically Generating a Theatre Play Script,['BRYRT8V7']
YJISAZ6S,Recursively Fertile Self-replicating Neural Agents,['BRYRT8V7']
PRB5I2V3,Supervision and Evolution: Pretraining Neural Networks for Quadrupedal Locomotion,['BRYRT8V7']
RIUR3XWR,Liquid Crystal Phase Assembly in Peptide-DNA Coacervates as a Mechanism for Primitive Emergence of Structural Complexity,['BRYRT8V7']
QV97U7XT,Social Search Evolves with the Emergence of Clustered Environments,['BRYRT8V7']
M5HDZKTX,Learning to Penalize Other Learning Agents,['BRYRT8V7']
79WW4A7U,Species in Morphogenesis: Introducing Symbiogenesis as an Additional Method for the Evolutionary Process of an Artwork,['BRYRT8V7']
ZU43B4RX,Identification of Lifelike Characteristics of Human Crowds Through a Classification Task,['BRYRT8V7']
DZK46KRX,Studying Embodied Cognition in the Android Alter,['BRYRT8V7']
ZAN2UJHC,Towards Autopoietic SB-AI,['BRYRT8V7']
PAS38BAF,An organismic inspired strategy for adaptive control,['BRYRT8V7']
H8IJ9SWU,A Concept of Full Plant Morphology Modeling for Robot-Plant Bio-Hybrids,['BRYRT8V7']
DHMFVT2B,Toward Population-Level Biohybrid Systems: Bioinspiration and Behavior,['BRYRT8V7']
MMKSKFKZ,Underwater communication with artificial electric sense,['BRYRT8V7']
BLNJVXKS,A Design of a Virtual Agent that Facilitates a Spatial and Online Communication by Use of Social Particle Swarm Model,['BRYRT8V7']
PIE7KGQJ,Evaluation of the effect of mimicry on facial expression in Avatar-Mediated Communication,['BRYRT8V7']
3DZKYLRK,Toward artificial cells/living cells communication in hybrid ensembles,['BRYRT8V7']
W7MYFBZR,Control of collective behaviours through artificial feedbacks,['BRYRT8V7']
VGJUZ5PU,Can Robots Inform a Honeybee Colony's Foraging Decision-Making?,['BRYRT8V7']
RQKLX82V,Bio-Hybrid Systems for Ecosystem Level Effects,['BRYRT8V7']
M7WFVLBY,Towards investigating the influence of probabilistic robot motion parameters on archerfish behavior in fish-robot interactions,['BRYRT8V7']
ZSPY5GS9,Robots communicating with fish: Integration requires reciprocal interaction,['BRYRT8V7']
JFMS96H3,The methods of biorobotics,['BRYRT8V7']
E25CKZSD,WatchPlant: Networked Bio-hybrid Systems for Pollution Monitoring of Urban Areas,['BRYRT8V7']
LGFCJHFC,Biomimetic robots promote the 3Rs Principle in animal testing,['BRYRT8V7']
8LZAEIZE,Acute Citalopram administration alters zebrafish social dynamics in a behavioral teleporting experiment,['BRYRT8V7']
6M9NCASI,Biohybrid Entities for Environmental Monitoring,['BRYRT8V7']
26KVHXJX,Controlling invasive species with biologically-inspired robots,['BRYRT8V7']
XS8UYS3H,Any colour you like: using animal-robot interaction to unravel mechanisms promoting phenotypically heterogeneous fish aggregations,['BRYRT8V7']
8IEPGPEK,Towards animal phenotype transfer into biomimetic robots: the LAMPETRA project,['BRYRT8V7']
3EZRBDA4,Decomposing the Prediction Problem Autonomous Navigation by neoRL Agents,['BRYRT8V7']
ZS3B76JQ,Evolving Modular Robots: Challenges and Opportunities,['BRYRT8V7']
J7ALUUT9,Differentiable Programming of Reaction-Diffusion Patterns,['BRYRT8V7']
6833CPPR,The effect of selecting for different behavioral traits on the evolved gaits of modular robots,['BRYRT8V7']
IIFTV5WI,A Monocular Depth Estimator to Perceive Crater Illusions in Several Characteristics,['BRYRT8V7']
H8E4Y7P8,Listening to Ecosystems as Complex Adaptive Systems: Toward Acoustic Early Warning Signals,['BRYRT8V7']
TLAZ8FP8,Evolution of morphology through sculpting in a voxel based robot,['BRYRT8V7']
6NNXRAM9,The Impact of Early-death on Phenotypically Plastic Robots that Evolve in Changing Environments,['BRYRT8V7']
BSG7LQLE,Artificial Cognitive Map System based on Generative Deep Neural Networks,['BRYRT8V7']
HCBDG5XT,Psychophysical Tests Reveal that Evolved Artificial Brains Perceive Time like Humans,['BRYRT8V7']
D77F3Y48,How Artificial Life Researchers Can Help Address Complex Societal Challenges,['BRYRT8V7']
FEY3HRWE,The Evolution of Genetic Robustness for Cellular Cooperation in Early Multicellular Organisms,"['QJ2I8FDW', 'UVWPZ5R6']"
3JV773B5,The evolution of adaptive phenotypic plasticity stabilizes populations against environmental fluctuations,"['QJ2I8FDW', 'UVWPZ5R6']"
QDP6LE2T,Hereditary Stratigraphy: Genome Annotations to Enable Phylogenetic Inference over Distributed Populations,"['QJ2I8FDW', 'UVWPZ5R6']"
D2XYVBEH,Detecting New Phase Transition Points in Large-Scale Numerical Simulations of an Adaptive Social Network Model,['UVWPZ5R6']
5DEZCQFN,On the Trajectories of Planetary Civilizations: Asymptotic Burnout vs. Homeostatic Awakening,['UVWPZ5R6']
2TSBRMEC,Symbiosis in Digital Evolution: A Review and Future Directions,['UVWPZ5R6']
9VBJB3U4,Innovation and informal knowledge exchanges between firms,['UVWPZ5R6']
6Q358E6H,A Participatory Complex Systems Modelling Approach Towards Rewilding in the UK,['UVWPZ5R6']
4BUDQ7XU,"AgTech that doesn’t cost the Earth: Creating sustainable, ethical and effective agricultural technology that enhances its social and ecological contexts",['UVWPZ5R6']
XSLV4ZY2,Minimal Models for Spatially Resolved Population Dynamics – Applications to Coexistence in Multi – Trait Models,['UVWPZ5R6']
LDNBTU4H,Towards Hierarchical Hybrid Architectures for Human-Swarm Interaction,['UVWPZ5R6']
BB9XPJYH,Modelling a Common Cognitive Bias and a Simple Heuristic to Overcome it,['UVWPZ5R6']
8FM9DGMX,Modeling the Cell as a Network of Parallel Processes—a New Approach,['UVWPZ5R6']
GJSMKGNG,En route for implanting a minimal chemical perceptron into artificial cells,['UVWPZ5R6']
WQXV3TQK,Navigating blind without a map: models of active wayfinding,['UVWPZ5R6']
UG3GBU4I,Analogical comparison of circuits generating a multiply realizable walking behavior,['UVWPZ5R6']
98B6VP3Y,Inside looking out,['UVWPZ5R6']
HKUBRUN7,Evolutionary stability of host-endosymbiont mutualism is reduced by multi-infection,['UVWPZ5R6']
FRIJCYRV,Finding Chemical Organisations in Matter-Conserving AChems,['UVWPZ5R6']
6APAUIHA,Growing Isotropic Neural Cellular Automata,['UVWPZ5R6']
YJPR4NM5,Evolution of Developmental Strategies in NK Fitness Landscapes,['UVWPZ5R6']
ZLVCYZEH,Two Theories of Responsiveness,['UVWPZ5R6']
YXYCYQJS,A Modeling and Experimental Framework for Understanding Evolutionary and Ecological Roles of Acoustic Behavior Using a Generative Model,['UVWPZ5R6']
S53WDKYT,Simulations and the evolution of consciousness,['UVWPZ5R6']
IHQ9BGJL,Augmenting Evolution with Bio-Inspired “Super Explorers”,['UVWPZ5R6']
SMWD5IV8,String: a programming language for the evolution of ribozymes in a new computational protocell model,['UVWPZ5R6']
A6E4CVTP,Towards a Unified Framework for Technological and Biological Evolution,['UVWPZ5R6']
WD75M6SI,Self-recognition as Optimisation,['UVWPZ5R6']
Q732768Y,Gradient Climbing Neural Cellular Automata,['UVWPZ5R6']
I2TS6PKK,The Information Complexity of Navigating with Momentum,['UVWPZ5R6']
V4ZMBRVT,Bottom-up formation of number representation and top-down understanding of symbolic manipulation,['UVWPZ5R6']
EWDVW5FV,What does functional connectivity tell us about the behaviorally-functional connectivity of a multifunctional neural circuit?,['UVWPZ5R6']
FUDJL4JL,Glaberish: Generalizing the Continuously-Valued Lenia Framework to Arbitrary Life-Like Cellular Automata,['UVWPZ5R6']
HDT94Z4A,Ethics of Artificial Life: The Moral Status of Life as It Could Be,['UVWPZ5R6']
BHDYFHAP,Generation of Complex Patterns using Coupled Generative Adversarial Networks,['UVWPZ5R6']
6V4VYXTW,Network Diversity Promotes Safety Adoption in Swift Artificial Intelligence Development,['UVWPZ5R6']
JM9D4CSP,Lifeforms potentially useful for automated underwater monitoring systems,['UVWPZ5R6']
YMDE7GR3,Step Size is a Consequential Parameter in Continuous Cellular Automata,['UVWPZ5R6']
YHMEXFYY,Is Prediction Required? Using Evolutionary Robotics to Investigate How Systems Cope with Self-Caused Sensory Stimuli,['UVWPZ5R6']
H9AUWZ95,Centralized and Decentralized Control in Modular Robots and Their Effect on Morphology,['UVWPZ5R6']
89EL65G2,A Partial Integro-Differential Equation-Based Model of Adaptive Social Network Dynamics,['UVWPZ5R6']
M3NJIUCB,Shake on It: The role of Commitments and the Evolution of Coordination in Networks of Technology Firms,['UVWPZ5R6']
EBAJ7RUF,The Last One Standing? - Recent Findings on the Feasibility of Indirect Reciprocity under Private Assessment,['UVWPZ5R6']
URVYU73Q,Exploiting Intrinsic Multi-Agent Heterogeneity for Spatial Interference Reduction in an Idealised Foraging Task,['UVWPZ5R6']
7L9YE6X3,Adversarial Takeover of Neural Cellular Automata,"['UB6FXMLS', 'UVWPZ5R6']"
H9QRZLUT,Shape Change and Control of Pressure-based Soft Agents,['UVWPZ5R6']
H8ZK5BLY,Pseudo-attractors in Random Boolean Network Models and Single-Cell Data,['UVWPZ5R6']
H2Z96R3T,Cost-efficiency of institutional reward and punishment in cooperation dilemmas,['UVWPZ5R6']
QWBRMZTL,Towards an FPGA Accelerator for Markov Brains,['UVWPZ5R6']
78RL69RB,Toward automatic generation of diverse congestion control algorithms through co-evolution with simulation environments,['UVWPZ5R6']
YXC5A3TE,Reliably Re-Acting to Partner’s Actions with the Social Intrinsic Motivation of Transfer Empowerment,['UVWPZ5R6']
S8Z2YGW2,Firefly-inspired vocabulary generator for communication in multi-agent systems,['UVWPZ5R6']
M3L8WQMP,DIAS: A Domain-Independent Alife-Based Problem-Solving System,['UVWPZ5R6']
FTFKZ4NZ,Perpetual Crossers without Sensory Delay: Revisiting the Perceptual Crossing Simulation Studies,['UVWPZ5R6']
S4UV5PVM,Exploration and exploitation of the adjacent possible space for open-endedness,['UVWPZ5R6']
52SIN7BU,Physical Obstacles Constrain Behavioral Parameter Space of Successful Localization in Honey Bee Swarms,['UVWPZ5R6']
UDPMMMEQ,Simulations of Vesicular Disentanglement,['UVWPZ5R6']
L8RHPGMB,Towards Adaptive Sensorimotor Autonomy: Developing a system that can adapt to its own emergent and dynamic needs,['UVWPZ5R6']
8CKY9FS6,PPS3D: A 3D Variant of the Primordial Particle System,['UVWPZ5R6']
ZIBDIR7V,Paths in a Network of Polydisperse Spherical Droplets,['UVWPZ5R6']
7M7U6CUW,Emergence of Novelty in Evolutionary Algorithms,['UVWPZ5R6']
LSQENRCK,Multi-Objective Evolutionary Game Theory: A case study in cancer therapy,['UVWPZ5R6']
X5SFK7JD,Q-learning for real time control of heterogeneous microagent collectives,['UVWPZ5R6']
UGIM96JS,The Evolution of Fractal Protein Modules in Multicellular Development,['UVWPZ5R6']
3HHQHAHB,Empathic Active Inference: Active Inference with Empathy Mechanism for Socially Behaved Artificial Agent,['UVWPZ5R6']
PBS5I254,Lineage Selection in Mixed Populations for Genetic Improvement,['UVWPZ5R6']
4R7MPT8N,On the Entanglement between Evolvability and Fitness: an Experimental Study on Voxel-based Soft Robots,['UVWPZ5R6']
TRATJFTL,On the Mutual Influence of Human and Artificial Life: an Experimental Investigation,['UVWPZ5R6']
7TIZH366,Testing the Efficiency of a Genome-Wide Association Study on a Computational Evolutionary Model,['UVWPZ5R6']
YK3I99I5,Dirty Transmission Hypothesis: Increased Mutations During Horizontal Transmission Can Select for Increased Levels of Mutualism in Endosymbionts,['UVWPZ5R6']
K3VFT686,Keep Your Frenemies Closer: Bacteriophage That Benefit Their Hosts Evolve to be More Temperate,['UVWPZ5R6']
DF9H8E3G,Evolving Unbounded Neural Complexity in Pursuit-Evasion Games,['UVWPZ5R6']
ZRV4HPJY,Endosymbiosis or Bust: Influence of Ectosymbiosis on Evolution of Obligate Endosymbiosis,['UVWPZ5R6']
AMKSKBGB,Voluntary safety pledges overcome over-regulation dilemma in AI development: an evolutionary game analysis,['UVWPZ5R6']
TGJB4TRC,The benefits of credit assignment in noisy video game environments,['UVWPZ5R6']
NQ9NPS7E,Automated Ligand Design in Simulated Molecular Docking,['UVWPZ5R6']
9YVTXKTW,Heterogeneity and Robustness in Social Learning,['UVWPZ5R6']
B2YWT9JR,Efficiency Through GPU-based Co-Evolution of Control and Pose in Evolutionary Robotics,['UVWPZ5R6']
YRUFR7GB,The 2022 Conference on Artificial Life (full proceedings PDF),"['UVWPZ5R6', 'X8BMQW6T']"
J6HJ5KYH,Canonical Computations in Cellular Automata and Their Application for Reservoir Computing,['FTMNZCJG']
WT9CY6FA,The Degeneracy of Control Architectures in Cell Lineages: Implications for Tissue Homeostasis,['FTMNZCJG']
Y6ED297A,"Self-Replication, Spontaneous Mutations, and Exponential Genetic Drift in Neural Cellular Automata",['FTMNZCJG']
NXZ2MG3B,Real-time Evolution of Multicellularity with Artificial Gene Regulation,['FTMNZCJG']
TSNIEV9P,Amorphous Fortress: Observing Emergent Behavior in Multi-Agent FSMs,"['CWMCTSHL', 'FTMNZCJG']"
D6XBEPP2,"Individuality in Swarm Robots with the Case Study of Kilobots: Noise, Bug, or Feature?",['FTMNZCJG']
3VEY7F6Z,The Effect of Noise on the Emergence of Continuous Norms and its Evolutionary Dynamics,['FTMNZCJG']
8ZNWIXZE,Toward Phylogenetic Inference of Evolutionary Dynamics at Scale,"['FTMNZCJG', 'QJ2I8FDW']"
QU38RQ5A,Potentiating Mutations Facilitate the Evolution of Associative Learning in Digital Organisms,"['FTMNZCJG', 'QJ2I8FDW']"
HIWVARU5,Social Neural Network Soups with Surprise Minimization,['FTMNZCJG']
KW95TR2A,Searching in the Dark: Evolving Biobot Swarm Compositions to Efficiently Explore Obstructed Environments,['FTMNZCJG']
HT94LFCW,Exploring the Rich Behaviour of Developmental Graph Cellular Automata,['FTMNZCJG']
JFS6XM47,Developmental Graph Cellular Automata,['FTMNZCJG']
M9B9PEAG,Characterizing the Role of Homeostatic Plasticity in Central Pattern Generators,['FTMNZCJG']
3U9BZKI7,Between you and me: A systematic analysis of mutual social interaction in perceptual crossing agents,['FTMNZCJG']
WF4JE28C,The Clash of Agents’ Worlds: Simulation Experiments for Investigating the Case of Encounters Between Agents With Different Social Ontogenies,['FTMNZCJG']
A9ZH2T4W,A π-calculus Model of Supercoiling DNA Circuits,['FTMNZCJG']
GGPRP4LC,Flow-Lenia: Towards open-ended evolution in cellular automata through mass conservation and parameter localization,['FTMNZCJG']
KLG3I5I4,Of Typewriters and PCs,['FTMNZCJG']
BA298MTV,Towards Self-Assembling Artificial Neural Networks through Neural Developmental Programs,['FTMNZCJG']
NI8KJV4M,Decomposing Viability Space,['FTMNZCJG']
N8TIAHEW,Ecosystem of clusters made of self-propelled droplet surfers,['FTMNZCJG']
HSTSKBC3,Interaction Strengths Affect Whether Ecological Networks Promote the Initiation of Egalitarian Major Transitions,['FTMNZCJG']
XV43I8TT,Evolving Dynamic Collective Behaviors by Minimizing Surprise,['FTMNZCJG']
X7F27KWV,Identifying molecular selection using Assembly Theory and closed-loop experiments,['FTMNZCJG']
U2LZAS8M,Evolution of symbiotic task-based digital genomes: ectosymbiosis hastens the evolution of endosymbiosis,['FTMNZCJG']
K2VFUIUE,Simulating Disease Spread During Disaster Scenarios,['FTMNZCJG']
X8KM7A83,How excessive elitism can facilitate the evolution of morphology and behavior of artificial creatures with NEAT,['FTMNZCJG']
XDCI98BP,The Role of Abiotic Parameters in the Promotion of Egalitarian Major Evolutionary Transitions,['FTMNZCJG']
NUMSGNLL,Multi-agent City Expansion With Land Use and Transport,['FTMNZCJG']
VAZ2LI2M,The Sun Always Rises: Behavioral Attunement to Abiotic Reins,['FTMNZCJG']
W5724CXX,Open-Ended Library Learning in Unsupervised Program Synthesis,['FTMNZCJG']
ZCPC8T3G,A Robust Programmable Replicator for an Indefinitely Scalable Machine,['FTMNZCJG']
G2LQ2V7X,Ghosts in a Shell: An Immersive Art Experience for ALIFE23,['FTMNZCJG']
RRDJ3GTX,Innovation dynamics in multi-scalar systems of cities,['FTMNZCJG']
BTQ7ARGF,The Cognitive Archaeology of Sociocultural Lifeforms,['FTMNZCJG']
APQWH56W,Social Emotional Valence for Regulating Empathy in Active Inference,['FTMNZCJG']
ZV7JLLUG,A Naturalised Account of Planning in Intelligent Systems,['FTMNZCJG']
X82GCKHM,"Timescales, Levels of Organization, and Multi-objective Agents",['FTMNZCJG']
IGLKAVHK,Free will and algorithms: a typical androrithm,['FTMNZCJG']
RK4NGADX,Detecting and Classifying Degradation in Robotic Swarms: An Experimental Study,['FTMNZCJG']
YRERQ7AA,From Basic Empathy to Basic Trust in Human-Robot Relation: A Phenomenological Proposal,['FTMNZCJG']
4XD2U2HA,Exploring Intervention in Co-Evolving Deliberative Neuro-Evolution with Reflective Governance for the Sustainable Foraging Problem,['FTMNZCJG']
C85SHKLK,Is ChatGPT Really Disembodied?,['FTMNZCJG']
K8X3SUUK,Playing and Being Played by the Drums,['FTMNZCJG']
Y5ZTGM69,Designing Emergence in Games,['FTMNZCJG']
WHEIV5CJ,Free Lunch in Evolutionary Embodied Computation in Modular Robotics,['FTMNZCJG']
3EL2BU3C,Simulating the Evolutionary Response of a Viral Pandemic to Behaviour Change,['FTMNZCJG']
AXWX9SBK,Examining the Role of Incentives in Scholarly Publishing with Multi-Agent Reinforcement Learning,['FTMNZCJG']
9YTDEMXJ,To Comply or Not: A Social Dynamics Analysis of Institutional Reward and Punishment for Commitment Compliance,['FTMNZCJG']
NU3P5QD8,How Individual Heterogeneity impacts Spreading Dynamics in Urban Proximity Networks: A case-study of virus spreading in the city of Brussels,['FTMNZCJG']
7NZQ9JCS,Optimisation of hybrid institutional incentives for cooperation in finite populations,['FTMNZCJG']
YB8M85CN,A tale of two Regulatory Markets: the role of institutional incentives in supporting sustainable Regulatory Markets for future AI systems,['FTMNZCJG']
27MH36CF,Design and preliminary results of a joint metamemory experiment for the evolution of co-representation,['FTMNZCJG']
BBUFQTL3,Emergence of Differentiation of Deterministic/Stochastic Behavior in Ants’ Collectives,['FTMNZCJG']
NXWHHQ7P,"Evolutionary Algorithms in the Light of SGD: Limit Equivalence, Minima Flatness, and Transfer Learning",['FTMNZCJG']
DCRUZFYU,An Ising-like Model for Language Evolution,['FTMNZCJG']
6LQIECEP,Modeling Evolutionary Development with Indirect Encodings on Dynamic NK Fitness Landscapes,['FTMNZCJG']
AB89PEIM,Evolving Collective AI: Simulation of Ants Communicating via Chemicals,['FTMNZCJG']
QTZE7TPK,Finding Sparse Initialisations using Neuroevolutionary Ticket Search (NeTS),['FTMNZCJG']
PP3RP3D7,The Role of Disequilibrium in Evolutionary Discovery,['FTMNZCJG']
9T327HNZ,Decentralized Control and Morphological Evolution of 2D Virtual Creatures,['FTMNZCJG']
HY9N2WE2,The Wetware Route to Explore Embodied Cognition: A Proposal,['FTMNZCJG']
43BLS7WE,A Chemical Compiler for the Synthesis of Branched Oligomers on Standardized Chemical Reaction Structures,['FTMNZCJG']
F37RS24D,The Nexican Stand-Off: Social Contracts and Popular Legitimacy in n-Player High Stakes Resource Competition Games,['FTMNZCJG']
5YEBND8B,Emergent rewards in open-ended systems,['FTMNZCJG']
L26I3MT9,Recognition of Behavioural Intention in Repeated Games using Machine Learning,['FTMNZCJG']
M7YP245H,Engineering Surrogate Models for Boid Systems,['FTMNZCJG']
EB9UFLWZ,Exploring Multi-Level Inter-Scale Information Flow in Large-Scale Boids Model,['FTMNZCJG']
76H9TZFP,Computational evolution of gene circuit topologies to meet design requirements,['FTMNZCJG']
Z8V47Y8T,Reformalizing the notion of autonomy as closure through category theory as an arrow-first mathematics,['FTMNZCJG']
8G7PUAEH,Network simulation of depression as a complex system with treatment components,['FTMNZCJG']
EPCIFHPT,Bayesian ghosts in a machine?,['FTMNZCJG']
GPR8SELT,Evolution of Pleiotropy and Epistasis in a Gene Regulatory Network,['FTMNZCJG']
FIYHLQYS,Evolving Folding Bodies and Brains in Origami Robots,['FTMNZCJG']
3MJC4YZ3,Towards open-ended evolution based on CVT-MAP-Elites with dynamic switching between feature spaces,['FTMNZCJG']
B9Z87ELS,A Computational Method to Support Chemical Product Design Based on Multi-objective Optimisation and Graph Transformers,['FTMNZCJG']
KMWGFXFY,Experimental evolution of music styles using automatic composition models,['FTMNZCJG']
R86XMSYB,Collective Cargo Transport and Sorting with Molecular Swarms,['FTMNZCJG']
SIVHZBY5,Binding affinity distributions drive adaptation in GRN evolution,['FTMNZCJG']
IA9VDTT9,Investigating Goldfish’s Behaviour Under Different Visual Stimuli,['FTMNZCJG']
9X3KJ2S2,An Empirical Model of Goldfish Escaping Strategy,['FTMNZCJG']
EJJ53AZL,The Impact of Agent Density and Environmental Factors on Target Tracking Swarms,['FTMNZCJG']
CS4PR6V7,Competitive Exclusion in an Artificial Foraging Ecosystem,['FTMNZCJG']
FR7Y9U3Y,Dispelling Ghosts: Observations on Life and Mind,['FTMNZCJG']
YUPDHG4B,An Optimized Search Strategy may be Induced by the Stochastic Response to Previously Visited Locations,['FTMNZCJG']
4IXIBTKG,EINCASM: Emergent Intelligence in Neural Cellular Automaton Slime Molds,['FTMNZCJG']
GXSRKBAE,Effects of compliant and structural parts in evolved modular robots,['FTMNZCJG']
U5QQXVA8,Frame by frame? A contrasting research framework for time experience,['FTMNZCJG']
3AYK45P9,Multimodal Plastic Body and Peripersonal Space Representation Developed Through Learning of Visuo-Tactile-Proprioceptive Sensations,['FTMNZCJG']
7TSBG7HP,Does Kinematic-Based Pretraining Improve Evolution of Quadrupedal Gaits?,['FTMNZCJG']
V3AXWG8S,Arbitrary Order Meta-Learning with Simple Population-Based Evolution,['FTMNZCJG']
6KVCAJYD,Toward cultures of rhythm in legged robots,['FTMNZCJG']
B6LBDHFR,Go by Its Name: Evolution and Analysis of Conceptual Referential Communication,['FTMNZCJG']
XPRWNX9X,On the Existence of Information Bottlenecks in Living and Non-Living Systems,['FTMNZCJG']
HALNUE5N,Dynamics of niche construction in adaptable populations evolving in diverse environments,['FTMNZCJG']
V33E3QWV,Evolving Music from a Self-Organising Nanomagnetic Orchestra,['FTMNZCJG']
TFXHTBPJ,A Markovian framework to study the evolution of complexity and resilience in chemical organizations,['FTMNZCJG']
P9Z3JBYR,Locally adaptive cellular automata for goal-oriented self-organization,['FTMNZCJG']
R89FGDSH,In silico morphogenetic engineering with differentiable programming,['FTMNZCJG']
7GBRAPJT,WHEN CAPITAL CITIES MOVE: THE POLITICAL GEOGRAPHY OF NATION AND STATE BUILDING,['5ZZNMSP8']
BDGEFQN3,"There and back again: local institutions, an Uruk expansion and the rejection of centralisation in the Sirwan/Upper Diyala region",['5ZZNMSP8']
7BMFUQ3R,Evolved Open-Endedness in Cultural Evolution: A New Dimension in Open-Ended Evolution Research,['5ZZNMSP8']
ZL73SE29,"ALCHEMISTS, WARRIORS, SOLDIERS: RE- IMAGINING MILITARISM THROUGH SHOUNEN",['5ZZNMSP8']
P7Z74JNU,Deconstructing 'Decentralization': Exploring the Core Claim of Crypto Systems,['5ZZNMSP8']
TKDIWA44,Inverse Occam's razor,['5ZZNMSP8']
KGKBVVJE,Blue Skies Research and the global economy,['5ZZNMSP8']
8NGRJ9IN,Why ex post peer review encourages high-risk research while ex ante review discourages it,['5ZZNMSP8']
E3TIBH3S,Estimating the reproducibility of psychological science,['5ZZNMSP8']
QGEK3JSX,Contest models highlight inherent inefficiencies of scientific funding competitions,['5ZZNMSP8']
ILPIX6LX,Rationalizing risk aversion in science: Why incentives to work hard clash with incentives to take risks,['5ZZNMSP8']
FF8CIAMV,"Analysis of Greek prehistoric combat in full body armour based on physiological principles: A series of studies using thematic analysis, human experiments, and numerical simulations",['5ZZNMSP8']
LCX5GFKP,The Strength of Weak Ties,['5ZZNMSP8']
UXSSZU8B,Telling more than we can know: Verbal reports on mental processes,['5ZZNMSP8']
9SC747AD,Does Science Advance One Funeral at a Time?,['5ZZNMSP8']
G7YYWB2Z,A desire for a loud car with a modified muffler is predicted by being a man and higher scores on psychopathy and sadism,['5ZZNMSP8']
KF9FWUZH,The Egyptian pyramid chain was built along the now abandoned Ahramat Nile Branch,['5ZZNMSP8']
JQID9ZS9,Surnames of Jewish People in the Land of Israel from the Sixteenth Century to the Beginning of the Twentieth Century,['5ZZNMSP8']
RQ43ZNB4,The evolution of strongly-held group identities through agent-based cooperation,['5ZZNMSP8']
3567ZIRR,Agent-based modelling as scientific method: a case study analysing primate social behaviour,['5ZZNMSP8']
3SYIKTBW,The son also rises: surnames and the history of social mobility,['5ZZNMSP8']
G8LXUMM5,Rapid urbanisation is stoking paranormal anxieties in China | Aeon Essays,['5ZZNMSP8']
UZQHLHUZ,"Ghosts haunt cities, seeking revenge for the disappeared past | Aeon Essays",['5ZZNMSP8']
T2WMRCGV,Cultural evolution: How Darwinian theory can explain human culture and synthesize the social sciences,['5ZZNMSP8']
P325EKU5,"Classification and Evolution in Biology, Linguistics and the History of Science: Concepts – Methods – Visualization",['5ZZNMSP8']
25LDHYPP,Cultural evolvability and cognitive technologie,['5ZZNMSP8']
7BXJPB6X,Cultural evolution: A review of theoretical challenges,['5ZZNMSP8']
LN6MBUZN,What is cumulative cultural evolution?,['5ZZNMSP8']
8CJ8PB83,Towards a unified science of cultural evolution,['5ZZNMSP8']
CRXN8XGH,Agent-based computational economics: growing economies from the bottom up,['5ZZNMSP8']
PRPQSHB3,Methodology in Research on the Rainbow Body: Anthropological and Psychological Reflections on Death and Dying,['5ZZNMSP8']
VEGKUYLE,Persistence Despite Revolutions,['5ZZNMSP8']
LMVZFVVG,"Surnames and Social Mobility in England, 1170–2012",['5ZZNMSP8']
C6P5V7K2,"Social mobility in China, 1645–2012: A surname study",['5ZZNMSP8']
SZNDRNZT,Transhumanism: Savior of humanity or false prophecy?,['ZHJKZ68T']
7BJ9XB63,Postmortem Examination of Three Cryonic Suspension Patients,['ZHJKZ68T']
JAMK6MMZ,Dear Dr. Bedford - An Open Letter to the First Frozen Man,['ZHJKZ68T']
HLQCJRJD,Suspension Failures: Lessons from the Early Years,['ZHJKZ68T']
KKWUISDI,What ever happened to the first cryogenically frozen humans?,['ZHJKZ68T']
CUNQE6GE,Craftax: A Lightning-Fast Benchmark for Open-Ended Reinforcement Learning,['CWMCTSHL']
ZTNN4LB4,"Foreclosing possibility in virtual worlds: An exploration of language, space, and bodies in the simulation of gender and <i>Minecraft </i> - ProQuest",['CWMCTSHL']
QKXBEGVB,"Journeys in Intensity: Human and Nonhuman Co-Agency, Neuropower, and Counterplay in Minecraft",['CWMCTSHL']
KG8H4VH2,‘I don’t think you’re going to have any aborigines in your world’: Minecrafting terra nullius,['CWMCTSHL']
Z5ML5IJF,Digital Conquerors: Minecraft and the Apologetics of Neoliberalism,['CWMCTSHL']
T9H7JASZ,On the 10-year anniversary of minecraft: two interventions in extractive colonialism,['CWMCTSHL']
HD5YYR2G,Evolutionary Optimization of Baba Is You Agents,['CWMCTSHL']
XJ9SUIDK,Baba is You is Undecidable,['CWMCTSHL']
E6ZBU6FZ,"RimWorld: Contrarian, Ridiculous, and Impossible Game Design Methods",['CWMCTSHL']
W2QZI57S,Quality Diversity in the Amorphous Fortress (QD-AF): Evolving for Complexity in 0-Player Games,['CWMCTSHL']
TSNIEV9P,Amorphous Fortress: Observing Emergent Behavior in Multi-Agent FSMs,"['CWMCTSHL', 'FTMNZCJG']"
DIPQVBKH,EvoCraft: A New Challenge for Open-Endedness,['CWMCTSHL']
D8VH5VUJ,Evolving Flying Machines in Minecraft Using Quality Diversity,['CWMCTSHL']
KQYUUDTJ,Ecogames: Playful Perspectives on the Climate Crisis,['CWMCTSHL']
Q8AVZ8GN,Playing with Rules : Exploring Practical and Theoretical Potentials of Rules as a Play-Centric Tool,['CWMCTSHL']
64LWHWF3,REACTIVE GAMES AS AN EXAMPLE OF EXTENSIVE USE OF EVOCATIVE NARRATIVE ELEMENTS IN DIGITAL GAMES: THE CASES OF DWARF FORTRESS AND RIMWORLD,['CWMCTSHL']
9L52KDLJ,When the Fourth Layer Meets the Fourth Wall: The Case for Critical Game Retellings,['CWMCTSHL']
YBGDZ3D9,"“Generator’s Haunted”: A Brief, Spooky Account of Hauntological Effects in the Player Experience of Procedural Generation",['CWMCTSHL']
UKIPCSXY,The Ontology of Incremental Games: Thinking Like the Computer in Frank Lantz’s Universal Paperclips,['MD6WN7GS']
QENX65AV,Incremental Games,['MD6WN7GS']
FL9BSMIE,Incremental Game Mechanics Applied to Text Annotation,['MD6WN7GS']
MB2HBVES,The End of Capitalism: Disengaging From the Economic Imaginary of Incremental Games,['MD6WN7GS']
M8B3BQHE,Leveraging Idle Games to Incentivize Intermittent and Frequent Practice of Deep Breathing,['MD6WN7GS']
Z9CC9K5W,A study of interaction in idle games & perceptions on the definition of a game,['MD6WN7GS']
S5JTKB9L,Playing to Wait: A Taxonomy of Idle Games,"['KFUV8FJ4', 'MD6WN7GS']"
I4MRGZBD,"""It Started as a Joke"": On the Design of Idle Games",['MD6WN7GS']
DJDBRVAW,Interpassivity and the joy of delegated play in idle games: DiGRA UK Conference &amp Meeting,['MD6WN7GS']
NLAAGI4A,Enhancing social exergames through idle game design,['MD6WN7GS']
Y29CEF8I,Busy doing nothing? What do players do in idle games?,['MD6WN7GS']
CWNSQ3FB,Idle Games: A Cozy Genre Turned Exploitative,['MD6WN7GS']
7NS4ATSK,Exploring Engagement in Idle Game Design,['MD6WN7GS']
P28YXMRY,Can sociality facilitate learning of complex tasks? Lessons from bees and flowers,['2NSAMAFE']
QCLGX5FB,"Scaffolding individuality: coordination, cooperation, collaboration and community",['2NSAMAFE']
9ADARY52,Steps to individuality in biology and culture,['2NSAMAFE']
EYCR7IIG,Conditions that favour cumulative cultural evolution,['2NSAMAFE']
STWDNU32,Human socio-cultural evolution in light of evolutionary transitions: introduction to the theme issue,['2NSAMAFE']
CUHSVGVU,Cultural specialization as a double-edged sword: division into specialized guilds might promote cultural complexity at the cost of higher susceptibility to cultural loss,['2NSAMAFE']
SP2N2HPA,Evolutionary ecology of language origins through confrontational scavenging,['2NSAMAFE']
7TM9NTVU,The economic superorganism in the complexity of evolution,['2NSAMAFE']
8PTSU7BA,Communication for collaborative computation: two major transitions in human evolution,['2NSAMAFE']
PWF5QTM6,The interplay of social identity and norm psychology in the evolution of human groups,['2NSAMAFE']
J3QKRTHS,Human major transitions from the perspective of distributed adaptations,['2NSAMAFE']
ZXI2ERPN,Human cooperation and evolutionary transitions in individuality,['2NSAMAFE']
YMWCJQ5L,Can models of evolutionary transition clarify the debates over the Neolithic Revolution?,['2NSAMAFE']
62V59T89,Evolution of the Okvik/Old Bering Sea culture of the Bering Strait as a major transition,['2NSAMAFE']
VSEPX4KV,Four reasons for scepticism about a human major transition in social individuality,['2NSAMAFE']
FG98RZ3I,Human societal development: is it an evolutionary transition in individuality?,['2NSAMAFE']
F8ZPUYYX,The transition from animal to human culture—simulating the social protocell hypothesis,['2NSAMAFE']
LK8MBW8P,Major evolutionary transitions in individuality between humans and AI,['2NSAMAFE']
B9CV2EHG,"What piece of academic writing has inspired you, and why?",['W4BDLJV3']
598RTVTG,A mathematician's lament,['W4BDLJV3']
PMPHPQNU,ANNIHILATION OF CASTE - ENGLISH - AMBEDKAR,['W4BDLJV3']
9JYEHTUJ,Women and Girls as Upper Palaeolithic Cave ‘Artists’: Deciphering the Sexes of Finger Fluters in Rouffignac Cave,['W4BDLJV3']
HC7S5RXI,"Women's Devotional Bequests of Textiles in the Late Medieval English Parish Church, c. 1350–1550",['W4BDLJV3']
ISUS9UZW,Participatory Discrepancies and the Power of Music,['W4BDLJV3']
XMDJXYVY,"The Ethic of Expediency: Classical Rhetoric, Technology, and the Holocaust",['W4BDLJV3']
DA9J2U5P,Homage to Santa Rosalia or Why Are There So Many Kinds of Animals,['W4BDLJV3']
AQIKAPVC,THE MAN WHO MISTOOK HIS WIFE FOR A HAT,['W4BDLJV3']
QJ4X9N3G,Windows in Space and Time: A Personal Perspective on Birth and Death,['W4BDLJV3']
MB2326CR,Defining reality : definitions and the politics of meaning,['W4BDLJV3']
AWS9JYUR,The Intelligibility of Interrupted Speech,['W4BDLJV3']
UILDBHHU,Cosmopolis: The Hidden Agenda of Modernity,['W4BDLJV3']
TXCYTKWW,The need for a new medical model: a challenge for biomedicine,['W4BDLJV3']
SZHVFYF4,Ghostly Matters: Haunting and the Sociological Imagination,['W4BDLJV3']
DZ9CBJPP,"PLATO'S ""EUTHYPHRO"": An Analysis and Commentary",['W4BDLJV3']
SU7QKDJA,CHURCH FATHERS: On Grace and Free Will (St. Augustine),['W4BDLJV3']
4YKPERDP,How to write a sentence : and how to read one,['W4BDLJV3']
ARNAA5VI,Baudrillard_Simulacra and Simulations,['W4BDLJV3']
S3REPZGD,"Society must be defended : lectures at the Collège de France, 1975-76 : Foucault, Michel : Free Download, Borrow, and Streaming : Internet Archive",['W4BDLJV3']
CZZXU5GZ,The Queen of America Goes to Washington City: Essays on Sex and Citizenship,['W4BDLJV3']
3AC2M5XF,The University and the Undercommons: SEVEN THESES,['W4BDLJV3']
M7DC6WFK,"The Grasshopper: Games, Life and Utopia",['W4BDLJV3']
HUTLL7QG,Masculinities,['W4BDLJV3']
H57ZMX76,Germinal Center Dynamics Revealed by Multiphoton Microscopy with a Photoactivatable Fluorescent Reporter,['W4BDLJV3']
5DYSTQPB,Far Eastern Monkey Lore,['W4BDLJV3']
H4YJY9DQ,"Statistical Inference - Casella, George; Berger, Roger L.: 9780534119584 - AbeBooks",['W4BDLJV3']
AWUBEPRZ,"The Possessive Investment in Whiteness: Racialized Social Democracy and the ""White"" Problem in American Studies",['W4BDLJV3']
3ZSC5GYK,Future Shock by Alvin Toffler: 9780593159477 | PenguinRandomHouse.com: Books,['W4BDLJV3']
2IBY7VL6,"Philology and ""Weltliteratur""",['W4BDLJV3']
9ZQ6I5ZZ,The Youth of Early Modern Women,['W4BDLJV3']
SGDM5HSU,Their Way of Writing,['W4BDLJV3']
SLRA2ZVX,"Ceremony versus Consent: Courtship, Illegitimacy, and Reputation in Northwest England, 1560-1610 | The Sixteenth Century Journal: Vol 37, No 1",['W4BDLJV3']
K6DFAK8M,Writing Without Words: Alternative Literacies in Mesoamerica and the Andes,['W4BDLJV3']
84YVRJ4P,Sister Outsider by Audre Lorde: 9781580911863 | PenguinRandomHouse.com: Books,['W4BDLJV3']
7RCVKNMP,Making Markets on the Margins: Housing Finance Agencies and the Racial Politics of Credit Expansion,['W4BDLJV3']
ZJ63W67I,Gender Trouble: Feminism and the Subversion of Identity,['W4BDLJV3']
2VXY2PQ7,How to Build an Economic Model in Your Spare Time,['W4BDLJV3']
V32SGUDZ,All About Love - bell hooks - Paperback,['W4BDLJV3']
6B6KWW67,Bison Ecology and Bison Diplomacy: The Southern Plains from 1800 to 1850,['W4BDLJV3']
Q8ED34P4,Barking up the Wrong Branch: Scientific Alternatives to the Current Model of Sociological Science,['W4BDLJV3']
QN4W25DQ,Slender Trouble: From Berlant's Cruel Figuring of Figure to Sedgwick's Fat Presence,['W4BDLJV3']
ANE2WXIC,My Words to Victor Frankenstein Above the Village of Chamounix: Performing Transgender Rage,['W4BDLJV3']
P62Z44KJ,Dilemmas in a general theory of planning,['W4BDLJV3']
5WGZYWNB,An‐arrgh‐chy: The Law and Economics of Pirate Organization,['W4BDLJV3']
SEBWA288,Institutional Change and the Transformation of Interorganizational Fields: An Organizational History of the U.S. Radio Broadcasting Industry,['W4BDLJV3']
UA8K6Y6Z,Ideas of Nature,['W4BDLJV3']
A787ZLCN,A Mathematical Theory of Communication,['W4BDLJV3']
C5UX9AGZ,The Mismeasure of Man,['W4BDLJV3']
CLECAHRL,"Discipline and punish : the birth of the prison : Foucault, Michel, 1926-1984 : Free Download, Borrow, and Streaming : Internet Archive",['W4BDLJV3']
FDDREZTA,"Specters of Marx : the state of the debt, the work of mourning, and the New international",['W4BDLJV3']
YJRPY9VN,"Ambiguities of Domination: Politics, Rhetoric, and Symbols in Contemporary Syria",['W4BDLJV3']
DC65HK7X,"A Cyborg Manifesto: Science, Technology, and Socialist-Feminism in the Late Twentieth Century",['W4BDLJV3']
B74PNTN2,Silencing The Past: Power And The Production Of History,['W4BDLJV3']
2YNBSYK3,The spandrels of San Marco and the Panglossian paradigm: a critique of the adaptationist programme | Proceedings of the Royal Society of London. Series B. Biological Sciences,['W4BDLJV3']
7ZSCK2AM,Orthography development for Darma (The case that wasn’t),['W4BDLJV3']
E479UQU5,"The presentation of self in everyday life : Goffman, Erving : Free Download, Borrow, and Streaming",['W4BDLJV3']
7QNAI9E8,Decolonization is not a metaphor,['W4BDLJV3']
E8IW6T3H,Extending the frontiers: Justice and the reincarnated person in Akan thought,['3FCBCRZZ']
2FRD6NJM,Reincarnation research: II. Independent investigators and a multi-trait/multi-method approach,['3FCBCRZZ']
3UU44N7P,"Chapter One - Belief in karma: How cultural evolution, cognition, and motivations shape belief in supernatural justice",['3FCBCRZZ']
LBD7ATB7,"The Reincarnation Process - A Scientific Perspective | Dr. Adrian Klein, PhD | download on Z-Library",['3FCBCRZZ']
KI5H2HC2,"Reincarnation: Mechanics, Narratives, and Implications",['3FCBCRZZ']
EYUBIMCU,"Reincarnation, Predestination and Moral Responsibility: Critical Issues in Akan Philosophy",['3FCBCRZZ']
GCRXGLUN,The African Conception of Death: A Cultural Implication,['3FCBCRZZ']
Q7BWRQRW,"Karma, reincarnation, and medicine: Hindu perspectives on biomedical research",['3FCBCRZZ']
VMAFAX78,Can Population Growth Rule Out Reincarnation? A Model of Circular Migration,['3FCBCRZZ']
8UQF7PRC,Reincarnation in the Yoruba Ontology: Abiku,['3FCBCRZZ']
PFU5CKUU,Seasoning Chinese cooking pans: The nanoscience behind the Kitchen God's blessing,['9QT49SDN']
CTWHA8K5,Limb-specific autonomic dysfunction in complex regional pain syndrome modulated by wearing prism glasses,"['9QT49SDN', 'GUI6PF3I']"
LT2I9UFV,Tangled genetic relationships within the Fusobacterium genus,['9QT49SDN']
75GG82T4,"Sex change every year: A unique reproductive strategy of the stony coral, Fimbriaphyllia (Euphyllia) ancora",['9QT49SDN']
SLBLGUQZ,The agency of women in Frank Herbert’s Dune series.,['9QT49SDN']
YZDQH9LC,The Bene Gesserit in Frank Herbert’s Dune,['9QT49SDN']
6BQWSLWB,Science in the age of selfies,['9QT49SDN']
GC54NVGV,Supernatural Products: An Illiterature Review. A compilation of each entrant in our competition.,['9QT49SDN']
SI6GE3MZ,"Open-source, high performance miniature multiphoton microscopy systems for freely behaving animals",['9QT49SDN']
DCLTKCA7,"Outer membrane vesicles can contribute to cellulose degradation in Teredinibacter turnerae, a cultivable intracellular endosymbiont of shipworms",['9QT49SDN']
7M3BZPUD,Controlled experiment finds no detectable citation bump from Twitter promotion,['9QT49SDN']
4I9HCP5E,Integrated intracellular organization and its variations in human iPS cells,['9QT49SDN']
QW73DYUR,Direct observation of a crescent-shape chromosome in expanded Bacillus subtilis cells,['9QT49SDN']
F36AAZ3A,Hot mixing: Mechanistic insights into the durability of ancient Roman concrete,['9QT49SDN']
7TLFA2SS,GPT-4 Technical Report,['9QT49SDN']
6BBZTWSE,The illusion of moral decline,['9QT49SDN']
9R3HIFPX,Mastering Diverse Domains through World Models,['9QT49SDN']
KY9LQKMQ,Asymptotic burnout and homeostatic awakening: a possible solution to the Fermi paradox?,['9QT49SDN']
H83HWQ4D,Talking About Large Language Models,['9QT49SDN']
GGQGR4AF,The Enactive and Interactive Dimensions of AI: Ingenuity and Imagination Through the Lens of Art and Music,['9QT49SDN']
TG7GVTGT,Brain charts for the human lifespan,['9QT49SDN']
JGHJTWXQ,"A golden age for computing frontiers, a dark age for computing education?",['9QT49SDN']
ZU5AZLHC,Is the Sun Conscious?,['9QT49SDN']
LT9Z8DCE,Projections of global-scale extreme sea levels and resulting episodic coastal flooding over the 21st Century,['9QT49SDN']
C6FPJRIH,Use caution when applying behavioural science to policy,['9QT49SDN']
YF52NR36,"Minecraft as a Tool for Engaging Children in Urban Planning: A Case Study in Tirol Town, Brazil",['9QT49SDN']
F2SEATUK,Solving Sudoku With Ant Colony Optimization,['9QT49SDN']
RTP9WCLN,Knowledge in the dark: scientific challenges and ways forward,['9QT49SDN']
XXXD5RQQ,Precision Jumping Limits from Flight-phase Control in Salto-1P,['9QT49SDN']
J2B6HK3P,Inferring Hierarchical Motifs from Execution Traces,['9QT49SDN']
XRTYJBG9,Name-Ethnicity Classification and Ethnicity-Sensitive Name Matching,['9QT49SDN']
QNG2LKLE,When Two Bodies Are (Not) a Problem: Gender and Relationship Status Discrimination in Academic Hiring,['9QT49SDN']
25K4994K,On the Viability of Conspiratorial Beliefs,['9QT49SDN']
F3FNLSU8,Cyanobacteria and the Great Oxidation Event: evidence from genes and fossils,['9QT49SDN']
L85Y35PR,Fusion peptides from oncogenic chimeric proteins as putative specific biomarkers of cancer,['9QT49SDN']
AHGXCPEF,Alternatives to Peer Review: Novel Approaches for Research Evaluation,['9QT49SDN']
M5WS24KK,The Bene Gesserit in Frank Herbert's Dune. An Analysis,['9QT49SDN']
VHVQI7ML,Automatic Classification of One-Dimensional Cellular Automata,['9QT49SDN']
4DR44F2M,Transmission of Information by Extraterrestrial Civilizations.,['9QT49SDN']
2EX4ANIG,"On Computable Numbers, with an Application to the Entscheidungsproblem",['9QT49SDN']
5KQRQMI9,Evolvability: A Unifying Concept in Evolutionary Biology?,['JEGQVKH4']
GS6PDAAZ,Functions in biological and artificial worlds: comparative philosophical perspectives,['JEGQVKH4']
DF2F5JWC,Convergent evolution: limited forms most beautiful,['JEGQVKH4']
RSIAYV3W,Rethinking cancer: a new paradigm for the post genomics era,['JEGQVKH4']
KAZTDI2D,The major transitions in evolution revisited,['JEGQVKH4']
5WX56EIE,The Evolution of Multicellularity (Evolutionary Cell Biology),['JEGQVKH4']
C678NCF5,Multicellularity: origins and evolution,['JEGQVKH4']
PRZDYJHA,Modularity: understanding the development and evolution of natural complex systems,['JEGQVKH4']
G23HHN98,Levels of Organization in the Biological Sciences,['JEGQVKH4']
BEW8H7U9,The major transitions in evolution,['JEGQVKH4']
6WUKR725,From groups to individuals: evolution and emerging individuality,['JEGQVKH4']
LUZXCWSF,Evolution of communication systems: a comparative approach,['JEGQVKH4']
CTP4E9YV,"Evolution ""On Purpose""",['JEGQVKH4']
V648DPP4,The individual in the animal kingdom,['JEGQVKH4']
4PRE3CXS,Taichi: a language for high-performance computation on spatially sparse data structures,['YD7YBX88']
CSPDIJT8,Altruists Proliferate Even at a Selective Disadvantage within Their Own Niche,['YD7YBX88']
39DI4ZLW,Surveillance Graphs: Vulgarity and Cloud Orthodoxy in Linked Data Infrastructures,['YD7YBX88']
V8GTI3BJ,Petalz: Search-Based Procedural Content Generation for the Casual Gamer,['YD7YBX88']
WQHP3V7X,Illuminating search spaces by mapping elites,['YD7YBX88']
MC7NPAAH,Generating meaning: active inference and the scope and limits of passive AI,['YD7YBX88']
9C87WQV3,Illuminating protein space with a programmable generative model,['YD7YBX88']
M6KR2HBY,Explorative Synthetic Biology in AI: Criteria of Relevance and a Taxonomy for Synthetic Models of Living and Cognitive Processes,['YD7YBX88']
8YCH8S6L,Evolving the placement and density of neurons in the hyperneat substrate,"['B9AII4TX', 'YD7YBX88']"
7HE5E7ZW,Efficient Evolution of Neural Networks Through Complexification,"['B9AII4TX', 'YD7YBX88']"
IJDU46LA,Evolving Neural Networks through Augmenting Topologies,"['B9AII4TX', 'YD7YBX88']"
C7AF2QQI,Efficient evolution of neural network topologies,"['B9AII4TX', 'YD7YBX88']"
74MZTIFW,HyperNCA: Growing Developmental Networks with Neural Cellular Automata,['B9AII4TX']
8YCH8S6L,Evolving the placement and density of neurons in the hyperneat substrate,"['B9AII4TX', 'YD7YBX88']"
7HE5E7ZW,Efficient Evolution of Neural Networks Through Complexification,"['B9AII4TX', 'YD7YBX88']"
IJDU46LA,Evolving Neural Networks through Augmenting Topologies,"['B9AII4TX', 'YD7YBX88']"
C7AF2QQI,Efficient evolution of neural network topologies,"['B9AII4TX', 'YD7YBX88']"
TM6VAX4S,Aevol-9: A simulation platform to decipher the evolution of genome architecture,['KTMBLE5R']
UDRKVGTZ,"Optimization of Replication, Transcription, and Translation in a Semi-Synthetic Organism","['JCXM2GM7', 'KTMBLE5R']"
4U8GUKH5,A semi-synthetic organism with an expanded genetic alphabet,"['JCXM2GM7', 'KTMBLE5R']"
HNTFCAX9,Openly available illustrations as tools to describe eukaryotic microbial diversity,['KTMBLE5R']
8K9V8GKU,"Deep phylogeny, ancestral groups and the four ages of life",['KTMBLE5R']
DNAYIXSB,"Comparative Genomics: 20th International Conference, RECOMB-CG 2023, Istanbul, Turkey, April 14–15, 2023, Proceedings",['KTMBLE5R']
UL75A6BA,Genome streamlining: effect of mutation rate and population size on genome size reduction,['KTMBLE5R']
M59SM35W,Abolishment of morphology-based taxa and change to binomial species names: 2022 taxonomy update of the ICTV bacterial viruses subcommittee,['KTMBLE5R']
UIZL4P9F,Parallel evolution in an island archipelago revealed by genomic sequencing of Hipposideros leaf-nosed bats,['KTMBLE5R']
YNCZBNZZ,Computational molecular evolution,['KTMBLE5R']
GXYNM3C7,Understanding Evolutionary Trees,['KTMBLE5R']
398XFJQ6,Phylogeny for the faint of heart: a tutorial,['KTMBLE5R']
Y5IBBTEV,The Tree-Thinking Challenge,['KTMBLE5R']
8SLNEI2Z,Molecular phylogenetics: state-of-the-art methods for looking into the past,['KTMBLE5R']
8C8GDTFB,Molecular phylogenetics: principles and practice,['KTMBLE5R']
KD6EJV6P,The phenotypic plasticity of an evolving digital organism,['KTMBLE5R']
D9AEXG2Z,Oral fairy tale or literary fake? Investigating the origins of Little Red Riding Hood using phylogenetic network analysis,['KTMBLE5R']
EDP9F4VM,Taxonomic triage and the poverty of phylogeny,['KTMBLE5R']
JANJ2ZS3,"Bio.Phylo: A unified toolkit for processing, analyzing and visualizing phylogenetic trees in Biopython",['KTMBLE5R']
G2QUA3WB,The phylogeny of a dataset,['KTMBLE5R']
7FP95UWP,Reconstructing Biological and Digital Phylogenetic Trees in Parallel,['KTMBLE5R']
8A2ABT58,A Metagenome from a Steam Vent in Los Azufres Geothermal Field Shows an Abundance of Thermoplasmatales archaea and Bacteria from the Phyla Actinomycetota and Pseudomonadota,['KTMBLE5R']
MSZY6GEQ,XV.—The Correlation between Relatives on the Supposition of Mendelian Inheritance.,['KTMBLE5R']
W5577NCZ,Assumption-Free Estimation of Heritability from Genome-Wide Identity-by-Descent Sharing between Full Siblings,['KTMBLE5R']
7HFUINCC,MixtureFinder: Estimating DNA mixture models for phylogenetic analyses,['KTMBLE5R']
FXQKVUTI,A Python-based educational software tool for visualizing bioinformatics alignment algorithms,['KTMBLE5R']
KACB426C,Henri de Lacaze-Duthiers and the ascidian hypothesis,['KTMBLE5R']
DRZEQK9K,A swapped genetic code prevents viral infections and gene transfer,['KTMBLE5R']
EYJDYWAX,The molecular evolution of spermatogenesis across mammals,['KTMBLE5R']
MVVS352T,Evolution and development of scyphozoan jellyfish,['KTMBLE5R']
TSSGRZGM,"A guide to phylogenetic metrics for conservation, community ecology and macroecology",['KTMBLE5R']
APP5DREG,THREE-DIMENSIONAL VISUALIZATION FOR PHYLOGENETIC TREE,['KTMBLE5R']
7L3Z4CJW,The physiology and habitat of the last universal common ancestor,['KTMBLE5R']
IFAS34GB,The willow genome and divergent evolution from poplar after the common genome duplication,['KTMBLE5R']
7RLDYEIP,"Three-Dimensional Phylogeny Explorer: Distinguishing paralogs, lateral transfer, and violation of ""molecular clock"" assumption with 3D visualization",['KTMBLE5R']
NWLJ97IG,Paloverde: an OpenGL 3D phylogeny browser,['KTMBLE5R']
7Z8SS3YB,Mosaic bacterial chromosomes: a challenge en route to a tree of genomes,['KTMBLE5R']
38YJY9ZQ,Phylogenies and the Comparative Method,['KTMBLE5R']
M956WL7Q,Greengenes2 unifies microbial data in a single reference tree,['KTMBLE5R']
SR4FH6ED,What Would an Alien Amino Acid Alphabet Look Like and Why?,['JCXM2GM7']
Z9Z9EVNZ,Evolution as a Guide to Designing xeno Amino Acid Alphabets,['JCXM2GM7']
X5RKKGYI,The Great Codon Escape: Vacating Codons for Genetic Code Expansion and Ribosome Stalling,['JCXM2GM7']
HRIAA9F7,Xeno Amino Acids: A Look into Biochemistry as We Do Not Know It,['JCXM2GM7']
YB6CN99D,Accurate Base Pair Energies of Artificially Expanded Genetic Information Systems (AEGIS): Clues for Their Mutagenic Characteristics,['JCXM2GM7']
C7DWFJA4,Basic principles of the genetic code extension,['JCXM2GM7']
ME2MN8JR,DNA Sequencing Method Including Unnatural Bases for DNA Aptamer Generation by Genetic Alphabet Expansion,['JCXM2GM7']
79DWERYU,Creation of unnatural base pairs for genetic alphabet expansion toward synthetic xenobiology,['JCXM2GM7']
J4JLXHNX,PCR with an Expanded Genetic Alphabet,['JCXM2GM7']
N2LZPPNJ,Synthetic genomes with altered genetic codes,['JCXM2GM7']
AFI3EB8K,Nanopore Sequencing of an Expanded Genetic Alphabet Reveals High-Fidelity Replication of a Predominantly Hydrophobic Unnatural Base Pair,['JCXM2GM7']
HA5ZY639,Electroanalysis of unnatural base pair content in plasmid DNA generated in a semi-synthetic organism,['JCXM2GM7']
P4IKM63H,A semisynthetic organism engineered for the stable expansion of the genetic alphabet,['JCXM2GM7']
ZE73LFNT,A semi-synthetic organism that stores and retrieves increased genetic information,['JCXM2GM7']
3488A3BJ,The expanded genetic alphabet,['JCXM2GM7']
K6LKT8GZ,EXPANDING THE GENETIC ALPHABET,['JCXM2GM7']
65ZPY44B,Replicating an expanded genetic alphabet in cells,['JCXM2GM7']
S2XCIIBB,Genetic Alphabet Expansion of Nucleic Acids,['JCXM2GM7']
B78FNCR8,Genetics just got SEXY,['JCXM2GM7']
T42P847T,The Future of Decoding Non-Standard Nucleotides: Leveraging Nanopore Sequencing for Expanded Genetic Codes,['JCXM2GM7']
4YILM8X4,Autonomous assembly of synthetic oligonucleotides built from an expanded DNA alphabet. Total synthesis of a gene encoding kanamycin resistance,['JCXM2GM7']
2YTGMPD5,Hachimoji DNA and RNA: A genetic system with eight building blocks,['JCXM2GM7']
E2NXFDCP,Eight-Letter DNA,['JCXM2GM7']
CZF2L4JT,"Amplification, Mutation, and Sequencing of a Six-Letter Synthetic Genetic System",['JCXM2GM7']
N22Z8QWU,Automatic Edman Microsequencing of Peptides Containing Multiple Unnatural Amino Acids,['JCXM2GM7']
N26NTAWF,Progress Toward a Semi-Synthetic Organism with an Unrestricted Expanded Genetic Alphabet,['JCXM2GM7']
UDRKVGTZ,"Optimization of Replication, Transcription, and Translation in a Semi-Synthetic Organism","['JCXM2GM7', 'KTMBLE5R']"
4U8GUKH5,A semi-synthetic organism with an expanded genetic alphabet,"['JCXM2GM7', 'KTMBLE5R']"
UX9WXY8D,Creating artificial human genomes using generative neural networks,['6M6K9R7I']
U2UTUC25,Computer simulations: tools for population and evolutionary genetics,['6M6K9R7I']
QLIJJPW5,Comparative Genomics on Artificial Life,['6M6K9R7I']
FNN9DNWH,Genetic Simulation Resources: a website for the registration and discovery of genetic data simulators,['6M6K9R7I']
NEQFIANZ,"Gene family innovation, conservation and loss on the animal stem lineage",['6M6K9R7I']
PDMI3UGU,Simulations of Sequence Evolution: How (Un)realistic They Are and Why,['6M6K9R7I']
NEJ9EPBT,A 10-gene phylogeny of Solanum section Herpystichum (Solanaceae) and a comparison of phylogenetic methods,['6M6K9R7I']
BG6P5TCE,Building large trees by combining phylogenetic information: a complete phylogeny of the extant Carnivora (Mammalia),['6M6K9R7I']
S95IHN2Q,Comparison of phylogenetic trees defined on different but mutually overlapping sets of taxa: A review,['6M6K9R7I']
WMSVKPHV,"SimPhy: Phylogenomic Simulation of Gene, Locus, and Species Trees",['6M6K9R7I']
YS62U8MI,A simulation comparison of phylogeny algorithms under equal and unequal evolutionary rates,['6M6K9R7I']
7VTTC4AM,Horizontal Gene Transfer: Genomes in Flux,['NI4MNHT8']
AKA7XBMF,Philosophy of Microbiology,['NI4MNHT8']
D7TIP8ZM,Biocivilisations: A New Look at the Science of Life,['NI4MNHT8']
2TVJRNJJ,The Tangled Tree - David Quammen,['NI4MNHT8']
HMKFP5TS,"Phylogenetic Networks: Concepts, Algorithms and Applications",['NI4MNHT8']
TWINEI82,Molecular Systematics and Evolution: Theory and Practice,['NI4MNHT8']
LBN7GK5L,HGTphyloDetect: facilitating the identification and phylogenetic analysis of horizontal gene transfer,['NI4MNHT8']
8IMDMIN6,Gene Duplications Trace Mitochondria to the Onset of Eukaryote Complexity,['NI4MNHT8']
Z2S9AGF6,Systematic Detection of Large-Scale Multigene Horizontal Transfer in Prokaryotes,['NI4MNHT8']
XEIVKGSR,Systematic evaluation of horizontal gene transfer between eukaryotes and viruses,['NI4MNHT8']
82A8P7WA,Horizontal Gene Transfer Phylogenetics: A Random Walk Approach,['NI4MNHT8']
QJZL6E8E,Detecting horizontal gene transfer: a probabilistic approach,['NI4MNHT8']
88SUKMJY,Systematic detection of horizontal gene transfer across genera among multidrug-resistant bacteria in a single hospital,['NI4MNHT8']
UU5DJHFL,A New Phylogenomic Approach For Quantifying Horizontal Gene Transfer Trends in Prokaryotes,['NI4MNHT8']
NME7MF8L,Horizontal gene transfer in human-associated microorganisms inferred by phylogenetic reconstruction and reconciliation,['NI4MNHT8']
UCVE9LZ9,The last universal common ancestor between ancient Earth chemistry and the onset of genetics,['NI4MNHT8']
Y7EP7XD4,Late Mitochondrial Origin Is an Artifact,['NI4MNHT8']
JEPWZRFK,Serial endosymbiosis or singular event at the origin of eukaryotes?,['NI4MNHT8']
RWD2IMNF,Origin of the Eukaryotic Cell,['NI4MNHT8']
MD95ASRF,Phylogenomic networks reveal limited phylogenetic range of lateral gene transfer by transduction,['NI4MNHT8']
RJPKL8P8,How reticulated are species?,['NI4MNHT8']
84KCZDXZ,A natural barrier to lateral gene transfer from prokaryotes to eukaryotes revealed from genomes: the 70 % rule,['NI4MNHT8']
IPN4L3RV,"Horizontal gene transfer: essentiality and evolvability in prokaryotes, and roles in evolutionary transitions",['NI4MNHT8']
YHAPU6N8,Inferring Horizontal Gene Transfer,['NI4MNHT8']
FRPGZ48U,When integration fails: Prokaryote phylogeny and the tree of life,['NI4MNHT8']
M3WHRDU8,Detection of horizontal gene transfers from phylogenetic comparisons,['NI4MNHT8']
9FA5YHR7,Phylogeny of prokaryotes: does it exist and why should we care?,['NI4MNHT8']
3BIYXX87,Horizontal gene transfer in evolution: facts and challenges,['NI4MNHT8']
9BHTKJJQ,A Distance-Based Method for Detecting Horizontal Gene Transfer in Whole Genomes,['NI4MNHT8']
DRQR8QGZ,The power of phylogenetic approaches to detect horizontally transferred genes,['NI4MNHT8']
6JY8CEN3,"Horizontal gene transfer, genome innovation and evolution",['NI4MNHT8']
EUZHT9NU,Lateral gene transfer in eukaryotes,['NI4MNHT8']
65JZC4UD,Phylogenomics of the reproductive parasite Wolbachia pipientis wMel: a streamlined genome overrun by mobile genetic elements,['NI4MNHT8']
LFTM5ZV4,Are viruses driving microbial diversification and diversity?,['NI4MNHT8']
TDR48387,Horizontal gene transfer and phylogenetics,['NI4MNHT8']
ESFT3Z8E,Mitochondria and hydrogenosomes are two forms of the same fundamental organelle,['NI4MNHT8']
TDU64TQZ,Prokaryotic Evolution in Light of Gene Transfer,['NI4MNHT8']
AXVS78ZS,Horizontal gene transfer and bacterial diversity,['NI4MNHT8']
9TMNM8QX,Genome trees constructed using five different approaches suggest new major bacterial clades,['NI4MNHT8']
X6DH4Y7Z,Horizontal gene transfer in prokaryotes: quantification and classification,['NI4MNHT8']
TWKV8L7Z,Interpreting the universal phylogenetic tree,['NI4MNHT8']
ILUCBFHX,"About the last common ancestor, the universal life-tree and lateral gene transfer: a reappraisal",['NI4MNHT8']
GJQHLPM6,Genome economization and a new approach to the species concept in bacteria,['NI4MNHT8']
GK6SMC4H,Molecular phylogeny: pitfalls and progress,['NI4MNHT8']
AUXQTYUG,The game of life in a glider’s frame of reference,['IZNW4QD2']
D3C6B88A,Ion channels enable electrical communication in bacterial communities,['IZNW4QD2']
5Z3SPUQU,Coupling between distant biofilms and emergence of nutrient time-sharing,['IZNW4QD2']
EU868ESP,Bacteria Use Brainlike Bursts of Electricity to Communicate,['IZNW4QD2']
GKXPXDZL,Comparing cooperative geometric puzzle solving in ants versus humans,['IZNW4QD2']
2MRQ8BRA,Cell Psychology: An Evolutionary Approach to the Symbol-Matter Problem,['IZNW4QD2']
CZNVDDRR,"Insects and Other Animals Have Consciousness, Experts Declare",['IZNW4QD2']
CM4ZMT4D,The Emperor's New Markov Blankets,"['GUI6PF3I', 'IZNW4QD2']"
L8NDJLQ5,An Integrated Perspective on the Constitutive and Interactive Dimensions of Autonomy,"['IZNW4QD2', 'W2P8L2M2']"
E95MH7T4,The cognitive domain of a glider in the game of life,['IZNW4QD2']
E2ZQ3YFM,On the Origin of Gliders,"['HSCXCPB4', 'IZNW4QD2']"
DG9RFSSD,Evolution of Autopoiesis and Multicellularity in the Game of Life,['IZNW4QD2']
J34XJBGI,Characterizing Autopoiesis in the Game of Life,['IZNW4QD2']
BFUV5X93,Bittorio revisited: structural coupling in the Game of Life,['IZNW4QD2']
YTPM7TAM,An Investigation into the Origin of Autopoiesis,['IZNW4QD2']
75ULID6H,Behavior of the lower organisms,['IZNW4QD2']
9ECLXI8R,Extended cognition and life after death,['IZNW4QD2']
LAU4UAJU,Perspectives on Computation in Plants,['IZNW4QD2']
UCBDYLE4,Counting with Cilia: The Role of Morphological Computation in Basal Cognition Research,['IZNW4QD2']
JAZPDF29,Towards the Idea of Molecular Brains,['IZNW4QD2']
7JSV8V7N,The Less Expensive Choice: Bacterial Strategies to Achieve Successful and Sustainable Reciprocal Interactions,['IZNW4QD2']
MAAQKAF7,"From Molecular Recognition to the ""Vehicles"" of Evolutionary Complexity: An Informational Approach",['IZNW4QD2']
DHFP7IXZ,Biomolecular Basis of Cellular Consciousness via Subcellular Nanobrains,['IZNW4QD2']
NYVI375S,The biology of consciousness from the bottom up,['IZNW4QD2']
QS8WK97Y,The cognitive cell: bacterial behavior reconsidered,['IZNW4QD2']
KUDIX72C,The biochemistry of memory,['IZNW4QD2']
J9GBW3TE,"What nervous systems do: early evolution, input–output, and the skin brain thesis",['IZNW4QD2']
SGSIFCFP,"Bacteria are small but not stupid: cognition, natural genetic engineering and socio-bacteriology",['IZNW4QD2']
XMTI3IJ4,Self-engineering capabilities of bacteria,['IZNW4QD2']
V7EFWQIQ,"A census of membrane-bound and intracellular signal transduction proteins in bacteria: bacterial IQ, extroverts and introverts",['IZNW4QD2']
I3NX7LGW,Bacterial chemotaxis,['IZNW4QD2']
TT6KGHJY,A segmentation clock patterns cellular differentiation in a bacterial biofilm,"['2LARMY8C', 'IZNW4QD2']"
NMALX6RD,Minds Everywhere: Margaret Cavendish's Anti-Mechanist Materialism,['IZNW4QD2']
3S4LT8QS,"Uncovering cognitive similarities and differences, conservation and innovation",['CMR5SXZE']
VJ3ETHCF,Active perception during angiogenesis: filopodia speed up Notch selection of tip cells in silico and in vivo,['UA6IILM9']
AFRQBH3L,Bistability of somatic pattern memories: stochastic outcomes in bioelectric circuits underlying regeneration,['UA6IILM9']
FLEQRPYU,Choanoflagellates and the ancestry of neurosecretory vesicles,['C66YM8VM']
3FNCF2GW,Elementary nervous systems,['C66YM8VM']
H84ZRZD8,Reafference and the origin of the self in early nervous system evolution,['C66YM8VM']
3JBQA95Z,Evolutionary transitions in learning and cognition,['C66YM8VM']
Y3EDE5A9,"Individuality, self and sociality of vascular plants",['S85CJIMS']
GJJN9B47,The chemical brain hypothesis for the origin of nervous systems,['S85CJIMS']
5RSHGEN4,Neural versus alternative integrative systems: molecular insights into origins of neurotransmitters,['S85CJIMS']
YSIFB3AM,back_cover,['PVDCS8NF']
899R4BFH,Reframing cognition: getting down to biological basics,['PVDCS8NF']
6EQQM66K,front.pdf,['PVDCS8NF']
RHK6ETQZ,Origins of eukaryotic excitability,['6I88VPYY']
7ZZM8HJF,From environmental sensing to developmental control: cognitive evolution in dictyostelid social amoebas,['6I88VPYY']
7YZ8P5MI,Linking single-cell decisions to collective behaviours in social bacteria,['6I88VPYY']
BK8KMER3,Adaptive behaviour and learning in slime moulds: the role of oscillations,['6I88VPYY']
LV2Z2G76,Valuing what happens: a biogenic approach to valence and (potentially) affect,['2GGRRHJ8']
S33HQJ2Z,Spontaneous electrical low-frequency oscillations: a possible role in Hydra and all living systems,['2GGRRHJ8']
ZBKYUWAI,Grounding cognition: heterarchical control mechanisms in biology,['2GGRRHJ8']
UJD3PXCB,"On being a Hydra with, and without, a nervous system: what do neurons add?",['7JZ4NVNT']
CASUEV8E,"What is it like to be a choanoflagellate? Sensation, processing and behavior in the closest unicellular relatives of animals",['7JZ4NVNT']
9DX5E2DX,Bioelectric networks: the cognitive glue enabling evolutionary scaling from physiology to mind,"['7JZ4NVNT', '98IKJ8M2', 'GMLU3VK4']"
USPSL8ID,Thoughts from the forest floor: a review of cognition in the slime mould Physarum polycephalum,['7JZ4NVNT']
HWMUWIGF,Photobehaviours guided by simple photoreceptor systems,['7JZ4NVNT']
TNSQYVTX,Active oscillations in microscale navigation,['7JZ4NVNT']
GD74AW39,Correction: Why an animal needs a brain,['7JZ4NVNT']
YJQA4U8H,Why an animal needs a brain,['7JZ4NVNT']
T6AKHNY7,Basal cognition: shifting the center of gravity (again),['7JZ4NVNT']
QVZHJQXT,Chemical cognition: chemoconnectomics and convergent evolution of integrative systems in animals,['7JZ4NVNT']
AKK883HD,Basal Cognition,['7JZ4NVNT']
IC6JU2LI,Bridging the explanatory gaps: What can we learn from a biological agency perspective? - PubMed,['PXPV27HG']
RBNP39VA,Toward a universal measure of robustness across model organs and systems,"['6U9K8QMU', 'Q2EE7N6R']"
SLYSPPMH,A data-driven framework to model the organism–environment system,['6U9K8QMU']
WDFTZZP5,Niche construction and the environmental term of the price equation: How natural selection changes when organisms alter their environments,['6U9K8QMU']
9DCSNJ6A,Developing the genotype-to-phenotype relationship in evolutionary theory: A primer of developmental features,['6U9K8QMU']
7FYFSLNV,Agency in living systems,['6U9K8QMU']
G94IPFYI,Issue information – TOC & Editorial and Subscription Page,['6U9K8QMU']
VPIFLI9F,Promises and limits of an agency perspective in evolutionary developmental biology,['6U9K8QMU']
JAYVX5R9,The agential perspective: Countermapping the modern synthesis,['6U9K8QMU']
79S3FSNQ,"Collective behavior in relation with changing environments: Dynamics, modularity, and agency",['6U9K8QMU']
D8RNP3EV,Agential autonomy and biological individuality,['6U9K8QMU']
SHJ6HNR6,Agency in Reproduction,['6U9K8QMU']
6G2KG7I7,How colonial animals evolve,['KFUV8FJ4']
HH3K3S3Y,Spatial cell disparity in the colonial choanoflagellate Salpingoeca rosetta,['KFUV8FJ4']
X3H4544E,Unexpected Repertoire of Metazoan Transcription Factors in the Unicellular Holozoan Capsaspora owczarzaki,['KFUV8FJ4']
S5JTKB9L,Playing to Wait: A Taxonomy of Idle Games,"['KFUV8FJ4', 'MD6WN7GS']"
2GQXLZ2D,"The physical soldier caste of an invasive, human-infecting flatworm is morphologically extreme and obligately sterile",['KFUV8FJ4']
Q6U6D6EQ,Housing and Husbandry Alternatives for Naked Mole Rat Colonies Used in Research Settings,['KFUV8FJ4']
73TYP925,Superorganism Immunity: A Major Transition in Immune System Evolution,['KFUV8FJ4']
NU24NI5E,Beyond society: the evolution of organismality,['KFUV8FJ4']
5J8BSQ3U,Nascent life cycles and the emergence of higher-level individuality,['KFUV8FJ4']
D9PT7QC3,Termites as models of swarm cognition,['SU76ZBBP']
YIEF5XXR,From the individual to the colony: Marine invertebrates as models to understand levels of biological organization,['KHGKHYXB']
BAJGTIFA,Evolution of animal coloniality and modularity: Emerging themes,['KHGKHYXB']
HDCLPZ96,In the Spotlight—Established Researcher,['KHGKHYXB']
INALQJPC,Issue Information,['KHGKHYXB']
TV5LPQRH,Cover Image,['KHGKHYXB']
WDX67AR9,Selective factors in the evolution of multicellularity in choanoflagellates,['ZS6A99H2']
UU7QYD32,Dynamical patterning modules and network motifs as joint determinants of development: Lessons from an aggregative bacterium,['ZS6A99H2']
3DBAP8VU,"High regenerative capacity is a general feature within colonial dendrophylliid corals (Anthozoa, Scleractinia)",['4NZCEFJS']
84RE8QKY,The evolution and development of coloniality in hydrozoans,['4NZCEFJS']
MVBF563V,Genes with evidence of positive selection as potentially related to coloniality and the evolution of morphological features among the lophophorates and entoprocts,['9AA7WGVP']
CHNRKR7F,The eventful history of nonembryonic development in tunicates,['9AA7WGVP']
SN7ZTHKJ,Artificial habitats induce plasticity in colonies of the marine bryozoan Schizoporella errata,['9AA7WGVP']
HU4TYCK8,An ecological driver for the macroevolution of morphological polymorphism within colonial invertebrates,['NGB4HTAI']
JDIKL2BJ,The association of coloniality with parental care of embryos,['NGB4HTAI']
KBIM64LM,"Coloniality, clonality, and modularity in animals: The elephant in the room",['NGB4HTAI']
SYBQL49Z,Evolutionary conflict and coloniality in animals,['NGB4HTAI']
9K544YA2,Chimerism in a marine protochordate,['57CMJ4AG']
BMMVP6XW,"Polysyncraton (Ascidiacea, Didemnidae): a re-examination of some specimens and descriptions of three new species",['57CMJ4AG']
9ZY47ISM,Sexual and asexual development: two distinct programs producing the same tunicate,['57CMJ4AG']
VQ3H3PTT,Salp Swarm Optimization Search Based Feature Selection for Enhanced Phishing Websites Detection,['57CMJ4AG']
7JEMKPBY,"THALIACEANS, THE NEGLECTED PELAGIC RELATIVES OF ASCIDIANS: A DEVELOPMENTAL AND EVOLUTIONARY ENIGMA",['57CMJ4AG']
CCXDGN3H,Gershwin_2014_The Pelagic Tunicates,['57CMJ4AG']
453FDL4H,"Checklist of the salps (Tunicata, Thaliacea) from the Western Caribbean Sea with a key for their identification and comments on other North Atlantic salps",['57CMJ4AG']
AMDLLZFX,From One to Many and Back Again: A Systemic Signal Triggers Tunicate Regeneration,['57CMJ4AG']
V47MMS98,A DEDICATED SOFT REAL-TIME SIMULATION OF A SALP SWARM IN ADA 95,['57CMJ4AG']
EWD7ZW4Y,Laval_1998_The potential of proficient bioinformatics for aquatic ecology.pdf,['57CMJ4AG']
2LE2K9K2,A LIVE COMPUTER SIMULATION OF SWARM DEVELOPMENT IN SALPA FUSIFORMIS (TUNICATA : THALIACEA) IN THE FRONTAL ZONE OF THE LIGURIAN SEA (MEDITERRANEAN),['57CMJ4AG']
J3RHGY4F,Growth and development of salpa fusiformis cuvier tunicata thaliacea,['57CMJ4AG']
PRTU5WEI,A virtual mesocosm with artificial salps for exploring the conditions of swarm development in the pelagic tunicate Salpa fusiformis,['57CMJ4AG']
66GECQ8W,The representation of space in an object-oriented computational pelagic ecosystem,['57CMJ4AG']
NK72WZ2I,Implementing self-reproducing artificial organisms with Ada,['57CMJ4AG']
27RB6J8A,"Hierarchical object-oriented design of a concurrent, individual-based, model of a pelagic Tunicate bloom",['57CMJ4AG']
5XJMCJ33,Animal evolution at the ocean’s water-air interface,['KN4I7RMU']
BS6LPQ5J,"The hydroid and early medusa stage of Olindias formosus (Cnidaria, Hydrozoa, Limnomedusae)",['KN4I7RMU']
4QB6QIZJ,Comparative investigations of cellular dynamics in the development of medusae (Cnidaria: Medusozoa),['KN4I7RMU']
C7X6SA4J,"Complex reproductive cycle inEucheilota paradoxica (Hydrozoa: Leptomedusae): Medusae, polyps and frustules produced from medusa stage",['KN4I7RMU']
YFT9RCN3,Adoption of conserved developmental genes in development and origin of the medusa body plan,['KN4I7RMU']
I9H9GRY6,"Establishing Bilateral Symmetry in Hydrozoan Planula Larvae, a Review of Siphonophore Early Development",['KN4I7RMU']
36NWFN4V,Giants among Cnidaria: Large Nuclear Genomes and Rearranged Mitochondrial Genomes in Siphonophores,['KN4I7RMU']
ZVE6SSL8,Evolutionary crossroads in developmental biology: Cnidaria,['KN4I7RMU']
7IQ27NDU,Medusa: A Review of an Ancient Cnidarian Body Form,['KN4I7RMU']
2WHAN84V,Evolution of Complex Asexual Reproductive Strategies in Jellyfish,['KN4I7RMU']
5WYFSMH5,Odd family reunion: DNA barcoding reveals unexpected relationship between three hydrozoan species,['KN4I7RMU']
E247MD9N,Division of labor and recurrent evolution of polymorphisms in a group of colonial animals,['KN4I7RMU']
NRPV4UCW,The Siphonophores (Continued) V. The Diphyae,['KN4I7RMU']
7S548CIQ,The Siphonophores (Continued) IV. The Anatomy and Development of Diphyes,['KN4I7RMU']
JZ29762Q,The Siphonophores. III. Physophoridae (Animals Closely Related to Agalma),['KN4I7RMU']
TRHGSLTF,The Siphonophores. II. The Anatomy and Development of Agalma (Continued),['KN4I7RMU']
WK7864UZ,The Siphonophores. I. The Anatomy and Development of Agalma,['KN4I7RMU']
VZ8YJJ26,"Indoles induce metamorphosis in a broad diversity of jellyfish, but not in a crown jelly (Coronatae)",['QC4PFC6U']
N8NLUZW2,"Morphology and development of the Portuguese man of war, Physalia physalis",['QC4PFC6U']
T72KWZJU,Ancient gene linkages support ctenophores as sister to other animals,['QC4PFC6U']
3AYZIHPA,Integrating siphonophores into marine food-web ecology,['QC4PFC6U']
A7UL2GRX,Characterizing the secret diets of siphonophores (Cnidaria: Hydrozoa) using DNA metabarcoding,['QC4PFC6U']
QKT6WBTN,Rooting the Animal Tree of Life,['QC4PFC6U']
CJ898JEZ,"The Evolutionary History of Siphonophore Tentilla: Novelties, Convergence, and Integration",['QC4PFC6U']
C3TGPB7Y,The evolution of siphonophore tentilla for specialized prey capture in the open ocean | PNAS,['QC4PFC6U']
INGTAE84,Phylogenetics is the New Genetics (for Most of Biodiversity),['QC4PFC6U']
EXRHJ7JC,"Description of Tottonophyes enigmatica gen. nov., sp. nov. (Hydrozoa, Siphonophora, Calycophorae), with a reappraisal of the function and homology of nectophoral canals",['QC4PFC6U']
HRU6KELA,"Stem cells in Nanomia bijuga (Siphonophora), a colonial animal with localized growth zones",['QC4PFC6U']
LQ9WGCS7,The histology of Nanomia bijuga (Hydrozoa: Siphonophora),['QC4PFC6U']
I6BYZV65,Differential Gene Expression in the Siphonophore Nanomia bijuga (Cnidaria) Assessed with Multiple Next-Generation Sequencing Workflows,['QC4PFC6U']
TUHREBQB,The evolution of colony-level development in the Siphonophora (Cnidaria:Hydrozoa),['QC4PFC6U']
9WP2LG2N,"A re-examination of siphonophore terminology and morphology, applied to the description of two new prayine species with remarkable bio-optical properties",['QC4PFC6U']
7YYXVRDS,"Molecular Phylogenetics of the Siphonophora (Cnidaria), with Implications for the Evolution of Functional Specialization",['QC4PFC6U']
LABLZ649,"Complex colony-level organization of the deep-sea siphonophore Bargmannia elongata (Cnidaria, Hydrozoa) is directionally asymmetric and arises by the subdivision of pro-buds",['QC4PFC6U']
ZMMTGEEU,Open problems in synthetic multicellularity,['2LARMY8C']
GAP6QR23,Evolution of genome fragility enables microbial division of labor,['2LARMY8C']
9WDJHFQU,Adaptation in the face of internal conflict: the paradox of the organism revisited,['2LARMY8C']
22B255LQ,"A single cryptomonad cell harbors a complex community of organelles, bacteria, a phage, and selfish elements",['2LARMY8C']
IYKWA8M9,Rapid physiological integration of fused ctenophores,['2LARMY8C']
DNM9E3KF,Whole-Body Regeneration in the Lobate Ctenophore Mnemiopsis leidyi,['2LARMY8C']
348LB9GM,A multicellular developmental program in a close animal relative,['2LARMY8C']
2Z2WDTQS,Light-regulated collective contractility in a multicellular choanoflagellate,['2LARMY8C']
ZK9XEWXY,A large colonial choanoflagellate from Mono Lake harbors live bacteria,['2LARMY8C']
JMDP9V74,Experimental Snowball Earth Viscosity Drives the Evolution of Motile Multicellularity,['2LARMY8C']
6GP6NFUD,What Do We Mean by Multicellularity? The Evolutionary Transitions Framework Provides Answers,['2LARMY8C']
JPKTT57G,Isolation of an archaeon at the prokaryote–eukaryote interface,['2LARMY8C']
DY585IQT,Asgard archaea defense systems and their roles in the origin of eukaryotic immunity,['2LARMY8C']
JCLGIGD8,Nitrogen-fixing organelle in a marine alga,['2LARMY8C']
24DBTGHW,Metabolic trade-offs constrain the cell size ratio in a nitrogen-fixing symbiosis,['2LARMY8C']
7XHE2GVZ,Aspects of Multicellularity in Saccharomyces cerevisiae Yeast: A Review of Evolutionary and Physiological Mechanisms,['2LARMY8C']
FNLAV3PI,Ecological scaffolding and the evolution of individuality,['2LARMY8C']
YV8X3KJT,Individuality through ecology: Rethinking the evolution of complex life from an externalist perspective,['2LARMY8C']
X4WRRBYK,Novel multicellular prokaryote discovered next to an underground stream,['2LARMY8C']
4DV6AR2V,Multicellularity in animals: The potential for within-organism conflict,['2LARMY8C']
TT6KGHJY,A segmentation clock patterns cellular differentiation in a bacterial biofilm,"['2LARMY8C', 'IZNW4QD2']"
7PD8Q4WZ,Regenerating aggregates of hydra display unique cytoskeletal organisation that is absent in a regeneration-deficient strain,['2LARMY8C']
T7VLWCCR,A pan-metazoan concept for adult stem cells: the wobbling Penrose landscape,['2LARMY8C']
LLR2JBV2,The many roads to and from multicellularity,['2LARMY8C']
69Z6FULT,Disadvantages and benefits of evolved unicellularity versus multicellularity in budding yeast,['2LARMY8C']
J9WG784K,Does resource availability help determine the evolutionary route to multicellularity?,['2LARMY8C']
K4D2T5CV,An Organismal Perspective on the Evolution of Insect Societies,['2LARMY8C']
WDKJ2A5Y,Cell Competition During Growth and Regeneration,['2LARMY8C']
DTH6M5AT,Selection within organisms in the nineteenth century: Wilhelm Roux's complex legacy,['2LARMY8C']
NIYTGZF5,An epithelial tissue in Dictyostelium challenges the traditional origin of metazoan multicellularity,['2LARMY8C']
C8FTZ8D8,Compartmentalized function through cell differentiation in filamentous cyanobacteria,['2LARMY8C']
3ZXGMVYP,Probabilistic Logics and the Synthesis of Reliable Organisms From Unreliable Components,['2LARMY8C']
I3N5TM53,"Order, disorder, death: lessons from a superorganism",['2LARMY8C']
N3MV3Q9S,Individuality and adaptation across levels of selection: How shall we name and generalize the unit of Darwinism?,['2LARMY8C']
WLDI84DU,"Dominance and queen succession in captive colonies of the eusocial naked mole-rat, Heterocephalus glaber",['2LARMY8C']
8L9RBK24,Bacteria evolve macroscopic multicellularity by the genetic assimilation of phenotypically plastic cell clustering,['DL9JLK76']
JN7BT2BS,De novo origins of multicellularity in response to predation,['DL9JLK76']
TDGD6UKU,The evolution of convex trade-offs enables the transition towards multicellularity,['DL9JLK76']
YCWYKYAK,Nonadaptive onset of complex multicellularity,"['DL9JLK76', 'Z4J2M5L7']"
8LXNT6LK,Evidence for a core set of microbial lichen symbionts from a global survey of metagenomes,['HEVAAIHJ']
NPEUHWFP,Is lichen symbiont mutualism a myth?,['HEVAAIHJ']
SJHQDK4Q,How to build a lichen: from metabolite release to symbiotic interplay,['HEVAAIHJ']
LJ8PF2ZJ,"Composition, structure and robustness of Lichen guilds",['HEVAAIHJ']
84Z7LWL4,From Biomes to Genomes: Perspectives on the Lichen Symbiosis,['HEVAAIHJ']
LPZLS3Q3,How Lichens Work: Functional Aspects of Symbiosis Viewed through Metagenomics and other Culture-Free Methods,['HEVAAIHJ']
FV69IQPW,Evolutionary biology of lichen symbioses,['HEVAAIHJ']
FZUQ8382,Symbiont-specific responses to environmental cues in a threesome lichen symbiosis,['HEVAAIHJ']
VMR2X72H,A nonadaptive explanation for macroevolutionary patterns in the evolution of complex multicellularity,['Z4J2M5L7']
YCWYKYAK,Nonadaptive onset of complex multicellularity,"['DL9JLK76', 'Z4J2M5L7']"
KRM5P8IC,The Consequences of Budding versus Binary Fission on Adaptation and Aging in Primitive Multicellularity,['Z4J2M5L7']
IWUFABNF,Multicellular group formation in <i>Saccharomyces cerevisiae</i>,['Z4J2M5L7']
F6LP2MH4,Using light for energy: examining the evolution of phototrophic metabolism through synthetic construction,['Z4J2M5L7']
D5L4JTNW,Division of labor promotes the entrenchment of multicellularity,['Z4J2M5L7']
CT5X8QJE,De novo evolution of macroscopic multicellularity,['Z4J2M5L7']
UV65Y7BE,Evolutionary consequences of nascent multicellular life cycles,['Z4J2M5L7']
US3PJ72T,"Clonal development, not aggregation, drives the transition to multicellularity in an isogenic model system",['Z4J2M5L7']
UNCMRSJB,Oxygen suppression of macroscopic multicellularity,['Z4J2M5L7']
Y6V5FWJB,Post-gastrulation synthetic embryos generated ex utero from mouse naive ESCs,['YFHUHPYG']
5QMMPBGK,Complete human day 14 post-implantation embryo models from naive ES cells,['YFHUHPYG']
SY2NFDTG,Mechanics of six-legged runners,['6IIWZZJA']
IZV7EF52,Coordinated process of polarized growth in filamentous fungi,['6IIWZZJA']
KGHZAMXB,Polarized growth in fungi: Symmetry breaking and hyphal formation,['6IIWZZJA']
SLNRXTSM,"Symmetry, asymmetry, and the cell cycle in plants: known knowns and some known unknowns",['6IIWZZJA']
II4NNADB,Evolution of Symmetry in Plants,['6IIWZZJA']
JBBUNQDW,Arm coordination in octopus crawling involves unique motor control strategies,['6IIWZZJA']
S3DIQURM,What Is a Mollusc?,['6IIWZZJA']
A8UC3YVK,A new paradigm for animal symmetry,['6IIWZZJA']
ZF2TBX2C,The Resolution of Ambiguity as the Basis for Life: A Cellular Bridge between Western Reductionism and Eastern Holism,['6IIWZZJA']
LPIX4DRK,Neuroanatomical changes observed over the course of a human pregnancy,['6IIWZZJA']
PBPEEPGQ,"The evolutionary diversity of barnacles, with an updated classification of fossil and living forms","['6IIWZZJA', 'JK36743U', 'P8HY7EQP']"
RRZXW6XM,A brittle star-like robot capable of immediately adapting to unexpected physical damage,['6IIWZZJA']
4RJWQ68D,Molecular evidence of anteroposterior patterning in adult echinoderms,['6IIWZZJA']
FPS9IR87,On the Embryology of Echinoderms,['6IIWZZJA']
V5QW72FQ,Echinoderm embryology and the origin of chordates,['6IIWZZJA']
664ARHYL,"Multivariate mapping of ontogeny, taphonomy and phylogeny to reconstruct problematic fossil taxa",['6IIWZZJA']
NYX6LTQX,Live imaging of echinoderm embryos to illuminate evo-devo,['6IIWZZJA']
ZLMHKFMC,Phenotypically complex living materials containing engineered cyanobacteria,['6IIWZZJA']
CF8YSBYB,Species morphospace boundary revisited through wing phenotypic variations of Antodynerus species (Hymenoptera: Vespidae: Eumeninae) from the Indian subcontinent,['6IIWZZJA']
Q7GWGQDE,Convergent evolution of barnacles and molluscs sheds lights in origin and diversification of calcareous shell and sessile lifestyle | Proceedings of the Royal Society B: Biological Sciences,['6IIWZZJA']
7WI47L6A,Trapped in the morphospace: The relationship between morphological integration and functional performance,['6IIWZZJA']
ZZJGMM73,Phylogeny and adaptative evolution to chemosynthetic habitat in barnacle (Cirripedia: Thoracica) revealed by mitogenomes,['6IIWZZJA']
N3UWYGUM,Morphological Development at the Evolutionary Timescale: Robotic Developmental Evolution,['6IIWZZJA']
PP9N3AAK,Extreme autotomy and whole-body regeneration in photosynthetic sea slugs,['6IIWZZJA']
7KEUWN8D,Programmable microbial ink for 3D printing of living materials produced from genetically engineered protein nanofibers,['6IIWZZJA']
2N4E2GCL,Chapter 6 - Culturing echinoderm larvae through metamorphosis,['6IIWZZJA']
W7B6JTCD,PATTERNS AND PROCESSES IN MORPHOSPACE: GEOMETRIC MORPHOMETRICS OF THREE-DIMENSIONAL OBJECTS,['6IIWZZJA']
9VRMIL4U,What Is Morphological Computation? On How the Body Contributes to Cognition and Control,['6IIWZZJA']
BFFLVT8I,Morphospaces and Databases: Diatom Diversification through Time,['6IIWZZJA']
ZI7E6PXU,Network morphospace,['6IIWZZJA']
CF6ZAXBI,Growing Fine-Grained Multicellular Robots,['6IIWZZJA']
8B379JMC,Morphological Computation and Morphological Control: Steps Toward a Formal Theory and Applications,['6IIWZZJA']
VBX7MHH5,Towards a theoretical foundation for morphological computation with compliant bodies,['6IIWZZJA']
WRVHKCDS,Morphospace,['6IIWZZJA']
TGT3HLKL,Evo-devo and accounting for Darwin's endless forms,['6IIWZZJA']
XDSKPIUM,The Concept of Morphospaces in Evolutionary and Developmental Biology: Mathematics and Metaphors,['6IIWZZJA']
8IM8BXPZ,"Synthetic morphology: prospects for engineered, self-constructing anatomies",['6IIWZZJA']
HASIAZ7X,Transgenic Hydra allow in vivo tracking of individual stem cells during morphogenesis,['6IIWZZJA']
WDJ2NIJ4,Adaptive behaviour through morphological plasticity in natural and artificial systems.,['6IIWZZJA']
WH2L6REB,The Artificial Cytoskeleton for Lifetime Adaptation of Morphology,['6IIWZZJA']
A985FCA2,Evolutionary walks through a land plant morphospace,['6IIWZZJA']
JJNSTWNC,Geometric Analysis of Shell Coiling: General Problems,['6IIWZZJA']
VUZJ2SZ4,Theoretical Morphology of the Coiled Shell,['6IIWZZJA']
ZPYLQT4B,"The chemical basis of morphogenesis | Philosophical Transactions of the Royal Society of London. Series B, Biological Sciences",['6IIWZZJA']
V8BM4SAZ,Using Avida to Test the Effects of Natural Selection on Phylogenetic Reconstruction Methods,['QJ2I8FDW']
G5NEPBK4,"Using Program Slicing and Sequence Alignment to Analyze Organisms of Avida, a Digital Evolution Platform",['QJ2I8FDW']
TPQYDQNU,Ontology for the Avida digital evolution platform,['QJ2I8FDW']
C36W4LMF,What’s holding artificial life back from open-ended evolution?,['QJ2I8FDW']
56XP5KTC,"Empirical: A scientific software library for research, education, and public engagement",['QJ2I8FDW']
KLM6U8MY,Automatic design and manufacture of robotic lifeforms,['QJ2I8FDW']
YN4TRH7M,"Genome complexity, robustness and genetic interactions in digital organisms",['QJ2I8FDW']
VLE4R9V7,The evolutionary origin of complex features,['QJ2I8FDW']
VM2ZYG38,Digital genetics: unravelling the genetic basis of evolution,['QJ2I8FDW']
E8LCEJF7,The Effect of Natural Selection on Phylogeny Reconstruction Algorithms,['QJ2I8FDW']
UXDQADPT,Ontogeny Tends to Recapitulate Phylogeny in Digital Organisms.,['QJ2I8FDW']
WYYGVWVF,Exploring the Point-mutation Space of a von Neumann Self-reproducer within the Avida World,"['8WCU882B', 'QJ2I8FDW']"
SNHKMQBC,The Effects of Evolution and Spatial Structure on Diversity in Biological Reserves,"['HIRGYWDY', 'QJ2I8FDW']"
UB6XZ95M,The Evolutionary Origins of Phenotypic Plasticity,"['HIRGYWDY', 'QJ2I8FDW']"
EZPQ2TF6,The Evolution of Evolvability: Changing Environments Promote Rapid Adaptation in Digital Organisms,"['HIRGYWDY', 'QJ2I8FDW']"
8ZNWIXZE,Toward Phylogenetic Inference of Evolutionary Dynamics at Scale,"['FTMNZCJG', 'QJ2I8FDW']"
FEY3HRWE,The Evolution of Genetic Robustness for Cellular Cooperation in Early Multicellular Organisms,"['QJ2I8FDW', 'UVWPZ5R6']"
3JV773B5,The evolution of adaptive phenotypic plasticity stabilizes populations against environmental fluctuations,"['QJ2I8FDW', 'UVWPZ5R6']"
UKM9PX6K,Rank epistasis: A new model for analyzing epistatic interactions in the absence of quantifiable fitness interactions,"['QJ2I8FDW', 'W2P8L2M2']"
RBBQBUWJ,Quantifying the Tape of Life: Ancestry-based Metrics Provide Insights and Intuition about Evolutionary Dynamics,"['HSCXCPB4', 'QJ2I8FDW']"
QU38RQ5A,Potentiating Mutations Facilitate the Evolution of Associative Learning in Digital Organisms,"['FTMNZCJG', 'QJ2I8FDW']"
QDP6LE2T,Hereditary Stratigraphy: Genome Annotations to Enable Phylogenetic Inference over Distributed Populations,"['QJ2I8FDW', 'UVWPZ5R6']"
FATCRJKT,Data Standards for Artificial Life Software,"['QJ2I8FDW', 'SNR46C32']"
7NVALCR6,Phylotrack: C++ and Python libraries for in silico phylogenetic tracking,['QJ2I8FDW']
TLBAHKRT,Gene duplications drive the evolution of complex traits and regulation,"['QJ2I8FDW', 'RI88WT7S']"
Y3C38R9D,hstrat: a Python Package for phylogenetic inference on distributed digital evolution populations,['QJ2I8FDW']
FIYIIHW5,"Symbiosis in Digital Evolution: Past, Present, and Future","['Q6ST9DK2', 'QJ2I8FDW']"
ZZ64XMGJ,Digital Evolution for Ecology Research: A Review,"['Q6ST9DK2', 'QJ2I8FDW']"
YRLPYYVH,Adaptive Phenotypic Plasticity Stabilizes Evolution in Fluctuating Environments,"['Q6ST9DK2', 'QJ2I8FDW']"
RTWKKVJL,Interpreting the Tape of Life: Ancestry-Based Analyses Provide Insights and Intuition about Evolutionary Dynamics,['QJ2I8FDW']
RT32I5PK,Visualizing the tape of life: exploring evolutionary history with virtual reality,['QJ2I8FDW']
6RYJR822,Avida: A Software Platform for Research in Computational Evolutionary Biology,['QJ2I8FDW']
G4ALFVMG,On Modelling Life,['QJ2I8FDW']
3XDVGDBA,Exploring Evolved Multicellular Life Histories in a Open-Ended Digital Evolution System,['Q6ST9DK2']
LRAAR8ZV,Editorial: Digital evolution: Insights for biologists,['Q6ST9DK2']
BNYTXD9J,Ecological Opportunity and Necessity: Biotic and Abiotic Drivers Interact During Diversification of Digital Host-Parasite Communities,['Q6ST9DK2']
FIYIIHW5,"Symbiosis in Digital Evolution: Past, Present, and Future","['Q6ST9DK2', 'QJ2I8FDW']"
ZZ64XMGJ,Digital Evolution for Ecology Research: A Review,"['Q6ST9DK2', 'QJ2I8FDW']"
YRLPYYVH,Adaptive Phenotypic Plasticity Stabilizes Evolution in Fluctuating Environments,"['Q6ST9DK2', 'QJ2I8FDW']"
5QZW25ZQ,Growing Neural Cellular Automata,['UB6FXMLS']
TBTDHHFN,Adversarial Reprogramming of Neural Cellular Automata,['UB6FXMLS']
9HNI86FG,Self-Organising Textures,['UB6FXMLS']
V6V665QW,Self-classifying MNIST Digits,['UB6FXMLS']
6ZGRYNZ2,Thread: Differentiable Self-organizing Systems,['UB6FXMLS']
DMGVNLSZ,Evolutionary Implications of Self-Assembling Cybernetic Materials with Collective Problem-Solving Intelligence at Multiple Scales,['UB6FXMLS']
WK4PBMWS,Competency in Navigating Arbitrary Spaces as an Invariant for Analyzing Cognition in Diverse Embodiments,['UB6FXMLS']
8XKNAS5G,"Self-improvising Memory: a perspective on memories as agential, dynamically-reinterpreting cognitive glue",['UB6FXMLS']
JI67MR3B,Biomaker CA: a Biome Maker project using Cellular Automata,['UB6FXMLS']
DFPV2SB2,Discovering novel phenotypes with automatically inferred dynamic models: a partial melanocyte conversion in Xenopus,['UB6FXMLS']
VB4T3ZTP,Evolutionary Implications of Multi-Scale Intelligence,['UB6FXMLS']
W4CFTMN5,Stress Sharing as Cognitive Glue for Collective Intelligences: a computational model of stress as a coordinator for morphogenesis,['UB6FXMLS']
7L9YE6X3,Adversarial Takeover of Neural Cellular Automata,"['UB6FXMLS', 'UVWPZ5R6']"
Y5NCWC7Y,"How to understand cells, tissues and organisms as agents with agendas | Aeon Essays","['UB6FXMLS', 'YUE4JQEG']"
83X4NPIB,Competition for finite resources as coordination mechanism for morphogenesis: An evolutionary algorithm study of digital embryogeny,['UB6FXMLS']
WGLCIQIH,"Life, death, and self: Fundamental questions of primitive cognition viewed through the lens of body plasticity and synthetic organisms",['UB6FXMLS']
4I9RE3Z6,Competitive and Coordinative Interactions between Body Parts Produce Adaptive Developmental Outcomes,['UB6FXMLS']
ZJZTDHK3,ADC for Reading and Writing the Morphogenetic Code,['UB6FXMLS']
53LQERCL,A Theory of Reality as More Than the Sum of Its Parts,['UB6FXMLS']
X7S3DN79,Collective Intelligence of Morphogenesis as a Teleonomic Process,['UB6FXMLS']
PBQE3AHR,Collective intelligence: A unifying concept for integrating biology across scales and substrates,['UB6FXMLS']
FMVHSD86,Classical Sorting Algorithms as a Model of Morphogenesis: self-sorting arrays reveal unexpected competencies in a minimal model of basal intelligence,['UB6FXMLS']
EYMMSJVV,The Multiple Realizability of Sentience in Living Systems and Beyond,['UB6FXMLS']
9DVXCXXU,Motile Living Biobots Self-Construct from Adult Human Somatic Progenitor Seed Cells,['UB6FXMLS']
TLSS63HP,Nested Selves: Self-Organization and Shared Markov Blankets in Prenatal Development in Humans,['UB6FXMLS']
3TYAIV9G,Multi-scale Chimerism: An experimental window on the algorithms of anatomical control,['UB6FXMLS']
I4TI6NXB,Regulative development as a model for origin of life and artificial life studies,['UB6FXMLS']
7MDWPT3J,"Biology, Buddhism, and AI: Care as the Driver of Intelligence",['UB6FXMLS']
9WK8FL33,Endless forms most beautiful 2.0: teleonomy and the bioengineering of chimaeric and synthetic organisms,['UB6FXMLS']
S98NF7B8,Physarum polycephalum: Establishing an Assay for Testing Decision-making Under Shifting Somatic Boundaries,['UB6FXMLS']
A9NNE2YE,A cellular platform for the development of synthetic living machines,['UB6FXMLS']
YLY8AB84,Behaviorist approaches to investigating memory and learning: A primer for synthetic biology and bioengineering,['UB6FXMLS']
LXEGKNZK,A scalable pipeline for designing reconfigurable organisms,['UB6FXMLS']
HQPLAAJ3,Emergence of informative higher scales in biological systems: a computational toolkit for optimal prediction and control,['UB6FXMLS']
P9GBX3MQ,"Why isn’t sex optional? Stem-cell competition, loss of regenerative capacity, and cancer in metazoan evolution",['UB6FXMLS']
MVVFR3P5,"Managing Ideas, People, and Projects: Organizational Tools and Strategies for Researchers",['UB6FXMLS']
YVHXAYXI,Somatic multicellularity as a satisficing solution to the prediction-error minimization problem,['UB6FXMLS']
EP7BMCMP,Does regeneration recapitulate phylogeny? Planaria as a model of body-axis specification in ancestral eumetazoa,['UB6FXMLS']
9HP5D9HZ,Slime mould: The fundamental mechanisms of biological cognition,['UB6FXMLS']
KMTIYN3E,Form from within : scaling up self-constructing biological architectures through a novel application of synthetic morphogenesis,['UB6FXMLS']
ARPWJ6QR,Cancer as a disorder of patterning information: computational and biophysical perspectives on the cancer problem,['UB6FXMLS']
TQ2YS26M,Towards a Physarum learning chip,['UB6FXMLS']
SZFJ6X5M,Vertically- and horizontally-transmitted memories – the fading boundaries between regeneration and inheritance in planaria,['UB6FXMLS']
IZRPZZMG,The stability of memories during brain remodeling: A perspective,['UB6FXMLS']
S9DEPJG7,Technological Approach to Mind Everywhere (TAME): an experimentally-grounded framework for understanding diverse bodies and minds,"['BF6I8E6D', 'SH32XBHJ', 'UB6FXMLS']"
9DX5E2DX,Bioelectric networks: the cognitive glue enabling evolutionary scaling from physiology to mind,"['7JZ4NVNT', '98IKJ8M2', 'GMLU3VK4']"
ILCCKLLJ,INSTITUTION AND LOCATION,['98IKJ8M2']
3PKH544M,Darwin’s agential materials: evolutionary implications of multiscale competency in developmental biology,['9NIECZ9D']
9FNRY7E2,"There's Plenty of Room Right Here: Biological Systems as Evolved, Overloaded, Multi-scale Machines",['9NIECZ9D']
HQVC9AHT,Synthetic morphology with agential materials,['9NIECZ9D']
9DX5E2DX,Bioelectric networks: the cognitive glue enabling evolutionary scaling from physiology to mind,"['7JZ4NVNT', '98IKJ8M2', 'GMLU3VK4']"
T7KJ39GQ,Future medicine: from molecular pathways to the collective intelligence of the body,['GMLU3VK4']
3BV4LKKD,Bioelectrical approaches to cancer as a problem of the scaling of the cellular self,['GMLU3VK4']
97HS7ADZ,"Bioelectric signaling: Reprogrammable circuits underlying embryogenesis, regeneration, and cancer",['GMLU3VK4']
SU3PGUUN,The Computational Boundary of a “Self”: Developmental Bioelectricity Drives Multicellularity and Scale-Free Cognition,['SH32XBHJ']
S4JANE9Y,On Having No Head: Cognition throughout Biological Systems,['SH32XBHJ']
S9DEPJG7,Technological Approach to Mind Everywhere (TAME): an experimentally-grounded framework for understanding diverse bodies and minds,"['BF6I8E6D', 'SH32XBHJ', 'UB6FXMLS']"
Y5NCWC7Y,"How to understand cells, tissues and organisms as agents with agendas | Aeon Essays","['UB6FXMLS', 'YUE4JQEG']"
ZWP2RXIS,Keyword Search - Find Reviewers_Basal Cognition 2014_files.zip,['YUE4JQEG']
EQFEY3P4,Keyword Search - Find Reviewers_Basal Cognition 2019_files.zip,['YUE4JQEG']
RI8SCMXK,Keyword Search - Find Reviewers_Artificial Life 2019_files.zip,['YUE4JQEG']
7APNT7D3,Keyword Search - Find Reviewers_Artificial Life 2014_files.zip,['YUE4JQEG']
LY9THW2Q,Keyword Search - Find Reviewers_Basal Cognition 2019.htm,['YUE4JQEG']
46P5VJKC,Keyword Search - Find Reviewers_Basal Cognition 2014.htm,['YUE4JQEG']
LUF9KVRS,Keyword Search - Find Reviewers_Artificial Life 2014.htm,['YUE4JQEG']
HBPJ6KH6,Keyword Search - Find Reviewers_Artificial Life 2019.htm,['YUE4JQEG']
NKMSFBD4,"Life Evolves. Can Attempts to Create 'Artificial Life' Evolve, Too? | Scientific American",['YUE4JQEG']
EYX5T938,A Theory of Reality as More Than the Sum of Its Parts | Quanta Magazine,['YUE4JQEG']
8PLY758C,How evolution ‘hacked’ its way to intelligence from the bottom up | Aeon Essays,['YUE4JQEG']
4QT6NDGC,The study of the mind needs a Copernican shift in perspective | Aeon Essays,['YUE4JQEG']
JAQD3RZX,How Groups of Cells Cooperate to Build Organs and Organisms | The Scientist Magazine®,['YUE4JQEG']
KJSDNU2L,Opinion: Interdisciplinary Approach Needed to Crack Morphogenesis | The Scientist Magazine®,['YUE4JQEG']
A73X9MGU,Discovery of a body-wide photosensory array that matures in an adult-like animal and mediates eye–brain-independent movement and arousal,['QWDK8XVC']
GCPRHWQM,Formation and Spontaneous Long-Term Repatterning of Headless Planarian Flatworms,['QWDK8XVC']
BAVSBP9H,Inferring Regulatory Networks from Experimental Morphological Phenotypes: A Computational Method Reverse-Engineers Planarian Regeneration,['QWDK8XVC']
YDACR7PN,Transplantation of fragments from different planaria: A bioelectrical model for head regeneration,['QWDK8XVC']
AFCUGIRJ,Long Range Communication via Gap Junctions and Stress in Planarian Morphogenesis: A Computational Study,['QWDK8XVC']
V7TGZPTC,Are Planaria Individuals? What Regenerative Biology is Telling Us About the Nature of Multicellularity,['QWDK8XVC']
Q84WCIX9,Planarian regeneration as a model of anatomical homeostasis: Recent progress in biophysical and computational approaches,['QWDK8XVC']
YZRWVFUV,Stem cell systems and regeneration in planaria,['QWDK8XVC']
TVW8YAIN,Modeling Planarian Regeneration: A Primer for Reverse-Engineering the Worm,['QWDK8XVC']
DKHHJ9G6,Regeneration and pattern formation in planarians: III. Evidence that neoblasts are totipotent stem cells and the source of blastema cells,['QWDK8XVC']
PUXKZCKK,Neuromodulatory control of complex adaptive dynamics in the brain,['Q4VV9D8E']
8RRMDHIW,Making and breaking symmetries in mind and life,['Q4VV9D8E']
FEE9VEY3,On Bayesian mechanics: a physics of and by beliefs,['Q4VV9D8E']
KKY8FBXD,"The scaling of goals from cellular to anatomical homeostasis: an evolutionary simulation, experiment and analysis",['Q4VV9D8E']
J3F6KWDH,"As without, so within: how the brain's temporo-spatial alignment to the environment shapes consciousness",['Q4VV9D8E']
SUKG5EHV,"Emergence of common concepts, symmetries and conformity in agent groups—an information-theoretic model",['Q4VV9D8E']
ZJMLJBNX,"Symmetry–simplicity, broken symmetry–complexity",['Q4VV9D8E']
5YQRQ5FK,Free energy and inference in living systems,['Q4VV9D8E']
P372L2WP,Mixed anhydrides at the intersection between peptide and RNA autocatalytic sets: evolution of biological coding,['Q4VV9D8E']
DNQ7JJTP,"Interface Focus: Vol 13, No 3",['Q4VV9D8E']
CK47SXZD,A third transition in science?,['Q4VV9D8E']
9U5EFKYS,Reflections on the asymmetry of causation,['Q4VV9D8E']
WGKVAVEP,The lack of temporal brain dynamics asymmetry as a signature of impaired consciousness states,['Q4VV9D8E']
7DSBAKET,Symmetry and complexity in object-centric deep active inference models,['Q4VV9D8E']
6LPUP893,Chiral conformity emerges from the least-time free energy consumption,['Q4VV9D8E']
QHHWCTYB,Embodied cognitive morphogenesis as a route to intelligent systems,['Q4VV9D8E']
7DRGEBYQ,Cephalopod Behavior: From Neural Plasticity to Consciousness,['BF6I8E6D']
GIE3IJ9T,Where Is It Like to Be an Octopus?,['BF6I8E6D']
A69GE422,Balancing Prediction and Surprise: A Role for Active Sleep at the Dawn of Consciousness?,['BF6I8E6D']
SNQHC6CV,Consciousness in Jawless Fishes,['BF6I8E6D']
S9DEPJG7,Technological Approach to Mind Everywhere (TAME): an experimentally-grounded framework for understanding diverse bodies and minds,"['BF6I8E6D', 'SH32XBHJ', 'UB6FXMLS']"
S5BNVJ5L,Surprisingly Turing-Complete,['GUI6PF3I']
QP5JXX96,The seductive allure of cargo cult computationalism,['GUI6PF3I']
CM4ZMT4D,The Emperor's New Markov Blankets,"['GUI6PF3I', 'IZNW4QD2']"
49H2GY2C,Markov blankets do not demarcate the boundaries of the mind,['GUI6PF3I']
3SXKDNJY,Markov blankets: Realism and our ontological commitments,['GUI6PF3I']
8QEYLA7Q,Markov blankets and the preformationist assumption,['GUI6PF3I']
FKT5JT2U,Markov blankets as boundary conditions: Sweeping dirt under the rug still cleans the house,['GUI6PF3I']
9P974LQ7,The empire strikes back: Some responses to Bruineberg and colleagues,['GUI6PF3I']
AUA5ZSRD,The Emperor Is Naked: Replies to commentaries on the target article,['GUI6PF3I']
9LZ87RFM,"Maps and territories, smoke, and mirrors",['GUI6PF3I']
RRS7QX7A,A Free Energy Principle for Biological Systems,['GUI6PF3I']
B7QX9QTH,First person plural : multiple personality and the philosophy of mind,['GUI6PF3I']
CTWHA8K5,Limb-specific autonomic dysfunction in complex regional pain syndrome modulated by wearing prism glasses,"['9QT49SDN', 'GUI6PF3I']"
S7PZIL9X,Personality changes following heart transplantation: The role of cellular memory,['GUI6PF3I']
H97FC9F9,"Immediate gestalt: shapes, typography and (quite irregular) shape packing",['GUI6PF3I']
JCFH3IDE,Biological Holism: A New Paradigm? — LessWrong,['GUI6PF3I']
XZMUGTIW,The Prolonged Terminal Phase of Human Life Induces Survival Response in the Skin Transcriptome,['GUI6PF3I']
ZBXABH9H,When the map is better than the territory,['GUI6PF3I']
GNPILCBX,"If materialism is true, the United States is probably conscious",['GUI6PF3I']
6NNSRC4W,The development of animal cap cells in Xenopus: a measure of the start of animal cap competence to form mesoderm,['GUI6PF3I']
